Используются параметры запуска из backend\GpssStudio.WebApi\Properties\launchSettings.json...
Сборка…
dbug: Microsoft.Extensions.Hosting.Internal.Host[1]
      Hosting starting
info: Microsoft.Hosting.Lifetime[14]
      Now listening on: http://127.0.0.1:3001
info: Microsoft.Hosting.Lifetime[0]
      Application started. Press Ctrl+C to shut down.
info: Microsoft.Hosting.Lifetime[0]
      Hosting environment: Development
info: Microsoft.Hosting.Lifetime[0]
      Content root path: C:\Users\timur\OneDrive\Документы\GitHub\gpss\backend\GpssStudio.WebApi
dbug: Microsoft.Extensions.Hosting.Internal.Host[2]
      Hosting started
info: Microsoft.AspNetCore.Hosting.Diagnostics[1]
      Request starting HTTP/1.1 GET http://127.0.0.1:3001/api/health - - -
info: Microsoft.AspNetCore.Routing.EndpointMiddleware[0]
      Executing endpoint 'HTTP: GET /api/health'
info: Microsoft.AspNetCore.Http.Result.OkObjectResult[1]
      Setting HTTP status code 200.
info: Microsoft.AspNetCore.Http.Result.OkObjectResult[3]
      Writing value of type '<>f__AnonymousType3`1' as Json.
info: Microsoft.AspNetCore.Routing.EndpointMiddleware[1]
      Executed endpoint 'HTTP: GET /api/health'
info: Microsoft.AspNetCore.Hosting.Diagnostics[2]
      Request finished HTTP/1.1 GET http://127.0.0.1:3001/api/health - 200 - application/json;+charset=utf-8 21.0447ms
info: Microsoft.AspNetCore.Hosting.Diagnostics[1]
      Request starting HTTP/1.1 GET http://127.0.0.1:3001/api/alina-gpss/studio/tebs/libraries/0/classes/3ef71b95-07f7-41c6-b532-03d83d8a3973 - - -
info: Microsoft.AspNetCore.Routing.EndpointMiddleware[0]
      Executing endpoint 'GpssStudio.WebApi.Controllers.TebManagementController.GetClass (GpssStudio.WebApi)'
info: Microsoft.AspNetCore.Mvc.Infrastructure.ControllerActionInvoker[102]
      Route matched with {action = "GetClass", controller = "TebManagement"}. Executing controller action with signature System.Threading.Tasks.Task`1[Microsoft.AspNetCore.Mvc.IActionResult] GetClass(System.String, System.Guid, System.Threading.CancellationToken) on controller GpssStudio.WebApi.Controllers.TebManagementController (GpssStudio.WebApi).
dbug: Microsoft.EntityFrameworkCore.Infrastructure[10401]
      An 'IServiceProvider' was created for internal use by Entity Framework.
dbug: Microsoft.EntityFrameworkCore.Model[10601]
      The index {'InstanceId'} was not created on entity type 'TebInstanceParameterValueEntity' as the properties are already covered by the index {'InstanceId', 'ParameterId'}.
dbug: Microsoft.EntityFrameworkCore.Infrastructure[10403]
      Entity Framework Core 8.0.8 initialized 'GpssStudioDbContext' using provider 'Npgsql.EntityFrameworkCore.PostgreSQL:8.0.8+55dd99eca42e9c6d6085961c60a0704373919a54' with options: None
dbug: Microsoft.EntityFrameworkCore.Query[10111]
      Compiling query expression: 
      'DbSet<TebClassEntity>()
          .AsNoTracking()
          .SingleOrDefault(item => item.LibraryId == __libraryId_0 && item.Id == __classId_1)'
dbug: Microsoft.EntityFrameworkCore.Query[10107]
      Generated query execution expression: 
      'queryContext => ShapedQueryCompilingExpressionVisitor.SingleOrDefaultAsync<TebClassEntity>(
          asyncEnumerable: new SingleQueryingEnumerable<TebClassEntity>(
              (RelationalQueryContext)queryContext, 
              RelationalCommandCache.QueryExpression(
                  Projection Mapping:
                      EmptyProjectionMember -> Dictionary<IProperty, int> { [Property: TebClassEntity.Id (Guid) Required PK AfterSave:Throw ValueGenerated.OnAdd, 0], [Property: TebClassEntity.ClassType (string) Required, 1], [Property: TebClassEntity.Description (string) Required, 2], [Property: TebClassEntity.GpssModelMetadata (string) Required, 3], [Property: TebClassEntity.GpssModelText (string) Required, 4], [Property: TebClassEntity.Header (string) Required, 5], [Property: TebClassEntity.ImageName (string) Required, 6], [Property: TebClassEntity.ImageUrl (string), 7], [Property: TebClassEntity.LibraryId (string) Required, 8], [Property: TebClassEntity.NameInModel (string) Required, 9] }
                  SELECT TOP(2) t.Id, t.class_type, t.description, t.gpss_model_metadata, t.gpss_model_text, t.header, t.image_name, t.image_url, t.library_id, t.name_in_model
                  FROM teb_classes AS t
                  WHERE (t.library_id == @__libraryId_0) && (t.Id == @__classId_1)), 
              null, 
              Func<QueryContext, DbDataReader, ResultContext, SingleQueryResultCoordinator, TebClassEntity>, 
              GpssStudio.WebApi.Infrastructure.Persistence.GpssStudioDbContext, 
              False, 
              False, 
              True
          ), 
          cancellationToken: queryContext.CancellationToken)'
dbug: Microsoft.EntityFrameworkCore.Database.Connection[20005]
      Creating DbConnection.
dbug: Microsoft.EntityFrameworkCore.Database.Connection[20006]
      Created DbConnection. (8ms).
dbug: Microsoft.EntityFrameworkCore.Database.Connection[20000]
      Opening connection to database 'gpss' on server 'tcp://localhost:5432'.
fail: Microsoft.EntityFrameworkCore.Database.Connection[20004]
      An error occurred using the connection to database 'gpss' on server 'tcp://localhost:5432'.
fail: Microsoft.EntityFrameworkCore.Query[10100]
      An exception occurred while iterating over the results of a query for context type 'GpssStudio.WebApi.Infrastructure.Persistence.GpssStudioDbContext'.
      System.InvalidOperationException: An exception has been raised that is likely due to a transient failure.
       ---> Npgsql.NpgsqlException (0x80004005): Failed to connect to 127.0.0.1:5432
       ---> System.Net.Sockets.SocketException (10061): Подключение не установлено, т.к. конечный компьютер отверг запрос на подключение.
         at System.Net.Sockets.Socket.AwaitableSocketAsyncEventArgs.ThrowException(SocketError error, CancellationToken cancellationToken)
         at System.Net.Sockets.Socket.AwaitableSocketAsyncEventArgs.System.Threading.Tasks.Sources.IValueTaskSource.GetResult(Int16 token)
         at System.Net.Sockets.Socket.<ConnectAsync>g__WaitForConnectWithCancellation|285_0(AwaitableSocketAsyncEventArgs saea, ValueTask connectTask, CancellationToken cancellationToken)
         at Npgsql.TaskTimeoutAndCancellation.ExecuteAsync(Func`2 getTaskFunc, NpgsqlTimeout timeout, CancellationToken cancellationToken)
         at Npgsql.Internal.NpgsqlConnector.ConnectAsync(NpgsqlTimeout timeout, CancellationToken cancellationToken)
         at Npgsql.Internal.NpgsqlConnector.ConnectAsync(NpgsqlTimeout timeout, CancellationToken cancellationToken)
         at Npgsql.Internal.NpgsqlConnector.RawOpen(SslMode sslMode, NpgsqlTimeout timeout, Boolean async, CancellationToken cancellationToken, Boolean isFirstAttempt)
         at Npgsql.Internal.NpgsqlConnector.<Open>g__OpenCore|213_1(NpgsqlConnector conn, SslMode sslMode, NpgsqlTimeout timeout, Boolean async, CancellationToken cancellationToken, Boolean isFirstAttempt)
         at Npgsql.Internal.NpgsqlConnector.Open(NpgsqlTimeout timeout, Boolean async, CancellationToken cancellationToken)
         at Npgsql.PoolingDataSource.OpenNewConnector(NpgsqlConnection conn, NpgsqlTimeout timeout, Boolean async, CancellationToken cancellationToken)
         at Npgsql.PoolingDataSource.<Get>g__RentAsync|33_0(NpgsqlConnection conn, NpgsqlTimeout timeout, Boolean async, CancellationToken cancellationToken)
         at Npgsql.NpgsqlConnection.<Open>g__OpenAsync|42_0(Boolean async, CancellationToken cancellationToken)
         at Microsoft.EntityFrameworkCore.Storage.RelationalConnection.OpenInternalAsync(Boolean errorsExpected, CancellationToken cancellationToken)
         at Microsoft.EntityFrameworkCore.Storage.RelationalConnection.OpenInternalAsync(Boolean errorsExpected, CancellationToken cancellationToken)
         at Microsoft.EntityFrameworkCore.Storage.RelationalConnection.OpenAsync(CancellationToken cancellationToken, Boolean errorsExpected)
         at Microsoft.EntityFrameworkCore.Storage.RelationalCommand.ExecuteReaderAsync(RelationalCommandParameterObject parameterObject, CancellationToken cancellationToken)
         at Microsoft.EntityFrameworkCore.Query.Internal.SingleQueryingEnumerable`1.AsyncEnumerator.InitializeReaderAsync(AsyncEnumerator enumerator, CancellationToken cancellationToken)
         at Npgsql.EntityFrameworkCore.PostgreSQL.Storage.Internal.NpgsqlExecutionStrategy.ExecuteAsync[TState,TResult](TState state, Func`4 operation, Func`4 verifySucceeded, CancellationToken cancellationToken)
         --- End of inner exception stack trace ---
         at Npgsql.EntityFrameworkCore.PostgreSQL.Storage.Internal.NpgsqlExecutionStrategy.ExecuteAsync[TState,TResult](TState state, Func`4 operation, Func`4 verifySucceeded, CancellationToken cancellationToken)
         at Microsoft.EntityFrameworkCore.Query.Internal.SingleQueryingEnumerable`1.AsyncEnumerator.MoveNextAsync()
      System.InvalidOperationException: An exception has been raised that is likely due to a transient failure.
       ---> Npgsql.NpgsqlException (0x80004005): Failed to connect to 127.0.0.1:5432
       ---> System.Net.Sockets.SocketException (10061): Подключение не установлено, т.к. конечный компьютер отверг запрос на подключение.
         at System.Net.Sockets.Socket.AwaitableSocketAsyncEventArgs.ThrowException(SocketError error, CancellationToken cancellationToken)
         at System.Net.Sockets.Socket.AwaitableSocketAsyncEventArgs.System.Threading.Tasks.Sources.IValueTaskSource.GetResult(Int16 token)
         at System.Net.Sockets.Socket.<ConnectAsync>g__WaitForConnectWithCancellation|285_0(AwaitableSocketAsyncEventArgs saea, ValueTask connectTask, CancellationToken cancellationToken)
         at Npgsql.TaskTimeoutAndCancellation.ExecuteAsync(Func`2 getTaskFunc, NpgsqlTimeout timeout, CancellationToken cancellationToken)
         at Npgsql.Internal.NpgsqlConnector.ConnectAsync(NpgsqlTimeout timeout, CancellationToken cancellationToken)
         at Npgsql.Internal.NpgsqlConnector.ConnectAsync(NpgsqlTimeout timeout, CancellationToken cancellationToken)
         at Npgsql.Internal.NpgsqlConnector.RawOpen(SslMode sslMode, NpgsqlTimeout timeout, Boolean async, CancellationToken cancellationToken, Boolean isFirstAttempt)
         at Npgsql.Internal.NpgsqlConnector.<Open>g__OpenCore|213_1(NpgsqlConnector conn, SslMode sslMode, NpgsqlTimeout timeout, Boolean async, CancellationToken cancellationToken, Boolean isFirstAttempt)
         at Npgsql.Internal.NpgsqlConnector.Open(NpgsqlTimeout timeout, Boolean async, CancellationToken cancellationToken)
         at Npgsql.PoolingDataSource.OpenNewConnector(NpgsqlConnection conn, NpgsqlTimeout timeout, Boolean async, CancellationToken cancellationToken)
         at Npgsql.PoolingDataSource.<Get>g__RentAsync|33_0(NpgsqlConnection conn, NpgsqlTimeout timeout, Boolean async, CancellationToken cancellationToken)
         at Npgsql.NpgsqlConnection.<Open>g__OpenAsync|42_0(Boolean async, CancellationToken cancellationToken)
         at Microsoft.EntityFrameworkCore.Storage.RelationalConnection.OpenInternalAsync(Boolean errorsExpected, CancellationToken cancellationToken)
         at Microsoft.EntityFrameworkCore.Storage.RelationalConnection.OpenInternalAsync(Boolean errorsExpected, CancellationToken cancellationToken)
         at Microsoft.EntityFrameworkCore.Storage.RelationalConnection.OpenAsync(CancellationToken cancellationToken, Boolean errorsExpected)
         at Microsoft.EntityFrameworkCore.Storage.RelationalCommand.ExecuteReaderAsync(RelationalCommandParameterObject parameterObject, CancellationToken cancellationToken)
         at Microsoft.EntityFrameworkCore.Query.Internal.SingleQueryingEnumerable`1.AsyncEnumerator.InitializeReaderAsync(AsyncEnumerator enumerator, CancellationToken cancellationToken)
         at Npgsql.EntityFrameworkCore.PostgreSQL.Storage.Internal.NpgsqlExecutionStrategy.ExecuteAsync[TState,TResult](TState state, Func`4 operation, Func`4 verifySucceeded, CancellationToken cancellationToken)
         --- End of inner exception stack trace ---
         at Npgsql.EntityFrameworkCore.PostgreSQL.Storage.Internal.NpgsqlExecutionStrategy.ExecuteAsync[TState,TResult](TState state, Func`4 operation, Func`4 verifySucceeded, CancellationToken cancellationToken)
         at Microsoft.EntityFrameworkCore.Query.Internal.SingleQueryingEnumerable`1.AsyncEnumerator.MoveNextAsync()
info: Microsoft.AspNetCore.Mvc.Infrastructure.ControllerActionInvoker[105]
      Executed action GpssStudio.WebApi.Controllers.TebManagementController.GetClass (GpssStudio.WebApi) in 2716.0853ms
info: Microsoft.AspNetCore.Routing.EndpointMiddleware[1]
      Executed endpoint 'GpssStudio.WebApi.Controllers.TebManagementController.GetClass (GpssStudio.WebApi)'
fail: Microsoft.AspNetCore.Diagnostics.DeveloperExceptionPageMiddleware[1]
      An unhandled exception has occurred while executing the request.
      System.InvalidOperationException: An exception has been raised that is likely due to a transient failure.
       ---> Npgsql.NpgsqlException (0x80004005): Failed to connect to 127.0.0.1:5432
       ---> System.Net.Sockets.SocketException (10061): Подключение не установлено, т.к. конечный компьютер отверг запрос на подключение.
         at System.Net.Sockets.Socket.AwaitableSocketAsyncEventArgs.ThrowException(SocketError error, CancellationToken cancellationToken)
         at System.Net.Sockets.Socket.AwaitableSocketAsyncEventArgs.System.Threading.Tasks.Sources.IValueTaskSource.GetResult(Int16 token)
         at System.Net.Sockets.Socket.<ConnectAsync>g__WaitForConnectWithCancellation|285_0(AwaitableSocketAsyncEventArgs saea, ValueTask connectTask, CancellationToken cancellationToken)
         at Npgsql.TaskTimeoutAndCancellation.ExecuteAsync(Func`2 getTaskFunc, NpgsqlTimeout timeout, CancellationToken cancellationToken)
         at Npgsql.Internal.NpgsqlConnector.ConnectAsync(NpgsqlTimeout timeout, CancellationToken cancellationToken)
         at Npgsql.Internal.NpgsqlConnector.ConnectAsync(NpgsqlTimeout timeout, CancellationToken cancellationToken)
         at Npgsql.Internal.NpgsqlConnector.RawOpen(SslMode sslMode, NpgsqlTimeout timeout, Boolean async, CancellationToken cancellationToken, Boolean isFirstAttempt)
         at Npgsql.Internal.NpgsqlConnector.<Open>g__OpenCore|213_1(NpgsqlConnector conn, SslMode sslMode, NpgsqlTimeout timeout, Boolean async, CancellationToken cancellationToken, Boolean isFirstAttempt)
         at Npgsql.Internal.NpgsqlConnector.Open(NpgsqlTimeout timeout, Boolean async, CancellationToken cancellationToken)
         at Npgsql.PoolingDataSource.OpenNewConnector(NpgsqlConnection conn, NpgsqlTimeout timeout, Boolean async, CancellationToken cancellationToken)
         at Npgsql.PoolingDataSource.<Get>g__RentAsync|33_0(NpgsqlConnection conn, NpgsqlTimeout timeout, Boolean async, CancellationToken cancellationToken)
         at Npgsql.NpgsqlConnection.<Open>g__OpenAsync|42_0(Boolean async, CancellationToken cancellationToken)
         at Microsoft.EntityFrameworkCore.Storage.RelationalConnection.OpenInternalAsync(Boolean errorsExpected, CancellationToken cancellationToken)
         at Microsoft.EntityFrameworkCore.Storage.RelationalConnection.OpenInternalAsync(Boolean errorsExpected, CancellationToken cancellationToken)
         at Microsoft.EntityFrameworkCore.Storage.RelationalConnection.OpenAsync(CancellationToken cancellationToken, Boolean errorsExpected)
         at Microsoft.EntityFrameworkCore.Storage.RelationalCommand.ExecuteReaderAsync(RelationalCommandParameterObject parameterObject, CancellationToken cancellationToken)
         at Microsoft.EntityFrameworkCore.Query.Internal.SingleQueryingEnumerable`1.AsyncEnumerator.InitializeReaderAsync(AsyncEnumerator enumerator, CancellationToken cancellationToken)
         at Npgsql.EntityFrameworkCore.PostgreSQL.Storage.Internal.NpgsqlExecutionStrategy.ExecuteAsync[TState,TResult](TState state, Func`4 operation, Func`4 verifySucceeded, CancellationToken cancellationToken)
         --- End of inner exception stack trace ---
         at Npgsql.EntityFrameworkCore.PostgreSQL.Storage.Internal.NpgsqlExecutionStrategy.ExecuteAsync[TState,TResult](TState state, Func`4 operation, Func`4 verifySucceeded, CancellationToken cancellationToken)
         at Microsoft.EntityFrameworkCore.Query.Internal.SingleQueryingEnumerable`1.AsyncEnumerator.MoveNextAsync()
         at Microsoft.EntityFrameworkCore.Query.ShapedQueryCompilingExpressionVisitor.SingleOrDefaultAsync[TSource](IAsyncEnumerable`1 asyncEnumerable, CancellationToken cancellationToken)
         at Microsoft.EntityFrameworkCore.Query.ShapedQueryCompilingExpressionVisitor.SingleOrDefaultAsync[TSource](IAsyncEnumerable`1 asyncEnumerable, CancellationToken cancellationToken)
         at GpssStudio.WebApi.Infrastructure.Persistence.Repositories.TebRepository.BuildAggregateAsync(String libraryId, Guid classId, CancellationToken cancellationToken) in C:\Users\timur\OneDrive\Документы\GitHub\gpss\backend\GpssStudio.WebApi\Infrastructure\Persistence\Repositories\TebRepository.cs:line 345
         at GpssStudio.WebApi.Infrastructure.Persistence.Repositories.TebRepository.GetClassAsync(String libraryId, Guid classId, CancellationToken cancellationToken) in C:\Users\timur\OneDrive\Документы\GitHub\gpss\backend\GpssStudio.WebApi\Infrastructure\Persistence\Repositories\TebRepository.cs:line 28
         at GpssStudio.WebApi.Application.Tebs.Services.TebService.GetClassAsync(String libraryId, Guid classId, CancellationToken cancellationToken) in C:\Users\timur\OneDrive\Документы\GitHub\gpss\backend\GpssStudio.WebApi\Application\Tebs\Services\TebService.cs:line 22
         at GpssStudio.WebApi.Controllers.TebManagementController.GetClass(String libraryId, Guid classId, CancellationToken cancellationToken) in C:\Users\timur\OneDrive\Документы\GitHub\gpss\backend\GpssStudio.WebApi\Controllers\TebManagementController.cs:line 27
         at Microsoft.AspNetCore.Mvc.Infrastructure.ActionMethodExecutor.TaskOfIActionResultExecutor.Execute(ActionContext actionContext, IActionResultTypeMapper mapper, ObjectMethodExecutor executor, Object controller, Object[] arguments)
         at Microsoft.AspNetCore.Mvc.Infrastructure.ControllerActionInvoker.<InvokeActionMethodAsync>g__Awaited|12_0(ControllerActionInvoker invoker, ValueTask`1 actionResultValueTask)
         at Microsoft.AspNetCore.Mvc.Infrastructure.ControllerActionInvoker.<InvokeNextActionFilterAsync>g__Awaited|10_0(ControllerActionInvoker invoker, Task lastTask, State next, Scope scope, Object state, Boolean isCompleted)
         at Microsoft.AspNetCore.Mvc.Infrastructure.ControllerActionInvoker.Rethrow(ActionExecutedContextSealed context)
         at Microsoft.AspNetCore.Mvc.Infrastructure.ControllerActionInvoker.Next(State& next, Scope& scope, Object& state, Boolean& isCompleted)
         at Microsoft.AspNetCore.Mvc.Infrastructure.ControllerActionInvoker.<InvokeInnerFilterAsync>g__Awaited|13_0(ControllerActionInvoker invoker, Task lastTask, State next, Scope scope, Object state, Boolean isCompleted)
         at Microsoft.AspNetCore.Mvc.Infrastructure.ResourceInvoker.<InvokeFilterPipelineAsync>g__Awaited|20_0(ResourceInvoker invoker, Task lastTask, State next, Scope scope, Object state, Boolean isCompleted)
         at Microsoft.AspNetCore.Mvc.Infrastructure.ResourceInvoker.<InvokeAsync>g__Logged|17_1(ResourceInvoker invoker)
         at Microsoft.AspNetCore.Mvc.Infrastructure.ResourceInvoker.<InvokeAsync>g__Logged|17_1(ResourceInvoker invoker)
         at Microsoft.AspNetCore.Routing.EndpointMiddleware.<Invoke>g__AwaitRequestTask|7_0(Endpoint endpoint, Task requestTask, ILogger logger)
         at Microsoft.AspNetCore.Authorization.AuthorizationMiddleware.Invoke(HttpContext context)
         at Swashbuckle.AspNetCore.SwaggerUI.SwaggerUIMiddleware.Invoke(HttpContext httpContext)
         at Swashbuckle.AspNetCore.Swagger.SwaggerMiddleware.Invoke(HttpContext httpContext, ISwaggerProvider swaggerProvider)
         at Microsoft.AspNetCore.Authentication.AuthenticationMiddleware.Invoke(HttpContext context)
         at Microsoft.AspNetCore.Diagnostics.DeveloperExceptionPageMiddlewareImpl.Invoke(HttpContext context)
dbug: Microsoft.EntityFrameworkCore.Infrastructure[10407]
      'GpssStudioDbContext' disposed.
dbug: Microsoft.EntityFrameworkCore.Database.Connection[20007]
      Disposing connection to database 'gpss' on server 'tcp://localhost:5432'.
info: Microsoft.AspNetCore.Hosting.Diagnostics[1]
      Request starting HTTP/1.1 GET http://127.0.0.1:3001/api/alina-gpss/studio/tebs/libraries/0/classes/3ef71b95-07f7-41c6-b532-03d83d8a3973 - - -
info: Microsoft.AspNetCore.Routing.EndpointMiddleware[0]
      Executing endpoint 'GpssStudio.WebApi.Controllers.TebManagementController.GetClass (GpssStudio.WebApi)'
dbug: Microsoft.EntityFrameworkCore.Database.Connection[20008]
      Disposed connection to database 'gpss' on server 'tcp://localhost:5432' (0ms).
info: Microsoft.AspNetCore.Mvc.Infrastructure.ControllerActionInvoker[102]
      Route matched with {action = "GetClass", controller = "TebManagement"}. Executing controller action with signature System.Threading.Tasks.Task`1[Microsoft.AspNetCore.Mvc.IActionResult] GetClass(System.String, System.Guid, System.Threading.CancellationToken) on controller GpssStudio.WebApi.Controllers.TebManagementController (GpssStudio.WebApi).
info: Microsoft.AspNetCore.Hosting.Diagnostics[2]
      Request finished HTTP/1.1 GET http://127.0.0.1:3001/api/alina-gpss/studio/tebs/libraries/0/classes/3ef71b95-07f7-41c6-b532-03d83d8a3973 - 500 - text/plain;+charset=utf-8 2741.8387ms
dbug: Microsoft.EntityFrameworkCore.Infrastructure[10403]
      Entity Framework Core 8.0.8 initialized 'GpssStudioDbContext' using provider 'Npgsql.EntityFrameworkCore.PostgreSQL:8.0.8+55dd99eca42e9c6d6085961c60a0704373919a54' with options: None
dbug: Microsoft.EntityFrameworkCore.Database.Connection[20005]
      Creating DbConnection.
dbug: Microsoft.EntityFrameworkCore.Database.Connection[20006]
      Created DbConnection. (0ms).
dbug: Microsoft.EntityFrameworkCore.Database.Connection[20000]
      Opening connection to database 'gpss' on server 'tcp://localhost:5432'.
fail: Microsoft.EntityFrameworkCore.Database.Connection[20004]
      An error occurred using the connection to database 'gpss' on server 'tcp://localhost:5432'.
fail: Microsoft.EntityFrameworkCore.Query[10100]
      An exception occurred while iterating over the results of a query for context type 'GpssStudio.WebApi.Infrastructure.Persistence.GpssStudioDbContext'.
      System.InvalidOperationException: An exception has been raised that is likely due to a transient failure.
       ---> Npgsql.NpgsqlException (0x80004005): Failed to connect to 127.0.0.1:5432
       ---> System.Net.Sockets.SocketException (10061): Подключение не установлено, т.к. конечный компьютер отверг запрос на подключение.
         at System.Net.Sockets.Socket.AwaitableSocketAsyncEventArgs.ThrowException(SocketError error, CancellationToken cancellationToken)
         at System.Net.Sockets.Socket.AwaitableSocketAsyncEventArgs.System.Threading.Tasks.Sources.IValueTaskSource.GetResult(Int16 token)
         at System.Net.Sockets.Socket.<ConnectAsync>g__WaitForConnectWithCancellation|285_0(AwaitableSocketAsyncEventArgs saea, ValueTask connectTask, CancellationToken cancellationToken)
         at Npgsql.TaskTimeoutAndCancellation.ExecuteAsync(Func`2 getTaskFunc, NpgsqlTimeout timeout, CancellationToken cancellationToken)
         at Npgsql.Internal.NpgsqlConnector.ConnectAsync(NpgsqlTimeout timeout, CancellationToken cancellationToken)
         at Npgsql.Internal.NpgsqlConnector.ConnectAsync(NpgsqlTimeout timeout, CancellationToken cancellationToken)
         at Npgsql.Internal.NpgsqlConnector.RawOpen(SslMode sslMode, NpgsqlTimeout timeout, Boolean async, CancellationToken cancellationToken, Boolean isFirstAttempt)
         at Npgsql.Internal.NpgsqlConnector.<Open>g__OpenCore|213_1(NpgsqlConnector conn, SslMode sslMode, NpgsqlTimeout timeout, Boolean async, CancellationToken cancellationToken, Boolean isFirstAttempt)
         at Npgsql.Internal.NpgsqlConnector.Open(NpgsqlTimeout timeout, Boolean async, CancellationToken cancellationToken)
         at Npgsql.PoolingDataSource.OpenNewConnector(NpgsqlConnection conn, NpgsqlTimeout timeout, Boolean async, CancellationToken cancellationToken)
         at Npgsql.PoolingDataSource.<Get>g__RentAsync|33_0(NpgsqlConnection conn, NpgsqlTimeout timeout, Boolean async, CancellationToken cancellationToken)
         at Npgsql.NpgsqlConnection.<Open>g__OpenAsync|42_0(Boolean async, CancellationToken cancellationToken)
         at Microsoft.EntityFrameworkCore.Storage.RelationalConnection.OpenInternalAsync(Boolean errorsExpected, CancellationToken cancellationToken)
         at Microsoft.EntityFrameworkCore.Storage.RelationalConnection.OpenInternalAsync(Boolean errorsExpected, CancellationToken cancellationToken)
         at Microsoft.EntityFrameworkCore.Storage.RelationalConnection.OpenAsync(CancellationToken cancellationToken, Boolean errorsExpected)
         at Microsoft.EntityFrameworkCore.Storage.RelationalCommand.ExecuteReaderAsync(RelationalCommandParameterObject parameterObject, CancellationToken cancellationToken)
         at Microsoft.EntityFrameworkCore.Query.Internal.SingleQueryingEnumerable`1.AsyncEnumerator.InitializeReaderAsync(AsyncEnumerator enumerator, CancellationToken cancellationToken)
         at Npgsql.EntityFrameworkCore.PostgreSQL.Storage.Internal.NpgsqlExecutionStrategy.ExecuteAsync[TState,TResult](TState state, Func`4 operation, Func`4 verifySucceeded, CancellationToken cancellationToken)
         --- End of inner exception stack trace ---
         at Npgsql.EntityFrameworkCore.PostgreSQL.Storage.Internal.NpgsqlExecutionStrategy.ExecuteAsync[TState,TResult](TState state, Func`4 operation, Func`4 verifySucceeded, CancellationToken cancellationToken)
         at Microsoft.EntityFrameworkCore.Query.Internal.SingleQueryingEnumerable`1.AsyncEnumerator.MoveNextAsync()
      System.InvalidOperationException: An exception has been raised that is likely due to a transient failure.
       ---> Npgsql.NpgsqlException (0x80004005): Failed to connect to 127.0.0.1:5432
       ---> System.Net.Sockets.SocketException (10061): Подключение не установлено, т.к. конечный компьютер отверг запрос на подключение.
         at System.Net.Sockets.Socket.AwaitableSocketAsyncEventArgs.ThrowException(SocketError error, CancellationToken cancellationToken)
         at System.Net.Sockets.Socket.AwaitableSocketAsyncEventArgs.System.Threading.Tasks.Sources.IValueTaskSource.GetResult(Int16 token)
         at System.Net.Sockets.Socket.<ConnectAsync>g__WaitForConnectWithCancellation|285_0(AwaitableSocketAsyncEventArgs saea, ValueTask connectTask, CancellationToken cancellationToken)
         at Npgsql.TaskTimeoutAndCancellation.ExecuteAsync(Func`2 getTaskFunc, NpgsqlTimeout timeout, CancellationToken cancellationToken)
         at Npgsql.Internal.NpgsqlConnector.ConnectAsync(NpgsqlTimeout timeout, CancellationToken cancellationToken)
         at Npgsql.Internal.NpgsqlConnector.ConnectAsync(NpgsqlTimeout timeout, CancellationToken cancellationToken)
         at Npgsql.Internal.NpgsqlConnector.RawOpen(SslMode sslMode, NpgsqlTimeout timeout, Boolean async, CancellationToken cancellationToken, Boolean isFirstAttempt)
         at Npgsql.Internal.NpgsqlConnector.<Open>g__OpenCore|213_1(NpgsqlConnector conn, SslMode sslMode, NpgsqlTimeout timeout, Boolean async, CancellationToken cancellationToken, Boolean isFirstAttempt)
         at Npgsql.Internal.NpgsqlConnector.Open(NpgsqlTimeout timeout, Boolean async, CancellationToken cancellationToken)
         at Npgsql.PoolingDataSource.OpenNewConnector(NpgsqlConnection conn, NpgsqlTimeout timeout, Boolean async, CancellationToken cancellationToken)
         at Npgsql.PoolingDataSource.<Get>g__RentAsync|33_0(NpgsqlConnection conn, NpgsqlTimeout timeout, Boolean async, CancellationToken cancellationToken)
         at Npgsql.NpgsqlConnection.<Open>g__OpenAsync|42_0(Boolean async, CancellationToken cancellationToken)
         at Microsoft.EntityFrameworkCore.Storage.RelationalConnection.OpenInternalAsync(Boolean errorsExpected, CancellationToken cancellationToken)
         at Microsoft.EntityFrameworkCore.Storage.RelationalConnection.OpenInternalAsync(Boolean errorsExpected, CancellationToken cancellationToken)
         at Microsoft.EntityFrameworkCore.Storage.RelationalConnection.OpenAsync(CancellationToken cancellationToken, Boolean errorsExpected)
         at Microsoft.EntityFrameworkCore.Storage.RelationalCommand.ExecuteReaderAsync(RelationalCommandParameterObject parameterObject, CancellationToken cancellationToken)
         at Microsoft.EntityFrameworkCore.Query.Internal.SingleQueryingEnumerable`1.AsyncEnumerator.InitializeReaderAsync(AsyncEnumerator enumerator, CancellationToken cancellationToken)
         at Npgsql.EntityFrameworkCore.PostgreSQL.Storage.Internal.NpgsqlExecutionStrategy.ExecuteAsync[TState,TResult](TState state, Func`4 operation, Func`4 verifySucceeded, CancellationToken cancellationToken)
         --- End of inner exception stack trace ---
         at Npgsql.EntityFrameworkCore.PostgreSQL.Storage.Internal.NpgsqlExecutionStrategy.ExecuteAsync[TState,TResult](TState state, Func`4 operation, Func`4 verifySucceeded, CancellationToken cancellationToken)
         at Microsoft.EntityFrameworkCore.Query.Internal.SingleQueryingEnumerable`1.AsyncEnumerator.MoveNextAsync()
info: Microsoft.AspNetCore.Mvc.Infrastructure.ControllerActionInvoker[105]
      Executed action GpssStudio.WebApi.Controllers.TebManagementController.GetClass (GpssStudio.WebApi) in 2067.4083ms
info: Microsoft.AspNetCore.Routing.EndpointMiddleware[1]
      Executed endpoint 'GpssStudio.WebApi.Controllers.TebManagementController.GetClass (GpssStudio.WebApi)'
fail: Microsoft.AspNetCore.Diagnostics.DeveloperExceptionPageMiddleware[1]
      An unhandled exception has occurred while executing the request.
      System.InvalidOperationException: An exception has been raised that is likely due to a transient failure.
       ---> Npgsql.NpgsqlException (0x80004005): Failed to connect to 127.0.0.1:5432
       ---> System.Net.Sockets.SocketException (10061): Подключение не установлено, т.к. конечный компьютер отверг запрос на подключение.
         at System.Net.Sockets.Socket.AwaitableSocketAsyncEventArgs.ThrowException(SocketError error, CancellationToken cancellationToken)
         at System.Net.Sockets.Socket.AwaitableSocketAsyncEventArgs.System.Threading.Tasks.Sources.IValueTaskSource.GetResult(Int16 token)
         at System.Net.Sockets.Socket.<ConnectAsync>g__WaitForConnectWithCancellation|285_0(AwaitableSocketAsyncEventArgs saea, ValueTask connectTask, CancellationToken cancellationToken)
         at Npgsql.TaskTimeoutAndCancellation.ExecuteAsync(Func`2 getTaskFunc, NpgsqlTimeout timeout, CancellationToken cancellationToken)
         at Npgsql.Internal.NpgsqlConnector.ConnectAsync(NpgsqlTimeout timeout, CancellationToken cancellationToken)
         at Npgsql.Internal.NpgsqlConnector.ConnectAsync(NpgsqlTimeout timeout, CancellationToken cancellationToken)
         at Npgsql.Internal.NpgsqlConnector.RawOpen(SslMode sslMode, NpgsqlTimeout timeout, Boolean async, CancellationToken cancellationToken, Boolean isFirstAttempt)
         at Npgsql.Internal.NpgsqlConnector.<Open>g__OpenCore|213_1(NpgsqlConnector conn, SslMode sslMode, NpgsqlTimeout timeout, Boolean async, CancellationToken cancellationToken, Boolean isFirstAttempt)
         at Npgsql.Internal.NpgsqlConnector.Open(NpgsqlTimeout timeout, Boolean async, CancellationToken cancellationToken)
         at Npgsql.PoolingDataSource.OpenNewConnector(NpgsqlConnection conn, NpgsqlTimeout timeout, Boolean async, CancellationToken cancellationToken)
         at Npgsql.PoolingDataSource.<Get>g__RentAsync|33_0(NpgsqlConnection conn, NpgsqlTimeout timeout, Boolean async, CancellationToken cancellationToken)
         at Npgsql.NpgsqlConnection.<Open>g__OpenAsync|42_0(Boolean async, CancellationToken cancellationToken)
         at Microsoft.EntityFrameworkCore.Storage.RelationalConnection.OpenInternalAsync(Boolean errorsExpected, CancellationToken cancellationToken)
         at Microsoft.EntityFrameworkCore.Storage.RelationalConnection.OpenInternalAsync(Boolean errorsExpected, CancellationToken cancellationToken)
         at Microsoft.EntityFrameworkCore.Storage.RelationalConnection.OpenAsync(CancellationToken cancellationToken, Boolean errorsExpected)
         at Microsoft.EntityFrameworkCore.Storage.RelationalCommand.ExecuteReaderAsync(RelationalCommandParameterObject parameterObject, CancellationToken cancellationToken)
         at Microsoft.EntityFrameworkCore.Query.Internal.SingleQueryingEnumerable`1.AsyncEnumerator.InitializeReaderAsync(AsyncEnumerator enumerator, CancellationToken cancellationToken)
         at Npgsql.EntityFrameworkCore.PostgreSQL.Storage.Internal.NpgsqlExecutionStrategy.ExecuteAsync[TState,TResult](TState state, Func`4 operation, Func`4 verifySucceeded, CancellationToken cancellationToken)
         --- End of inner exception stack trace ---
         at Npgsql.EntityFrameworkCore.PostgreSQL.Storage.Internal.NpgsqlExecutionStrategy.ExecuteAsync[TState,TResult](TState state, Func`4 operation, Func`4 verifySucceeded, CancellationToken cancellationToken)
         at Microsoft.EntityFrameworkCore.Query.Internal.SingleQueryingEnumerable`1.AsyncEnumerator.MoveNextAsync()
         at Microsoft.EntityFrameworkCore.Query.ShapedQueryCompilingExpressionVisitor.SingleOrDefaultAsync[TSource](IAsyncEnumerable`1 asyncEnumerable, CancellationToken cancellationToken)
         at Microsoft.EntityFrameworkCore.Query.ShapedQueryCompilingExpressionVisitor.SingleOrDefaultAsync[TSource](IAsyncEnumerable`1 asyncEnumerable, CancellationToken cancellationToken)
         at GpssStudio.WebApi.Infrastructure.Persistence.Repositories.TebRepository.BuildAggregateAsync(String libraryId, Guid classId, CancellationToken cancellationToken) in C:\Users\timur\OneDrive\Документы\GitHub\gpss\backend\GpssStudio.WebApi\Infrastructure\Persistence\Repositories\TebRepository.cs:line 345
         at GpssStudio.WebApi.Infrastructure.Persistence.Repositories.TebRepository.GetClassAsync(String libraryId, Guid classId, CancellationToken cancellationToken) in C:\Users\timur\OneDrive\Документы\GitHub\gpss\backend\GpssStudio.WebApi\Infrastructure\Persistence\Repositories\TebRepository.cs:line 28
         at GpssStudio.WebApi.Application.Tebs.Services.TebService.GetClassAsync(String libraryId, Guid classId, CancellationToken cancellationToken) in C:\Users\timur\OneDrive\Документы\GitHub\gpss\backend\GpssStudio.WebApi\Application\Tebs\Services\TebService.cs:line 22
         at GpssStudio.WebApi.Controllers.TebManagementController.GetClass(String libraryId, Guid classId, CancellationToken cancellationToken) in C:\Users\timur\OneDrive\Документы\GitHub\gpss\backend\GpssStudio.WebApi\Controllers\TebManagementController.cs:line 27
         at Microsoft.AspNetCore.Mvc.Infrastructure.ActionMethodExecutor.TaskOfIActionResultExecutor.Execute(ActionContext actionContext, IActionResultTypeMapper mapper, ObjectMethodExecutor executor, Object controller, Object[] arguments)
         at Microsoft.AspNetCore.Mvc.Infrastructure.ControllerActionInvoker.<InvokeActionMethodAsync>g__Awaited|12_0(ControllerActionInvoker invoker, ValueTask`1 actionResultValueTask)
         at Microsoft.AspNetCore.Mvc.Infrastructure.ControllerActionInvoker.<InvokeNextActionFilterAsync>g__Awaited|10_0(ControllerActionInvoker invoker, Task lastTask, State next, Scope scope, Object state, Boolean isCompleted)
         at Microsoft.AspNetCore.Mvc.Infrastructure.ControllerActionInvoker.Rethrow(ActionExecutedContextSealed context)
         at Microsoft.AspNetCore.Mvc.Infrastructure.ControllerActionInvoker.Next(State& next, Scope& scope, Object& state, Boolean& isCompleted)
         at Microsoft.AspNetCore.Mvc.Infrastructure.ControllerActionInvoker.<InvokeInnerFilterAsync>g__Awaited|13_0(ControllerActionInvoker invoker, Task lastTask, State next, Scope scope, Object state, Boolean isCompleted)
         at Microsoft.AspNetCore.Mvc.Infrastructure.ResourceInvoker.<InvokeFilterPipelineAsync>g__Awaited|20_0(ResourceInvoker invoker, Task lastTask, State next, Scope scope, Object state, Boolean isCompleted)
         at Microsoft.AspNetCore.Mvc.Infrastructure.ResourceInvoker.<InvokeAsync>g__Logged|17_1(ResourceInvoker invoker)
         at Microsoft.AspNetCore.Mvc.Infrastructure.ResourceInvoker.<InvokeAsync>g__Logged|17_1(ResourceInvoker invoker)
         at Microsoft.AspNetCore.Routing.EndpointMiddleware.<Invoke>g__AwaitRequestTask|7_0(Endpoint endpoint, Task requestTask, ILogger logger)
         at Microsoft.AspNetCore.Authorization.AuthorizationMiddleware.Invoke(HttpContext context)
         at Swashbuckle.AspNetCore.SwaggerUI.SwaggerUIMiddleware.Invoke(HttpContext httpContext)
         at Swashbuckle.AspNetCore.Swagger.SwaggerMiddleware.Invoke(HttpContext httpContext, ISwaggerProvider swaggerProvider)
         at Microsoft.AspNetCore.Authentication.AuthenticationMiddleware.Invoke(HttpContext context)
         at Microsoft.AspNetCore.Diagnostics.DeveloperExceptionPageMiddlewareImpl.Invoke(HttpContext context)
dbug: Microsoft.EntityFrameworkCore.Infrastructure[10407]
      'GpssStudioDbContext' disposed.
dbug: Microsoft.EntityFrameworkCore.Database.Connection[20007]
      Disposing connection to database 'gpss' on server 'tcp://localhost:5432'.
dbug: Microsoft.EntityFrameworkCore.Database.Connection[20008]
      Disposed connection to database 'gpss' on server 'tcp://localhost:5432' (0ms).
info: Microsoft.AspNetCore.Hosting.Diagnostics[2]
      Request finished HTTP/1.1 GET http://127.0.0.1:3001/api/alina-gpss/studio/tebs/libraries/0/classes/3ef71b95-07f7-41c6-b532-03d83d8a3973 - 500 - text/plain;+charset=utf-8 2072.1936ms
info: Microsoft.AspNetCore.Hosting.Diagnostics[1]
      Request starting HTTP/1.1 GET http://127.0.0.1:3001/api/alina-gpss/studio/tebs/libraries/0/classes/8102ff1b-7c25-4fca-8b8a-b7087520dd45/instances/80ba15bc-7a4a-4b36-ba57-df2cab3b89ad - - -
info: Microsoft.AspNetCore.Routing.EndpointMiddleware[0]
      Executing endpoint 'GpssStudio.WebApi.Controllers.TebManagementController.GetInstance (GpssStudio.WebApi)'
info: Microsoft.AspNetCore.Mvc.Infrastructure.ControllerActionInvoker[102]
      Route matched with {action = "GetInstance", controller = "TebManagement"}. Executing controller action with signature System.Threading.Tasks.Task`1[Microsoft.AspNetCore.Mvc.IActionResult] GetInstance(System.String, System.Guid, System.Guid, System.Threading.CancellationToken) on controller GpssStudio.WebApi.Controllers.TebManagementController (GpssStudio.WebApi).
dbug: Microsoft.EntityFrameworkCore.Infrastructure[10403]
      Entity Framework Core 8.0.8 initialized 'GpssStudioDbContext' using provider 'Npgsql.EntityFrameworkCore.PostgreSQL:8.0.8+55dd99eca42e9c6d6085961c60a0704373919a54' with options: None
dbug: Microsoft.EntityFrameworkCore.Database.Connection[20005]
      Creating DbConnection.
dbug: Microsoft.EntityFrameworkCore.Database.Connection[20006]
      Created DbConnection. (0ms).
dbug: Microsoft.EntityFrameworkCore.Database.Connection[20000]
      Opening connection to database 'gpss' on server 'tcp://localhost:5432'.
fail: Microsoft.EntityFrameworkCore.Database.Connection[20004]
      An error occurred using the connection to database 'gpss' on server 'tcp://localhost:5432'.
fail: Microsoft.EntityFrameworkCore.Query[10100]
      An exception occurred while iterating over the results of a query for context type 'GpssStudio.WebApi.Infrastructure.Persistence.GpssStudioDbContext'.
      System.InvalidOperationException: An exception has been raised that is likely due to a transient failure.
       ---> Npgsql.NpgsqlException (0x80004005): Failed to connect to 127.0.0.1:5432
       ---> System.Net.Sockets.SocketException (10061): Подключение не установлено, т.к. конечный компьютер отверг запрос на подключение.
         at System.Net.Sockets.Socket.AwaitableSocketAsyncEventArgs.ThrowException(SocketError error, CancellationToken cancellationToken)
         at System.Net.Sockets.Socket.AwaitableSocketAsyncEventArgs.System.Threading.Tasks.Sources.IValueTaskSource.GetResult(Int16 token)
         at System.Net.Sockets.Socket.<ConnectAsync>g__WaitForConnectWithCancellation|285_0(AwaitableSocketAsyncEventArgs saea, ValueTask connectTask, CancellationToken cancellationToken)
         at Npgsql.TaskTimeoutAndCancellation.ExecuteAsync(Func`2 getTaskFunc, NpgsqlTimeout timeout, CancellationToken cancellationToken)
         at Npgsql.Internal.NpgsqlConnector.ConnectAsync(NpgsqlTimeout timeout, CancellationToken cancellationToken)
         at Npgsql.Internal.NpgsqlConnector.ConnectAsync(NpgsqlTimeout timeout, CancellationToken cancellationToken)
         at Npgsql.Internal.NpgsqlConnector.RawOpen(SslMode sslMode, NpgsqlTimeout timeout, Boolean async, CancellationToken cancellationToken, Boolean isFirstAttempt)
         at Npgsql.Internal.NpgsqlConnector.<Open>g__OpenCore|213_1(NpgsqlConnector conn, SslMode sslMode, NpgsqlTimeout timeout, Boolean async, CancellationToken cancellationToken, Boolean isFirstAttempt)
         at Npgsql.Internal.NpgsqlConnector.Open(NpgsqlTimeout timeout, Boolean async, CancellationToken cancellationToken)
         at Npgsql.PoolingDataSource.OpenNewConnector(NpgsqlConnection conn, NpgsqlTimeout timeout, Boolean async, CancellationToken cancellationToken)
         at Npgsql.PoolingDataSource.<Get>g__RentAsync|33_0(NpgsqlConnection conn, NpgsqlTimeout timeout, Boolean async, CancellationToken cancellationToken)
         at Npgsql.NpgsqlConnection.<Open>g__OpenAsync|42_0(Boolean async, CancellationToken cancellationToken)
         at Microsoft.EntityFrameworkCore.Storage.RelationalConnection.OpenInternalAsync(Boolean errorsExpected, CancellationToken cancellationToken)
         at Microsoft.EntityFrameworkCore.Storage.RelationalConnection.OpenInternalAsync(Boolean errorsExpected, CancellationToken cancellationToken)
         at Microsoft.EntityFrameworkCore.Storage.RelationalConnection.OpenAsync(CancellationToken cancellationToken, Boolean errorsExpected)
         at Microsoft.EntityFrameworkCore.Storage.RelationalCommand.ExecuteReaderAsync(RelationalCommandParameterObject parameterObject, CancellationToken cancellationToken)
         at Microsoft.EntityFrameworkCore.Query.Internal.SingleQueryingEnumerable`1.AsyncEnumerator.InitializeReaderAsync(AsyncEnumerator enumerator, CancellationToken cancellationToken)
         at Npgsql.EntityFrameworkCore.PostgreSQL.Storage.Internal.NpgsqlExecutionStrategy.ExecuteAsync[TState,TResult](TState state, Func`4 operation, Func`4 verifySucceeded, CancellationToken cancellationToken)
         --- End of inner exception stack trace ---
         at Npgsql.EntityFrameworkCore.PostgreSQL.Storage.Internal.NpgsqlExecutionStrategy.ExecuteAsync[TState,TResult](TState state, Func`4 operation, Func`4 verifySucceeded, CancellationToken cancellationToken)
         at Microsoft.EntityFrameworkCore.Query.Internal.SingleQueryingEnumerable`1.AsyncEnumerator.MoveNextAsync()
      System.InvalidOperationException: An exception has been raised that is likely due to a transient failure.
       ---> Npgsql.NpgsqlException (0x80004005): Failed to connect to 127.0.0.1:5432
       ---> System.Net.Sockets.SocketException (10061): Подключение не установлено, т.к. конечный компьютер отверг запрос на подключение.
         at System.Net.Sockets.Socket.AwaitableSocketAsyncEventArgs.ThrowException(SocketError error, CancellationToken cancellationToken)
         at System.Net.Sockets.Socket.AwaitableSocketAsyncEventArgs.System.Threading.Tasks.Sources.IValueTaskSource.GetResult(Int16 token)
         at System.Net.Sockets.Socket.<ConnectAsync>g__WaitForConnectWithCancellation|285_0(AwaitableSocketAsyncEventArgs saea, ValueTask connectTask, CancellationToken cancellationToken)
         at Npgsql.TaskTimeoutAndCancellation.ExecuteAsync(Func`2 getTaskFunc, NpgsqlTimeout timeout, CancellationToken cancellationToken)
         at Npgsql.Internal.NpgsqlConnector.ConnectAsync(NpgsqlTimeout timeout, CancellationToken cancellationToken)
         at Npgsql.Internal.NpgsqlConnector.ConnectAsync(NpgsqlTimeout timeout, CancellationToken cancellationToken)
         at Npgsql.Internal.NpgsqlConnector.RawOpen(SslMode sslMode, NpgsqlTimeout timeout, Boolean async, CancellationToken cancellationToken, Boolean isFirstAttempt)
         at Npgsql.Internal.NpgsqlConnector.<Open>g__OpenCore|213_1(NpgsqlConnector conn, SslMode sslMode, NpgsqlTimeout timeout, Boolean async, CancellationToken cancellationToken, Boolean isFirstAttempt)
         at Npgsql.Internal.NpgsqlConnector.Open(NpgsqlTimeout timeout, Boolean async, CancellationToken cancellationToken)
         at Npgsql.PoolingDataSource.OpenNewConnector(NpgsqlConnection conn, NpgsqlTimeout timeout, Boolean async, CancellationToken cancellationToken)
         at Npgsql.PoolingDataSource.<Get>g__RentAsync|33_0(NpgsqlConnection conn, NpgsqlTimeout timeout, Boolean async, CancellationToken cancellationToken)
         at Npgsql.NpgsqlConnection.<Open>g__OpenAsync|42_0(Boolean async, CancellationToken cancellationToken)
         at Microsoft.EntityFrameworkCore.Storage.RelationalConnection.OpenInternalAsync(Boolean errorsExpected, CancellationToken cancellationToken)
         at Microsoft.EntityFrameworkCore.Storage.RelationalConnection.OpenInternalAsync(Boolean errorsExpected, CancellationToken cancellationToken)
         at Microsoft.EntityFrameworkCore.Storage.RelationalConnection.OpenAsync(CancellationToken cancellationToken, Boolean errorsExpected)
         at Microsoft.EntityFrameworkCore.Storage.RelationalCommand.ExecuteReaderAsync(RelationalCommandParameterObject parameterObject, CancellationToken cancellationToken)
         at Microsoft.EntityFrameworkCore.Query.Internal.SingleQueryingEnumerable`1.AsyncEnumerator.InitializeReaderAsync(AsyncEnumerator enumerator, CancellationToken cancellationToken)
         at Npgsql.EntityFrameworkCore.PostgreSQL.Storage.Internal.NpgsqlExecutionStrategy.ExecuteAsync[TState,TResult](TState state, Func`4 operation, Func`4 verifySucceeded, CancellationToken cancellationToken)
         --- End of inner exception stack trace ---
         at Npgsql.EntityFrameworkCore.PostgreSQL.Storage.Internal.NpgsqlExecutionStrategy.ExecuteAsync[TState,TResult](TState state, Func`4 operation, Func`4 verifySucceeded, CancellationToken cancellationToken)
         at Microsoft.EntityFrameworkCore.Query.Internal.SingleQueryingEnumerable`1.AsyncEnumerator.MoveNextAsync()
info: Microsoft.AspNetCore.Mvc.Infrastructure.ControllerActionInvoker[105]
      Executed action GpssStudio.WebApi.Controllers.TebManagementController.GetInstance (GpssStudio.WebApi) in 2036.9515ms
info: Microsoft.AspNetCore.Routing.EndpointMiddleware[1]
      Executed endpoint 'GpssStudio.WebApi.Controllers.TebManagementController.GetInstance (GpssStudio.WebApi)'
fail: Microsoft.AspNetCore.Diagnostics.DeveloperExceptionPageMiddleware[1]
      An unhandled exception has occurred while executing the request.
      System.InvalidOperationException: An exception has been raised that is likely due to a transient failure.
       ---> Npgsql.NpgsqlException (0x80004005): Failed to connect to 127.0.0.1:5432
       ---> System.Net.Sockets.SocketException (10061): Подключение не установлено, т.к. конечный компьютер отверг запрос на подключение.
         at System.Net.Sockets.Socket.AwaitableSocketAsyncEventArgs.ThrowException(SocketError error, CancellationToken cancellationToken)
         at System.Net.Sockets.Socket.AwaitableSocketAsyncEventArgs.System.Threading.Tasks.Sources.IValueTaskSource.GetResult(Int16 token)
         at System.Net.Sockets.Socket.<ConnectAsync>g__WaitForConnectWithCancellation|285_0(AwaitableSocketAsyncEventArgs saea, ValueTask connectTask, CancellationToken cancellationToken)
         at Npgsql.TaskTimeoutAndCancellation.ExecuteAsync(Func`2 getTaskFunc, NpgsqlTimeout timeout, CancellationToken cancellationToken)
         at Npgsql.Internal.NpgsqlConnector.ConnectAsync(NpgsqlTimeout timeout, CancellationToken cancellationToken)
         at Npgsql.Internal.NpgsqlConnector.ConnectAsync(NpgsqlTimeout timeout, CancellationToken cancellationToken)
         at Npgsql.Internal.NpgsqlConnector.RawOpen(SslMode sslMode, NpgsqlTimeout timeout, Boolean async, CancellationToken cancellationToken, Boolean isFirstAttempt)
         at Npgsql.Internal.NpgsqlConnector.<Open>g__OpenCore|213_1(NpgsqlConnector conn, SslMode sslMode, NpgsqlTimeout timeout, Boolean async, CancellationToken cancellationToken, Boolean isFirstAttempt)
         at Npgsql.Internal.NpgsqlConnector.Open(NpgsqlTimeout timeout, Boolean async, CancellationToken cancellationToken)
         at Npgsql.PoolingDataSource.OpenNewConnector(NpgsqlConnection conn, NpgsqlTimeout timeout, Boolean async, CancellationToken cancellationToken)
         at Npgsql.PoolingDataSource.<Get>g__RentAsync|33_0(NpgsqlConnection conn, NpgsqlTimeout timeout, Boolean async, CancellationToken cancellationToken)
         at Npgsql.NpgsqlConnection.<Open>g__OpenAsync|42_0(Boolean async, CancellationToken cancellationToken)
         at Microsoft.EntityFrameworkCore.Storage.RelationalConnection.OpenInternalAsync(Boolean errorsExpected, CancellationToken cancellationToken)
         at Microsoft.EntityFrameworkCore.Storage.RelationalConnection.OpenInternalAsync(Boolean errorsExpected, CancellationToken cancellationToken)
         at Microsoft.EntityFrameworkCore.Storage.RelationalConnection.OpenAsync(CancellationToken cancellationToken, Boolean errorsExpected)
         at Microsoft.EntityFrameworkCore.Storage.RelationalCommand.ExecuteReaderAsync(RelationalCommandParameterObject parameterObject, CancellationToken cancellationToken)
         at Microsoft.EntityFrameworkCore.Query.Internal.SingleQueryingEnumerable`1.AsyncEnumerator.InitializeReaderAsync(AsyncEnumerator enumerator, CancellationToken cancellationToken)
         at Npgsql.EntityFrameworkCore.PostgreSQL.Storage.Internal.NpgsqlExecutionStrategy.ExecuteAsync[TState,TResult](TState state, Func`4 operation, Func`4 verifySucceeded, CancellationToken cancellationToken)
         --- End of inner exception stack trace ---
         at Npgsql.EntityFrameworkCore.PostgreSQL.Storage.Internal.NpgsqlExecutionStrategy.ExecuteAsync[TState,TResult](TState state, Func`4 operation, Func`4 verifySucceeded, CancellationToken cancellationToken)
         at Microsoft.EntityFrameworkCore.Query.Internal.SingleQueryingEnumerable`1.AsyncEnumerator.MoveNextAsync()
         at Microsoft.EntityFrameworkCore.Query.ShapedQueryCompilingExpressionVisitor.SingleOrDefaultAsync[TSource](IAsyncEnumerable`1 asyncEnumerable, CancellationToken cancellationToken)
         at Microsoft.EntityFrameworkCore.Query.ShapedQueryCompilingExpressionVisitor.SingleOrDefaultAsync[TSource](IAsyncEnumerable`1 asyncEnumerable, CancellationToken cancellationToken)
         at GpssStudio.WebApi.Infrastructure.Persistence.Repositories.TebRepository.BuildAggregateAsync(String libraryId, Guid classId, CancellationToken cancellationToken) in C:\Users\timur\OneDrive\Документы\GitHub\gpss\backend\GpssStudio.WebApi\Infrastructure\Persistence\Repositories\TebRepository.cs:line 345
         at GpssStudio.WebApi.Infrastructure.Persistence.Repositories.TebRepository.GetInstanceAsync(String libraryId, Guid classId, Guid instanceId, CancellationToken cancellationToken) in C:\Users\timur\OneDrive\Документы\GitHub\gpss\backend\GpssStudio.WebApi\Infrastructure\Persistence\Repositories\TebRepository.cs:line 33
         at GpssStudio.WebApi.Application.Tebs.Services.TebService.GetInstanceAsync(String libraryId, Guid classId, Guid instanceId, CancellationToken cancellationToken) in C:\Users\timur\OneDrive\Документы\GitHub\gpss\backend\GpssStudio.WebApi\Application\Tebs\Services\TebService.cs:line 28
         at GpssStudio.WebApi.Controllers.TebManagementController.GetInstance(String libraryId, Guid classId, Guid instanceId, CancellationToken cancellationToken) in C:\Users\timur\OneDrive\Документы\GitHub\gpss\backend\GpssStudio.WebApi\Controllers\TebManagementController.cs:line 37
         at Microsoft.AspNetCore.Mvc.Infrastructure.ActionMethodExecutor.TaskOfIActionResultExecutor.Execute(ActionContext actionContext, IActionResultTypeMapper mapper, ObjectMethodExecutor executor, Object controller, Object[] arguments)
         at Microsoft.AspNetCore.Mvc.Infrastructure.ControllerActionInvoker.<InvokeActionMethodAsync>g__Awaited|12_0(ControllerActionInvoker invoker, ValueTask`1 actionResultValueTask)
         at Microsoft.AspNetCore.Mvc.Infrastructure.ControllerActionInvoker.<InvokeNextActionFilterAsync>g__Awaited|10_0(ControllerActionInvoker invoker, Task lastTask, State next, Scope scope, Object state, Boolean isCompleted)
         at Microsoft.AspNetCore.Mvc.Infrastructure.ControllerActionInvoker.Rethrow(ActionExecutedContextSealed context)
         at Microsoft.AspNetCore.Mvc.Infrastructure.ControllerActionInvoker.Next(State& next, Scope& scope, Object& state, Boolean& isCompleted)
         at Microsoft.AspNetCore.Mvc.Infrastructure.ControllerActionInvoker.<InvokeInnerFilterAsync>g__Awaited|13_0(ControllerActionInvoker invoker, Task lastTask, State next, Scope scope, Object state, Boolean isCompleted)
         at Microsoft.AspNetCore.Mvc.Infrastructure.ResourceInvoker.<InvokeFilterPipelineAsync>g__Awaited|20_0(ResourceInvoker invoker, Task lastTask, State next, Scope scope, Object state, Boolean isCompleted)
         at Microsoft.AspNetCore.Mvc.Infrastructure.ResourceInvoker.<InvokeAsync>g__Logged|17_1(ResourceInvoker invoker)
         at Microsoft.AspNetCore.Mvc.Infrastructure.ResourceInvoker.<InvokeAsync>g__Logged|17_1(ResourceInvoker invoker)
         at Microsoft.AspNetCore.Routing.EndpointMiddleware.<Invoke>g__AwaitRequestTask|7_0(Endpoint endpoint, Task requestTask, ILogger logger)
         at Microsoft.AspNetCore.Authorization.AuthorizationMiddleware.Invoke(HttpContext context)
         at Swashbuckle.AspNetCore.SwaggerUI.SwaggerUIMiddleware.Invoke(HttpContext httpContext)
         at Swashbuckle.AspNetCore.Swagger.SwaggerMiddleware.Invoke(HttpContext httpContext, ISwaggerProvider swaggerProvider)
         at Microsoft.AspNetCore.Authentication.AuthenticationMiddleware.Invoke(HttpContext context)
         at Microsoft.AspNetCore.Diagnostics.DeveloperExceptionPageMiddlewareImpl.Invoke(HttpContext context)
dbug: Microsoft.EntityFrameworkCore.Infrastructure[10407]
      'GpssStudioDbContext' disposed.
dbug: Microsoft.EntityFrameworkCore.Database.Connection[20007]
      Disposing connection to database 'gpss' on server 'tcp://localhost:5432'.
dbug: Microsoft.EntityFrameworkCore.Database.Connection[20008]
      Disposed connection to database 'gpss' on server 'tcp://localhost:5432' (0ms).
info: Microsoft.AspNetCore.Hosting.Diagnostics[2]
      Request finished HTTP/1.1 GET http://127.0.0.1:3001/api/alina-gpss/studio/tebs/libraries/0/classes/8102ff1b-7c25-4fca-8b8a-b7087520dd45/instances/80ba15bc-7a4a-4b36-ba57-df2cab3b89ad - 500 - text/plain;+charset=utf-8 2043.3565ms
info: Microsoft.AspNetCore.Hosting.Diagnostics[1]
      Request starting HTTP/1.1 GET http://127.0.0.1:3001/api/alina-gpss/studio/tebs/libraries/0/classes/3ef71b95-07f7-41c6-b532-03d83d8a3973 - - -
info: Microsoft.AspNetCore.Routing.EndpointMiddleware[0]
      Executing endpoint 'GpssStudio.WebApi.Controllers.TebManagementController.GetClass (GpssStudio.WebApi)'
info: Microsoft.AspNetCore.Mvc.Infrastructure.ControllerActionInvoker[102]
      Route matched with {action = "GetClass", controller = "TebManagement"}. Executing controller action with signature System.Threading.Tasks.Task`1[Microsoft.AspNetCore.Mvc.IActionResult] GetClass(System.String, System.Guid, System.Threading.CancellationToken) on controller GpssStudio.WebApi.Controllers.TebManagementController (GpssStudio.WebApi).
dbug: Microsoft.EntityFrameworkCore.Infrastructure[10403]
      Entity Framework Core 8.0.8 initialized 'GpssStudioDbContext' using provider 'Npgsql.EntityFrameworkCore.PostgreSQL:8.0.8+55dd99eca42e9c6d6085961c60a0704373919a54' with options: None
dbug: Microsoft.EntityFrameworkCore.Database.Connection[20005]
      Creating DbConnection.
dbug: Microsoft.EntityFrameworkCore.Database.Connection[20006]
      Created DbConnection. (0ms).
dbug: Microsoft.EntityFrameworkCore.Database.Connection[20000]
      Opening connection to database 'gpss' on server 'tcp://localhost:5432'.
fail: Microsoft.EntityFrameworkCore.Database.Connection[20004]
      An error occurred using the connection to database 'gpss' on server 'tcp://localhost:5432'.
fail: Microsoft.EntityFrameworkCore.Query[10100]
      An exception occurred while iterating over the results of a query for context type 'GpssStudio.WebApi.Infrastructure.Persistence.GpssStudioDbContext'.
      System.InvalidOperationException: An exception has been raised that is likely due to a transient failure.
       ---> Npgsql.NpgsqlException (0x80004005): Failed to connect to 127.0.0.1:5432
       ---> System.Net.Sockets.SocketException (10061): Подключение не установлено, т.к. конечный компьютер отверг запрос на подключение.
         at System.Net.Sockets.Socket.AwaitableSocketAsyncEventArgs.ThrowException(SocketError error, CancellationToken cancellationToken)
         at System.Net.Sockets.Socket.AwaitableSocketAsyncEventArgs.System.Threading.Tasks.Sources.IValueTaskSource.GetResult(Int16 token)
         at System.Net.Sockets.Socket.<ConnectAsync>g__WaitForConnectWithCancellation|285_0(AwaitableSocketAsyncEventArgs saea, ValueTask connectTask, CancellationToken cancellationToken)
         at Npgsql.TaskTimeoutAndCancellation.ExecuteAsync(Func`2 getTaskFunc, NpgsqlTimeout timeout, CancellationToken cancellationToken)
         at Npgsql.Internal.NpgsqlConnector.ConnectAsync(NpgsqlTimeout timeout, CancellationToken cancellationToken)
         at Npgsql.Internal.NpgsqlConnector.ConnectAsync(NpgsqlTimeout timeout, CancellationToken cancellationToken)
         at Npgsql.Internal.NpgsqlConnector.RawOpen(SslMode sslMode, NpgsqlTimeout timeout, Boolean async, CancellationToken cancellationToken, Boolean isFirstAttempt)
         at Npgsql.Internal.NpgsqlConnector.<Open>g__OpenCore|213_1(NpgsqlConnector conn, SslMode sslMode, NpgsqlTimeout timeout, Boolean async, CancellationToken cancellationToken, Boolean isFirstAttempt)
         at Npgsql.Internal.NpgsqlConnector.Open(NpgsqlTimeout timeout, Boolean async, CancellationToken cancellationToken)
         at Npgsql.PoolingDataSource.OpenNewConnector(NpgsqlConnection conn, NpgsqlTimeout timeout, Boolean async, CancellationToken cancellationToken)
         at Npgsql.PoolingDataSource.<Get>g__RentAsync|33_0(NpgsqlConnection conn, NpgsqlTimeout timeout, Boolean async, CancellationToken cancellationToken)
         at Npgsql.NpgsqlConnection.<Open>g__OpenAsync|42_0(Boolean async, CancellationToken cancellationToken)
         at Microsoft.EntityFrameworkCore.Storage.RelationalConnection.OpenInternalAsync(Boolean errorsExpected, CancellationToken cancellationToken)
         at Microsoft.EntityFrameworkCore.Storage.RelationalConnection.OpenInternalAsync(Boolean errorsExpected, CancellationToken cancellationToken)
         at Microsoft.EntityFrameworkCore.Storage.RelationalConnection.OpenAsync(CancellationToken cancellationToken, Boolean errorsExpected)
         at Microsoft.EntityFrameworkCore.Storage.RelationalCommand.ExecuteReaderAsync(RelationalCommandParameterObject parameterObject, CancellationToken cancellationToken)
         at Microsoft.EntityFrameworkCore.Query.Internal.SingleQueryingEnumerable`1.AsyncEnumerator.InitializeReaderAsync(AsyncEnumerator enumerator, CancellationToken cancellationToken)
         at Npgsql.EntityFrameworkCore.PostgreSQL.Storage.Internal.NpgsqlExecutionStrategy.ExecuteAsync[TState,TResult](TState state, Func`4 operation, Func`4 verifySucceeded, CancellationToken cancellationToken)
         --- End of inner exception stack trace ---
         at Npgsql.EntityFrameworkCore.PostgreSQL.Storage.Internal.NpgsqlExecutionStrategy.ExecuteAsync[TState,TResult](TState state, Func`4 operation, Func`4 verifySucceeded, CancellationToken cancellationToken)
         at Microsoft.EntityFrameworkCore.Query.Internal.SingleQueryingEnumerable`1.AsyncEnumerator.MoveNextAsync()
      System.InvalidOperationException: An exception has been raised that is likely due to a transient failure.
       ---> Npgsql.NpgsqlException (0x80004005): Failed to connect to 127.0.0.1:5432
       ---> System.Net.Sockets.SocketException (10061): Подключение не установлено, т.к. конечный компьютер отверг запрос на подключение.
         at System.Net.Sockets.Socket.AwaitableSocketAsyncEventArgs.ThrowException(SocketError error, CancellationToken cancellationToken)
         at System.Net.Sockets.Socket.AwaitableSocketAsyncEventArgs.System.Threading.Tasks.Sources.IValueTaskSource.GetResult(Int16 token)
         at System.Net.Sockets.Socket.<ConnectAsync>g__WaitForConnectWithCancellation|285_0(AwaitableSocketAsyncEventArgs saea, ValueTask connectTask, CancellationToken cancellationToken)
         at Npgsql.TaskTimeoutAndCancellation.ExecuteAsync(Func`2 getTaskFunc, NpgsqlTimeout timeout, CancellationToken cancellationToken)
         at Npgsql.Internal.NpgsqlConnector.ConnectAsync(NpgsqlTimeout timeout, CancellationToken cancellationToken)
         at Npgsql.Internal.NpgsqlConnector.ConnectAsync(NpgsqlTimeout timeout, CancellationToken cancellationToken)
         at Npgsql.Internal.NpgsqlConnector.RawOpen(SslMode sslMode, NpgsqlTimeout timeout, Boolean async, CancellationToken cancellationToken, Boolean isFirstAttempt)
         at Npgsql.Internal.NpgsqlConnector.<Open>g__OpenCore|213_1(NpgsqlConnector conn, SslMode sslMode, NpgsqlTimeout timeout, Boolean async, CancellationToken cancellationToken, Boolean isFirstAttempt)
         at Npgsql.Internal.NpgsqlConnector.Open(NpgsqlTimeout timeout, Boolean async, CancellationToken cancellationToken)
         at Npgsql.PoolingDataSource.OpenNewConnector(NpgsqlConnection conn, NpgsqlTimeout timeout, Boolean async, CancellationToken cancellationToken)
         at Npgsql.PoolingDataSource.<Get>g__RentAsync|33_0(NpgsqlConnection conn, NpgsqlTimeout timeout, Boolean async, CancellationToken cancellationToken)
         at Npgsql.NpgsqlConnection.<Open>g__OpenAsync|42_0(Boolean async, CancellationToken cancellationToken)
         at Microsoft.EntityFrameworkCore.Storage.RelationalConnection.OpenInternalAsync(Boolean errorsExpected, CancellationToken cancellationToken)
         at Microsoft.EntityFrameworkCore.Storage.RelationalConnection.OpenInternalAsync(Boolean errorsExpected, CancellationToken cancellationToken)
         at Microsoft.EntityFrameworkCore.Storage.RelationalConnection.OpenAsync(CancellationToken cancellationToken, Boolean errorsExpected)
         at Microsoft.EntityFrameworkCore.Storage.RelationalCommand.ExecuteReaderAsync(RelationalCommandParameterObject parameterObject, CancellationToken cancellationToken)
         at Microsoft.EntityFrameworkCore.Query.Internal.SingleQueryingEnumerable`1.AsyncEnumerator.InitializeReaderAsync(AsyncEnumerator enumerator, CancellationToken cancellationToken)
         at Npgsql.EntityFrameworkCore.PostgreSQL.Storage.Internal.NpgsqlExecutionStrategy.ExecuteAsync[TState,TResult](TState state, Func`4 operation, Func`4 verifySucceeded, CancellationToken cancellationToken)
         --- End of inner exception stack trace ---
         at Npgsql.EntityFrameworkCore.PostgreSQL.Storage.Internal.NpgsqlExecutionStrategy.ExecuteAsync[TState,TResult](TState state, Func`4 operation, Func`4 verifySucceeded, CancellationToken cancellationToken)
         at Microsoft.EntityFrameworkCore.Query.Internal.SingleQueryingEnumerable`1.AsyncEnumerator.MoveNextAsync()
info: Microsoft.AspNetCore.Mvc.Infrastructure.ControllerActionInvoker[105]
      Executed action GpssStudio.WebApi.Controllers.TebManagementController.GetClass (GpssStudio.WebApi) in 2042.8928ms
info: Microsoft.AspNetCore.Routing.EndpointMiddleware[1]
      Executed endpoint 'GpssStudio.WebApi.Controllers.TebManagementController.GetClass (GpssStudio.WebApi)'
fail: Microsoft.AspNetCore.Diagnostics.DeveloperExceptionPageMiddleware[1]
      An unhandled exception has occurred while executing the request.
      System.InvalidOperationException: An exception has been raised that is likely due to a transient failure.
       ---> Npgsql.NpgsqlException (0x80004005): Failed to connect to 127.0.0.1:5432
       ---> System.Net.Sockets.SocketException (10061): Подключение не установлено, т.к. конечный компьютер отверг запрос на подключение.
         at System.Net.Sockets.Socket.AwaitableSocketAsyncEventArgs.ThrowException(SocketError error, CancellationToken cancellationToken)
         at System.Net.Sockets.Socket.AwaitableSocketAsyncEventArgs.System.Threading.Tasks.Sources.IValueTaskSource.GetResult(Int16 token)
         at System.Net.Sockets.Socket.<ConnectAsync>g__WaitForConnectWithCancellation|285_0(AwaitableSocketAsyncEventArgs saea, ValueTask connectTask, CancellationToken cancellationToken)
         at Npgsql.TaskTimeoutAndCancellation.ExecuteAsync(Func`2 getTaskFunc, NpgsqlTimeout timeout, CancellationToken cancellationToken)
         at Npgsql.Internal.NpgsqlConnector.ConnectAsync(NpgsqlTimeout timeout, CancellationToken cancellationToken)
         at Npgsql.Internal.NpgsqlConnector.ConnectAsync(NpgsqlTimeout timeout, CancellationToken cancellationToken)
         at Npgsql.Internal.NpgsqlConnector.RawOpen(SslMode sslMode, NpgsqlTimeout timeout, Boolean async, CancellationToken cancellationToken, Boolean isFirstAttempt)
         at Npgsql.Internal.NpgsqlConnector.<Open>g__OpenCore|213_1(NpgsqlConnector conn, SslMode sslMode, NpgsqlTimeout timeout, Boolean async, CancellationToken cancellationToken, Boolean isFirstAttempt)
         at Npgsql.Internal.NpgsqlConnector.Open(NpgsqlTimeout timeout, Boolean async, CancellationToken cancellationToken)
         at Npgsql.PoolingDataSource.OpenNewConnector(NpgsqlConnection conn, NpgsqlTimeout timeout, Boolean async, CancellationToken cancellationToken)
         at Npgsql.PoolingDataSource.<Get>g__RentAsync|33_0(NpgsqlConnection conn, NpgsqlTimeout timeout, Boolean async, CancellationToken cancellationToken)
         at Npgsql.NpgsqlConnection.<Open>g__OpenAsync|42_0(Boolean async, CancellationToken cancellationToken)
         at Microsoft.EntityFrameworkCore.Storage.RelationalConnection.OpenInternalAsync(Boolean errorsExpected, CancellationToken cancellationToken)
         at Microsoft.EntityFrameworkCore.Storage.RelationalConnection.OpenInternalAsync(Boolean errorsExpected, CancellationToken cancellationToken)
         at Microsoft.EntityFrameworkCore.Storage.RelationalConnection.OpenAsync(CancellationToken cancellationToken, Boolean errorsExpected)
         at Microsoft.EntityFrameworkCore.Storage.RelationalCommand.ExecuteReaderAsync(RelationalCommandParameterObject parameterObject, CancellationToken cancellationToken)
         at Microsoft.EntityFrameworkCore.Query.Internal.SingleQueryingEnumerable`1.AsyncEnumerator.InitializeReaderAsync(AsyncEnumerator enumerator, CancellationToken cancellationToken)
         at Npgsql.EntityFrameworkCore.PostgreSQL.Storage.Internal.NpgsqlExecutionStrategy.ExecuteAsync[TState,TResult](TState state, Func`4 operation, Func`4 verifySucceeded, CancellationToken cancellationToken)
         --- End of inner exception stack trace ---
         at Npgsql.EntityFrameworkCore.PostgreSQL.Storage.Internal.NpgsqlExecutionStrategy.ExecuteAsync[TState,TResult](TState state, Func`4 operation, Func`4 verifySucceeded, CancellationToken cancellationToken)
         at Microsoft.EntityFrameworkCore.Query.Internal.SingleQueryingEnumerable`1.AsyncEnumerator.MoveNextAsync()
         at Microsoft.EntityFrameworkCore.Query.ShapedQueryCompilingExpressionVisitor.SingleOrDefaultAsync[TSource](IAsyncEnumerable`1 asyncEnumerable, CancellationToken cancellationToken)
         at Microsoft.EntityFrameworkCore.Query.ShapedQueryCompilingExpressionVisitor.SingleOrDefaultAsync[TSource](IAsyncEnumerable`1 asyncEnumerable, CancellationToken cancellationToken)
         at GpssStudio.WebApi.Infrastructure.Persistence.Repositories.TebRepository.BuildAggregateAsync(String libraryId, Guid classId, CancellationToken cancellationToken) in C:\Users\timur\OneDrive\Документы\GitHub\gpss\backend\GpssStudio.WebApi\Infrastructure\Persistence\Repositories\TebRepository.cs:line 345
         at GpssStudio.WebApi.Infrastructure.Persistence.Repositories.TebRepository.GetClassAsync(String libraryId, Guid classId, CancellationToken cancellationToken) in C:\Users\timur\OneDrive\Документы\GitHub\gpss\backend\GpssStudio.WebApi\Infrastructure\Persistence\Repositories\TebRepository.cs:line 28
         at GpssStudio.WebApi.Application.Tebs.Services.TebService.GetClassAsync(String libraryId, Guid classId, CancellationToken cancellationToken) in C:\Users\timur\OneDrive\Документы\GitHub\gpss\backend\GpssStudio.WebApi\Application\Tebs\Services\TebService.cs:line 22
         at GpssStudio.WebApi.Controllers.TebManagementController.GetClass(String libraryId, Guid classId, CancellationToken cancellationToken) in C:\Users\timur\OneDrive\Документы\GitHub\gpss\backend\GpssStudio.WebApi\Controllers\TebManagementController.cs:line 27
         at Microsoft.AspNetCore.Mvc.Infrastructure.ActionMethodExecutor.TaskOfIActionResultExecutor.Execute(ActionContext actionContext, IActionResultTypeMapper mapper, ObjectMethodExecutor executor, Object controller, Object[] arguments)
         at Microsoft.AspNetCore.Mvc.Infrastructure.ControllerActionInvoker.<InvokeActionMethodAsync>g__Awaited|12_0(ControllerActionInvoker invoker, ValueTask`1 actionResultValueTask)
         at Microsoft.AspNetCore.Mvc.Infrastructure.ControllerActionInvoker.<InvokeNextActionFilterAsync>g__Awaited|10_0(ControllerActionInvoker invoker, Task lastTask, State next, Scope scope, Object state, Boolean isCompleted)
         at Microsoft.AspNetCore.Mvc.Infrastructure.ControllerActionInvoker.Rethrow(ActionExecutedContextSealed context)
         at Microsoft.AspNetCore.Mvc.Infrastructure.ControllerActionInvoker.Next(State& next, Scope& scope, Object& state, Boolean& isCompleted)
         at Microsoft.AspNetCore.Mvc.Infrastructure.ControllerActionInvoker.<InvokeInnerFilterAsync>g__Awaited|13_0(ControllerActionInvoker invoker, Task lastTask, State next, Scope scope, Object state, Boolean isCompleted)
         at Microsoft.AspNetCore.Mvc.Infrastructure.ResourceInvoker.<InvokeFilterPipelineAsync>g__Awaited|20_0(ResourceInvoker invoker, Task lastTask, State next, Scope scope, Object state, Boolean isCompleted)
         at Microsoft.AspNetCore.Mvc.Infrastructure.ResourceInvoker.<InvokeAsync>g__Logged|17_1(ResourceInvoker invoker)
         at Microsoft.AspNetCore.Mvc.Infrastructure.ResourceInvoker.<InvokeAsync>g__Logged|17_1(ResourceInvoker invoker)
         at Microsoft.AspNetCore.Routing.EndpointMiddleware.<Invoke>g__AwaitRequestTask|7_0(Endpoint endpoint, Task requestTask, ILogger logger)
         at Microsoft.AspNetCore.Authorization.AuthorizationMiddleware.Invoke(HttpContext context)
         at Swashbuckle.AspNetCore.SwaggerUI.SwaggerUIMiddleware.Invoke(HttpContext httpContext)
         at Swashbuckle.AspNetCore.Swagger.SwaggerMiddleware.Invoke(HttpContext httpContext, ISwaggerProvider swaggerProvider)
         at Microsoft.AspNetCore.Authentication.AuthenticationMiddleware.Invoke(HttpContext context)
         at Microsoft.AspNetCore.Diagnostics.DeveloperExceptionPageMiddlewareImpl.Invoke(HttpContext context)
dbug: Microsoft.EntityFrameworkCore.Infrastructure[10407]
      'GpssStudioDbContext' disposed.
dbug: Microsoft.EntityFrameworkCore.Database.Connection[20007]
      Disposing connection to database 'gpss' on server 'tcp://localhost:5432'.
dbug: Microsoft.EntityFrameworkCore.Database.Connection[20008]
      Disposed connection to database 'gpss' on server 'tcp://localhost:5432' (0ms).
info: Microsoft.AspNetCore.Hosting.Diagnostics[2]
      Request finished HTTP/1.1 GET http://127.0.0.1:3001/api/alina-gpss/studio/tebs/libraries/0/classes/3ef71b95-07f7-41c6-b532-03d83d8a3973 - 500 - text/plain;+charset=utf-8 2047.2541ms
info: Microsoft.AspNetCore.Hosting.Diagnostics[1]
      Request starting HTTP/1.1 GET http://127.0.0.1:3001/api/alina-gpss/studio/tebs/libraries/0/classes/3ef71b95-07f7-41c6-b532-03d83d8a3973 - - -
info: Microsoft.AspNetCore.Routing.EndpointMiddleware[0]
      Executing endpoint 'GpssStudio.WebApi.Controllers.TebManagementController.GetClass (GpssStudio.WebApi)'
info: Microsoft.AspNetCore.Mvc.Infrastructure.ControllerActionInvoker[102]
      Route matched with {action = "GetClass", controller = "TebManagement"}. Executing controller action with signature System.Threading.Tasks.Task`1[Microsoft.AspNetCore.Mvc.IActionResult] GetClass(System.String, System.Guid, System.Threading.CancellationToken) on controller GpssStudio.WebApi.Controllers.TebManagementController (GpssStudio.WebApi).
dbug: Microsoft.EntityFrameworkCore.Infrastructure[10403]
      Entity Framework Core 8.0.8 initialized 'GpssStudioDbContext' using provider 'Npgsql.EntityFrameworkCore.PostgreSQL:8.0.8+55dd99eca42e9c6d6085961c60a0704373919a54' with options: None
dbug: Microsoft.EntityFrameworkCore.Database.Connection[20005]
      Creating DbConnection.
dbug: Microsoft.EntityFrameworkCore.Database.Connection[20006]
      Created DbConnection. (0ms).
dbug: Microsoft.EntityFrameworkCore.Database.Connection[20000]
      Opening connection to database 'gpss' on server 'tcp://localhost:5432'.
fail: Microsoft.EntityFrameworkCore.Database.Connection[20004]
      An error occurred using the connection to database 'gpss' on server 'tcp://localhost:5432'.
fail: Microsoft.EntityFrameworkCore.Query[10100]
      An exception occurred while iterating over the results of a query for context type 'GpssStudio.WebApi.Infrastructure.Persistence.GpssStudioDbContext'.
      System.InvalidOperationException: An exception has been raised that is likely due to a transient failure.
       ---> Npgsql.NpgsqlException (0x80004005): Failed to connect to 127.0.0.1:5432
       ---> System.Net.Sockets.SocketException (10061): Подключение не установлено, т.к. конечный компьютер отверг запрос на подключение.
         at System.Net.Sockets.Socket.AwaitableSocketAsyncEventArgs.ThrowException(SocketError error, CancellationToken cancellationToken)
         at System.Net.Sockets.Socket.AwaitableSocketAsyncEventArgs.System.Threading.Tasks.Sources.IValueTaskSource.GetResult(Int16 token)
         at System.Net.Sockets.Socket.<ConnectAsync>g__WaitForConnectWithCancellation|285_0(AwaitableSocketAsyncEventArgs saea, ValueTask connectTask, CancellationToken cancellationToken)
         at Npgsql.TaskTimeoutAndCancellation.ExecuteAsync(Func`2 getTaskFunc, NpgsqlTimeout timeout, CancellationToken cancellationToken)
         at Npgsql.Internal.NpgsqlConnector.ConnectAsync(NpgsqlTimeout timeout, CancellationToken cancellationToken)
         at Npgsql.Internal.NpgsqlConnector.ConnectAsync(NpgsqlTimeout timeout, CancellationToken cancellationToken)
         at Npgsql.Internal.NpgsqlConnector.RawOpen(SslMode sslMode, NpgsqlTimeout timeout, Boolean async, CancellationToken cancellationToken, Boolean isFirstAttempt)
         at Npgsql.Internal.NpgsqlConnector.<Open>g__OpenCore|213_1(NpgsqlConnector conn, SslMode sslMode, NpgsqlTimeout timeout, Boolean async, CancellationToken cancellationToken, Boolean isFirstAttempt)
         at Npgsql.Internal.NpgsqlConnector.Open(NpgsqlTimeout timeout, Boolean async, CancellationToken cancellationToken)
         at Npgsql.PoolingDataSource.OpenNewConnector(NpgsqlConnection conn, NpgsqlTimeout timeout, Boolean async, CancellationToken cancellationToken)
         at Npgsql.PoolingDataSource.<Get>g__RentAsync|33_0(NpgsqlConnection conn, NpgsqlTimeout timeout, Boolean async, CancellationToken cancellationToken)
         at Npgsql.NpgsqlConnection.<Open>g__OpenAsync|42_0(Boolean async, CancellationToken cancellationToken)
         at Microsoft.EntityFrameworkCore.Storage.RelationalConnection.OpenInternalAsync(Boolean errorsExpected, CancellationToken cancellationToken)
         at Microsoft.EntityFrameworkCore.Storage.RelationalConnection.OpenInternalAsync(Boolean errorsExpected, CancellationToken cancellationToken)
         at Microsoft.EntityFrameworkCore.Storage.RelationalConnection.OpenAsync(CancellationToken cancellationToken, Boolean errorsExpected)
         at Microsoft.EntityFrameworkCore.Storage.RelationalCommand.ExecuteReaderAsync(RelationalCommandParameterObject parameterObject, CancellationToken cancellationToken)
         at Microsoft.EntityFrameworkCore.Query.Internal.SingleQueryingEnumerable`1.AsyncEnumerator.InitializeReaderAsync(AsyncEnumerator enumerator, CancellationToken cancellationToken)
         at Npgsql.EntityFrameworkCore.PostgreSQL.Storage.Internal.NpgsqlExecutionStrategy.ExecuteAsync[TState,TResult](TState state, Func`4 operation, Func`4 verifySucceeded, CancellationToken cancellationToken)
         --- End of inner exception stack trace ---
         at Npgsql.EntityFrameworkCore.PostgreSQL.Storage.Internal.NpgsqlExecutionStrategy.ExecuteAsync[TState,TResult](TState state, Func`4 operation, Func`4 verifySucceeded, CancellationToken cancellationToken)
         at Microsoft.EntityFrameworkCore.Query.Internal.SingleQueryingEnumerable`1.AsyncEnumerator.MoveNextAsync()
      System.InvalidOperationException: An exception has been raised that is likely due to a transient failure.
       ---> Npgsql.NpgsqlException (0x80004005): Failed to connect to 127.0.0.1:5432
       ---> System.Net.Sockets.SocketException (10061): Подключение не установлено, т.к. конечный компьютер отверг запрос на подключение.
         at System.Net.Sockets.Socket.AwaitableSocketAsyncEventArgs.ThrowException(SocketError error, CancellationToken cancellationToken)
         at System.Net.Sockets.Socket.AwaitableSocketAsyncEventArgs.System.Threading.Tasks.Sources.IValueTaskSource.GetResult(Int16 token)
         at System.Net.Sockets.Socket.<ConnectAsync>g__WaitForConnectWithCancellation|285_0(AwaitableSocketAsyncEventArgs saea, ValueTask connectTask, CancellationToken cancellationToken)
         at Npgsql.TaskTimeoutAndCancellation.ExecuteAsync(Func`2 getTaskFunc, NpgsqlTimeout timeout, CancellationToken cancellationToken)
         at Npgsql.Internal.NpgsqlConnector.ConnectAsync(NpgsqlTimeout timeout, CancellationToken cancellationToken)
         at Npgsql.Internal.NpgsqlConnector.ConnectAsync(NpgsqlTimeout timeout, CancellationToken cancellationToken)
         at Npgsql.Internal.NpgsqlConnector.RawOpen(SslMode sslMode, NpgsqlTimeout timeout, Boolean async, CancellationToken cancellationToken, Boolean isFirstAttempt)
         at Npgsql.Internal.NpgsqlConnector.<Open>g__OpenCore|213_1(NpgsqlConnector conn, SslMode sslMode, NpgsqlTimeout timeout, Boolean async, CancellationToken cancellationToken, Boolean isFirstAttempt)
         at Npgsql.Internal.NpgsqlConnector.Open(NpgsqlTimeout timeout, Boolean async, CancellationToken cancellationToken)
         at Npgsql.PoolingDataSource.OpenNewConnector(NpgsqlConnection conn, NpgsqlTimeout timeout, Boolean async, CancellationToken cancellationToken)
         at Npgsql.PoolingDataSource.<Get>g__RentAsync|33_0(NpgsqlConnection conn, NpgsqlTimeout timeout, Boolean async, CancellationToken cancellationToken)
         at Npgsql.NpgsqlConnection.<Open>g__OpenAsync|42_0(Boolean async, CancellationToken cancellationToken)
         at Microsoft.EntityFrameworkCore.Storage.RelationalConnection.OpenInternalAsync(Boolean errorsExpected, CancellationToken cancellationToken)
         at Microsoft.EntityFrameworkCore.Storage.RelationalConnection.OpenInternalAsync(Boolean errorsExpected, CancellationToken cancellationToken)
         at Microsoft.EntityFrameworkCore.Storage.RelationalConnection.OpenAsync(CancellationToken cancellationToken, Boolean errorsExpected)
         at Microsoft.EntityFrameworkCore.Storage.RelationalCommand.ExecuteReaderAsync(RelationalCommandParameterObject parameterObject, CancellationToken cancellationToken)
         at Microsoft.EntityFrameworkCore.Query.Internal.SingleQueryingEnumerable`1.AsyncEnumerator.InitializeReaderAsync(AsyncEnumerator enumerator, CancellationToken cancellationToken)
         at Npgsql.EntityFrameworkCore.PostgreSQL.Storage.Internal.NpgsqlExecutionStrategy.ExecuteAsync[TState,TResult](TState state, Func`4 operation, Func`4 verifySucceeded, CancellationToken cancellationToken)
         --- End of inner exception stack trace ---
         at Npgsql.EntityFrameworkCore.PostgreSQL.Storage.Internal.NpgsqlExecutionStrategy.ExecuteAsync[TState,TResult](TState state, Func`4 operation, Func`4 verifySucceeded, CancellationToken cancellationToken)
         at Microsoft.EntityFrameworkCore.Query.Internal.SingleQueryingEnumerable`1.AsyncEnumerator.MoveNextAsync()
info: Microsoft.AspNetCore.Mvc.Infrastructure.ControllerActionInvoker[105]
      Executed action GpssStudio.WebApi.Controllers.TebManagementController.GetClass (GpssStudio.WebApi) in 2043.5468ms
info: Microsoft.AspNetCore.Routing.EndpointMiddleware[1]
      Executed endpoint 'GpssStudio.WebApi.Controllers.TebManagementController.GetClass (GpssStudio.WebApi)'
fail: Microsoft.AspNetCore.Diagnostics.DeveloperExceptionPageMiddleware[1]
      An unhandled exception has occurred while executing the request.
      System.InvalidOperationException: An exception has been raised that is likely due to a transient failure.
       ---> Npgsql.NpgsqlException (0x80004005): Failed to connect to 127.0.0.1:5432
       ---> System.Net.Sockets.SocketException (10061): Подключение не установлено, т.к. конечный компьютер отверг запрос на подключение.
         at System.Net.Sockets.Socket.AwaitableSocketAsyncEventArgs.ThrowException(SocketError error, CancellationToken cancellationToken)
         at System.Net.Sockets.Socket.AwaitableSocketAsyncEventArgs.System.Threading.Tasks.Sources.IValueTaskSource.GetResult(Int16 token)
         at System.Net.Sockets.Socket.<ConnectAsync>g__WaitForConnectWithCancellation|285_0(AwaitableSocketAsyncEventArgs saea, ValueTask connectTask, CancellationToken cancellationToken)
         at Npgsql.TaskTimeoutAndCancellation.ExecuteAsync(Func`2 getTaskFunc, NpgsqlTimeout timeout, CancellationToken cancellationToken)
         at Npgsql.Internal.NpgsqlConnector.ConnectAsync(NpgsqlTimeout timeout, CancellationToken cancellationToken)
         at Npgsql.Internal.NpgsqlConnector.ConnectAsync(NpgsqlTimeout timeout, CancellationToken cancellationToken)
         at Npgsql.Internal.NpgsqlConnector.RawOpen(SslMode sslMode, NpgsqlTimeout timeout, Boolean async, CancellationToken cancellationToken, Boolean isFirstAttempt)
         at Npgsql.Internal.NpgsqlConnector.<Open>g__OpenCore|213_1(NpgsqlConnector conn, SslMode sslMode, NpgsqlTimeout timeout, Boolean async, CancellationToken cancellationToken, Boolean isFirstAttempt)
         at Npgsql.Internal.NpgsqlConnector.Open(NpgsqlTimeout timeout, Boolean async, CancellationToken cancellationToken)
         at Npgsql.PoolingDataSource.OpenNewConnector(NpgsqlConnection conn, NpgsqlTimeout timeout, Boolean async, CancellationToken cancellationToken)
         at Npgsql.PoolingDataSource.<Get>g__RentAsync|33_0(NpgsqlConnection conn, NpgsqlTimeout timeout, Boolean async, CancellationToken cancellationToken)
         at Npgsql.NpgsqlConnection.<Open>g__OpenAsync|42_0(Boolean async, CancellationToken cancellationToken)
         at Microsoft.EntityFrameworkCore.Storage.RelationalConnection.OpenInternalAsync(Boolean errorsExpected, CancellationToken cancellationToken)
         at Microsoft.EntityFrameworkCore.Storage.RelationalConnection.OpenInternalAsync(Boolean errorsExpected, CancellationToken cancellationToken)
         at Microsoft.EntityFrameworkCore.Storage.RelationalConnection.OpenAsync(CancellationToken cancellationToken, Boolean errorsExpected)
         at Microsoft.EntityFrameworkCore.Storage.RelationalCommand.ExecuteReaderAsync(RelationalCommandParameterObject parameterObject, CancellationToken cancellationToken)
         at Microsoft.EntityFrameworkCore.Query.Internal.SingleQueryingEnumerable`1.AsyncEnumerator.InitializeReaderAsync(AsyncEnumerator enumerator, CancellationToken cancellationToken)
         at Npgsql.EntityFrameworkCore.PostgreSQL.Storage.Internal.NpgsqlExecutionStrategy.ExecuteAsync[TState,TResult](TState state, Func`4 operation, Func`4 verifySucceeded, CancellationToken cancellationToken)
         --- End of inner exception stack trace ---
         at Npgsql.EntityFrameworkCore.PostgreSQL.Storage.Internal.NpgsqlExecutionStrategy.ExecuteAsync[TState,TResult](TState state, Func`4 operation, Func`4 verifySucceeded, CancellationToken cancellationToken)
         at Microsoft.EntityFrameworkCore.Query.Internal.SingleQueryingEnumerable`1.AsyncEnumerator.MoveNextAsync()
         at Microsoft.EntityFrameworkCore.Query.ShapedQueryCompilingExpressionVisitor.SingleOrDefaultAsync[TSource](IAsyncEnumerable`1 asyncEnumerable, CancellationToken cancellationToken)
         at Microsoft.EntityFrameworkCore.Query.ShapedQueryCompilingExpressionVisitor.SingleOrDefaultAsync[TSource](IAsyncEnumerable`1 asyncEnumerable, CancellationToken cancellationToken)
         at GpssStudio.WebApi.Infrastructure.Persistence.Repositories.TebRepository.BuildAggregateAsync(String libraryId, Guid classId, CancellationToken cancellationToken) in C:\Users\timur\OneDrive\Документы\GitHub\gpss\backend\GpssStudio.WebApi\Infrastructure\Persistence\Repositories\TebRepository.cs:line 345
         at GpssStudio.WebApi.Infrastructure.Persistence.Repositories.TebRepository.GetClassAsync(String libraryId, Guid classId, CancellationToken cancellationToken) in C:\Users\timur\OneDrive\Документы\GitHub\gpss\backend\GpssStudio.WebApi\Infrastructure\Persistence\Repositories\TebRepository.cs:line 28
         at GpssStudio.WebApi.Application.Tebs.Services.TebService.GetClassAsync(String libraryId, Guid classId, CancellationToken cancellationToken) in C:\Users\timur\OneDrive\Документы\GitHub\gpss\backend\GpssStudio.WebApi\Application\Tebs\Services\TebService.cs:line 22
         at GpssStudio.WebApi.Controllers.TebManagementController.GetClass(String libraryId, Guid classId, CancellationToken cancellationToken) in C:\Users\timur\OneDrive\Документы\GitHub\gpss\backend\GpssStudio.WebApi\Controllers\TebManagementController.cs:line 27
         at Microsoft.AspNetCore.Mvc.Infrastructure.ActionMethodExecutor.TaskOfIActionResultExecutor.Execute(ActionContext actionContext, IActionResultTypeMapper mapper, ObjectMethodExecutor executor, Object controller, Object[] arguments)
         at Microsoft.AspNetCore.Mvc.Infrastructure.ControllerActionInvoker.<InvokeActionMethodAsync>g__Awaited|12_0(ControllerActionInvoker invoker, ValueTask`1 actionResultValueTask)
         at Microsoft.AspNetCore.Mvc.Infrastructure.ControllerActionInvoker.<InvokeNextActionFilterAsync>g__Awaited|10_0(ControllerActionInvoker invoker, Task lastTask, State next, Scope scope, Object state, Boolean isCompleted)
         at Microsoft.AspNetCore.Mvc.Infrastructure.ControllerActionInvoker.Rethrow(ActionExecutedContextSealed context)
         at Microsoft.AspNetCore.Mvc.Infrastructure.ControllerActionInvoker.Next(State& next, Scope& scope, Object& state, Boolean& isCompleted)
         at Microsoft.AspNetCore.Mvc.Infrastructure.ControllerActionInvoker.<InvokeInnerFilterAsync>g__Awaited|13_0(ControllerActionInvoker invoker, Task lastTask, State next, Scope scope, Object state, Boolean isCompleted)
         at Microsoft.AspNetCore.Mvc.Infrastructure.ResourceInvoker.<InvokeFilterPipelineAsync>g__Awaited|20_0(ResourceInvoker invoker, Task lastTask, State next, Scope scope, Object state, Boolean isCompleted)
         at Microsoft.AspNetCore.Mvc.Infrastructure.ResourceInvoker.<InvokeAsync>g__Logged|17_1(ResourceInvoker invoker)
         at Microsoft.AspNetCore.Mvc.Infrastructure.ResourceInvoker.<InvokeAsync>g__Logged|17_1(ResourceInvoker invoker)
         at Microsoft.AspNetCore.Routing.EndpointMiddleware.<Invoke>g__AwaitRequestTask|7_0(Endpoint endpoint, Task requestTask, ILogger logger)
         at Microsoft.AspNetCore.Authorization.AuthorizationMiddleware.Invoke(HttpContext context)
         at Swashbuckle.AspNetCore.SwaggerUI.SwaggerUIMiddleware.Invoke(HttpContext httpContext)
         at Swashbuckle.AspNetCore.Swagger.SwaggerMiddleware.Invoke(HttpContext httpContext, ISwaggerProvider swaggerProvider)
         at Microsoft.AspNetCore.Authentication.AuthenticationMiddleware.Invoke(HttpContext context)
         at Microsoft.AspNetCore.Diagnostics.DeveloperExceptionPageMiddlewareImpl.Invoke(HttpContext context)
dbug: Microsoft.EntityFrameworkCore.Infrastructure[10407]
      'GpssStudioDbContext' disposed.
dbug: Microsoft.EntityFrameworkCore.Database.Connection[20007]
      Disposing connection to database 'gpss' on server 'tcp://localhost:5432'.
dbug: Microsoft.EntityFrameworkCore.Database.Connection[20008]
      Disposed connection to database 'gpss' on server 'tcp://localhost:5432' (0ms).
info: Microsoft.AspNetCore.Hosting.Diagnostics[2]
      Request finished HTTP/1.1 GET http://127.0.0.1:3001/api/alina-gpss/studio/tebs/libraries/0/classes/3ef71b95-07f7-41c6-b532-03d83d8a3973 - 500 - text/plain;+charset=utf-8 2047.0347ms
info: Microsoft.AspNetCore.Hosting.Diagnostics[1]
      Request starting HTTP/1.1 GET http://127.0.0.1:3001/api/alina-gpss/studio/tebs/libraries/0/classes/3ef71b95-07f7-41c6-b532-03d83d8a3973 - - -
info: Microsoft.AspNetCore.Routing.EndpointMiddleware[0]
      Executing endpoint 'GpssStudio.WebApi.Controllers.TebManagementController.GetClass (GpssStudio.WebApi)'
info: Microsoft.AspNetCore.Mvc.Infrastructure.ControllerActionInvoker[102]
      Route matched with {action = "GetClass", controller = "TebManagement"}. Executing controller action with signature System.Threading.Tasks.Task`1[Microsoft.AspNetCore.Mvc.IActionResult] GetClass(System.String, System.Guid, System.Threading.CancellationToken) on controller GpssStudio.WebApi.Controllers.TebManagementController (GpssStudio.WebApi).
dbug: Microsoft.EntityFrameworkCore.Infrastructure[10403]
      Entity Framework Core 8.0.8 initialized 'GpssStudioDbContext' using provider 'Npgsql.EntityFrameworkCore.PostgreSQL:8.0.8+55dd99eca42e9c6d6085961c60a0704373919a54' with options: None
dbug: Microsoft.EntityFrameworkCore.Database.Connection[20005]
      Creating DbConnection.
dbug: Microsoft.EntityFrameworkCore.Database.Connection[20006]
      Created DbConnection. (0ms).
dbug: Microsoft.EntityFrameworkCore.Database.Connection[20000]
      Opening connection to database 'gpss' on server 'tcp://localhost:5432'.
fail: Microsoft.EntityFrameworkCore.Database.Connection[20004]
      An error occurred using the connection to database 'gpss' on server 'tcp://localhost:5432'.
fail: Microsoft.EntityFrameworkCore.Query[10100]
      An exception occurred while iterating over the results of a query for context type 'GpssStudio.WebApi.Infrastructure.Persistence.GpssStudioDbContext'.
      System.InvalidOperationException: An exception has been raised that is likely due to a transient failure.
       ---> Npgsql.NpgsqlException (0x80004005): Failed to connect to 127.0.0.1:5432
       ---> System.Net.Sockets.SocketException (10061): Подключение не установлено, т.к. конечный компьютер отверг запрос на подключение.
         at System.Net.Sockets.Socket.AwaitableSocketAsyncEventArgs.ThrowException(SocketError error, CancellationToken cancellationToken)
         at System.Net.Sockets.Socket.AwaitableSocketAsyncEventArgs.System.Threading.Tasks.Sources.IValueTaskSource.GetResult(Int16 token)
         at System.Net.Sockets.Socket.<ConnectAsync>g__WaitForConnectWithCancellation|285_0(AwaitableSocketAsyncEventArgs saea, ValueTask connectTask, CancellationToken cancellationToken)
         at Npgsql.TaskTimeoutAndCancellation.ExecuteAsync(Func`2 getTaskFunc, NpgsqlTimeout timeout, CancellationToken cancellationToken)
         at Npgsql.Internal.NpgsqlConnector.ConnectAsync(NpgsqlTimeout timeout, CancellationToken cancellationToken)
         at Npgsql.Internal.NpgsqlConnector.ConnectAsync(NpgsqlTimeout timeout, CancellationToken cancellationToken)
         at Npgsql.Internal.NpgsqlConnector.RawOpen(SslMode sslMode, NpgsqlTimeout timeout, Boolean async, CancellationToken cancellationToken, Boolean isFirstAttempt)
         at Npgsql.Internal.NpgsqlConnector.<Open>g__OpenCore|213_1(NpgsqlConnector conn, SslMode sslMode, NpgsqlTimeout timeout, Boolean async, CancellationToken cancellationToken, Boolean isFirstAttempt)
         at Npgsql.Internal.NpgsqlConnector.Open(NpgsqlTimeout timeout, Boolean async, CancellationToken cancellationToken)
         at Npgsql.PoolingDataSource.OpenNewConnector(NpgsqlConnection conn, NpgsqlTimeout timeout, Boolean async, CancellationToken cancellationToken)
         at Npgsql.PoolingDataSource.<Get>g__RentAsync|33_0(NpgsqlConnection conn, NpgsqlTimeout timeout, Boolean async, CancellationToken cancellationToken)
         at Npgsql.NpgsqlConnection.<Open>g__OpenAsync|42_0(Boolean async, CancellationToken cancellationToken)
         at Microsoft.EntityFrameworkCore.Storage.RelationalConnection.OpenInternalAsync(Boolean errorsExpected, CancellationToken cancellationToken)
         at Microsoft.EntityFrameworkCore.Storage.RelationalConnection.OpenInternalAsync(Boolean errorsExpected, CancellationToken cancellationToken)
         at Microsoft.EntityFrameworkCore.Storage.RelationalConnection.OpenAsync(CancellationToken cancellationToken, Boolean errorsExpected)
         at Microsoft.EntityFrameworkCore.Storage.RelationalCommand.ExecuteReaderAsync(RelationalCommandParameterObject parameterObject, CancellationToken cancellationToken)
         at Microsoft.EntityFrameworkCore.Query.Internal.SingleQueryingEnumerable`1.AsyncEnumerator.InitializeReaderAsync(AsyncEnumerator enumerator, CancellationToken cancellationToken)
         at Npgsql.EntityFrameworkCore.PostgreSQL.Storage.Internal.NpgsqlExecutionStrategy.ExecuteAsync[TState,TResult](TState state, Func`4 operation, Func`4 verifySucceeded, CancellationToken cancellationToken)
         --- End of inner exception stack trace ---
         at Npgsql.EntityFrameworkCore.PostgreSQL.Storage.Internal.NpgsqlExecutionStrategy.ExecuteAsync[TState,TResult](TState state, Func`4 operation, Func`4 verifySucceeded, CancellationToken cancellationToken)
         at Microsoft.EntityFrameworkCore.Query.Internal.SingleQueryingEnumerable`1.AsyncEnumerator.MoveNextAsync()
      System.InvalidOperationException: An exception has been raised that is likely due to a transient failure.
       ---> Npgsql.NpgsqlException (0x80004005): Failed to connect to 127.0.0.1:5432
       ---> System.Net.Sockets.SocketException (10061): Подключение не установлено, т.к. конечный компьютер отверг запрос на подключение.
         at System.Net.Sockets.Socket.AwaitableSocketAsyncEventArgs.ThrowException(SocketError error, CancellationToken cancellationToken)
         at System.Net.Sockets.Socket.AwaitableSocketAsyncEventArgs.System.Threading.Tasks.Sources.IValueTaskSource.GetResult(Int16 token)
         at System.Net.Sockets.Socket.<ConnectAsync>g__WaitForConnectWithCancellation|285_0(AwaitableSocketAsyncEventArgs saea, ValueTask connectTask, CancellationToken cancellationToken)
         at Npgsql.TaskTimeoutAndCancellation.ExecuteAsync(Func`2 getTaskFunc, NpgsqlTimeout timeout, CancellationToken cancellationToken)
         at Npgsql.Internal.NpgsqlConnector.ConnectAsync(NpgsqlTimeout timeout, CancellationToken cancellationToken)
         at Npgsql.Internal.NpgsqlConnector.ConnectAsync(NpgsqlTimeout timeout, CancellationToken cancellationToken)
         at Npgsql.Internal.NpgsqlConnector.RawOpen(SslMode sslMode, NpgsqlTimeout timeout, Boolean async, CancellationToken cancellationToken, Boolean isFirstAttempt)
         at Npgsql.Internal.NpgsqlConnector.<Open>g__OpenCore|213_1(NpgsqlConnector conn, SslMode sslMode, NpgsqlTimeout timeout, Boolean async, CancellationToken cancellationToken, Boolean isFirstAttempt)
         at Npgsql.Internal.NpgsqlConnector.Open(NpgsqlTimeout timeout, Boolean async, CancellationToken cancellationToken)
         at Npgsql.PoolingDataSource.OpenNewConnector(NpgsqlConnection conn, NpgsqlTimeout timeout, Boolean async, CancellationToken cancellationToken)
         at Npgsql.PoolingDataSource.<Get>g__RentAsync|33_0(NpgsqlConnection conn, NpgsqlTimeout timeout, Boolean async, CancellationToken cancellationToken)
         at Npgsql.NpgsqlConnection.<Open>g__OpenAsync|42_0(Boolean async, CancellationToken cancellationToken)
         at Microsoft.EntityFrameworkCore.Storage.RelationalConnection.OpenInternalAsync(Boolean errorsExpected, CancellationToken cancellationToken)
         at Microsoft.EntityFrameworkCore.Storage.RelationalConnection.OpenInternalAsync(Boolean errorsExpected, CancellationToken cancellationToken)
         at Microsoft.EntityFrameworkCore.Storage.RelationalConnection.OpenAsync(CancellationToken cancellationToken, Boolean errorsExpected)
         at Microsoft.EntityFrameworkCore.Storage.RelationalCommand.ExecuteReaderAsync(RelationalCommandParameterObject parameterObject, CancellationToken cancellationToken)
         at Microsoft.EntityFrameworkCore.Query.Internal.SingleQueryingEnumerable`1.AsyncEnumerator.InitializeReaderAsync(AsyncEnumerator enumerator, CancellationToken cancellationToken)
         at Npgsql.EntityFrameworkCore.PostgreSQL.Storage.Internal.NpgsqlExecutionStrategy.ExecuteAsync[TState,TResult](TState state, Func`4 operation, Func`4 verifySucceeded, CancellationToken cancellationToken)
         --- End of inner exception stack trace ---
         at Npgsql.EntityFrameworkCore.PostgreSQL.Storage.Internal.NpgsqlExecutionStrategy.ExecuteAsync[TState,TResult](TState state, Func`4 operation, Func`4 verifySucceeded, CancellationToken cancellationToken)
         at Microsoft.EntityFrameworkCore.Query.Internal.SingleQueryingEnumerable`1.AsyncEnumerator.MoveNextAsync()
info: Microsoft.AspNetCore.Mvc.Infrastructure.ControllerActionInvoker[105]
      Executed action GpssStudio.WebApi.Controllers.TebManagementController.GetClass (GpssStudio.WebApi) in 2044.2179ms
info: Microsoft.AspNetCore.Routing.EndpointMiddleware[1]
      Executed endpoint 'GpssStudio.WebApi.Controllers.TebManagementController.GetClass (GpssStudio.WebApi)'
fail: Microsoft.AspNetCore.Diagnostics.DeveloperExceptionPageMiddleware[1]
      An unhandled exception has occurred while executing the request.
      System.InvalidOperationException: An exception has been raised that is likely due to a transient failure.
       ---> Npgsql.NpgsqlException (0x80004005): Failed to connect to 127.0.0.1:5432
       ---> System.Net.Sockets.SocketException (10061): Подключение не установлено, т.к. конечный компьютер отверг запрос на подключение.
         at System.Net.Sockets.Socket.AwaitableSocketAsyncEventArgs.ThrowException(SocketError error, CancellationToken cancellationToken)
         at System.Net.Sockets.Socket.AwaitableSocketAsyncEventArgs.System.Threading.Tasks.Sources.IValueTaskSource.GetResult(Int16 token)
         at System.Net.Sockets.Socket.<ConnectAsync>g__WaitForConnectWithCancellation|285_0(AwaitableSocketAsyncEventArgs saea, ValueTask connectTask, CancellationToken cancellationToken)
         at Npgsql.TaskTimeoutAndCancellation.ExecuteAsync(Func`2 getTaskFunc, NpgsqlTimeout timeout, CancellationToken cancellationToken)
         at Npgsql.Internal.NpgsqlConnector.ConnectAsync(NpgsqlTimeout timeout, CancellationToken cancellationToken)
         at Npgsql.Internal.NpgsqlConnector.ConnectAsync(NpgsqlTimeout timeout, CancellationToken cancellationToken)
         at Npgsql.Internal.NpgsqlConnector.RawOpen(SslMode sslMode, NpgsqlTimeout timeout, Boolean async, CancellationToken cancellationToken, Boolean isFirstAttempt)
         at Npgsql.Internal.NpgsqlConnector.<Open>g__OpenCore|213_1(NpgsqlConnector conn, SslMode sslMode, NpgsqlTimeout timeout, Boolean async, CancellationToken cancellationToken, Boolean isFirstAttempt)
         at Npgsql.Internal.NpgsqlConnector.Open(NpgsqlTimeout timeout, Boolean async, CancellationToken cancellationToken)
         at Npgsql.PoolingDataSource.OpenNewConnector(NpgsqlConnection conn, NpgsqlTimeout timeout, Boolean async, CancellationToken cancellationToken)
         at Npgsql.PoolingDataSource.<Get>g__RentAsync|33_0(NpgsqlConnection conn, NpgsqlTimeout timeout, Boolean async, CancellationToken cancellationToken)
         at Npgsql.NpgsqlConnection.<Open>g__OpenAsync|42_0(Boolean async, CancellationToken cancellationToken)
         at Microsoft.EntityFrameworkCore.Storage.RelationalConnection.OpenInternalAsync(Boolean errorsExpected, CancellationToken cancellationToken)
         at Microsoft.EntityFrameworkCore.Storage.RelationalConnection.OpenInternalAsync(Boolean errorsExpected, CancellationToken cancellationToken)
         at Microsoft.EntityFrameworkCore.Storage.RelationalConnection.OpenAsync(CancellationToken cancellationToken, Boolean errorsExpected)
         at Microsoft.EntityFrameworkCore.Storage.RelationalCommand.ExecuteReaderAsync(RelationalCommandParameterObject parameterObject, CancellationToken cancellationToken)
         at Microsoft.EntityFrameworkCore.Query.Internal.SingleQueryingEnumerable`1.AsyncEnumerator.InitializeReaderAsync(AsyncEnumerator enumerator, CancellationToken cancellationToken)
         at Npgsql.EntityFrameworkCore.PostgreSQL.Storage.Internal.NpgsqlExecutionStrategy.ExecuteAsync[TState,TResult](TState state, Func`4 operation, Func`4 verifySucceeded, CancellationToken cancellationToken)
         --- End of inner exception stack trace ---
         at Npgsql.EntityFrameworkCore.PostgreSQL.Storage.Internal.NpgsqlExecutionStrategy.ExecuteAsync[TState,TResult](TState state, Func`4 operation, Func`4 verifySucceeded, CancellationToken cancellationToken)
         at Microsoft.EntityFrameworkCore.Query.Internal.SingleQueryingEnumerable`1.AsyncEnumerator.MoveNextAsync()
         at Microsoft.EntityFrameworkCore.Query.ShapedQueryCompilingExpressionVisitor.SingleOrDefaultAsync[TSource](IAsyncEnumerable`1 asyncEnumerable, CancellationToken cancellationToken)
         at Microsoft.EntityFrameworkCore.Query.ShapedQueryCompilingExpressionVisitor.SingleOrDefaultAsync[TSource](IAsyncEnumerable`1 asyncEnumerable, CancellationToken cancellationToken)
         at GpssStudio.WebApi.Infrastructure.Persistence.Repositories.TebRepository.BuildAggregateAsync(String libraryId, Guid classId, CancellationToken cancellationToken) in C:\Users\timur\OneDrive\Документы\GitHub\gpss\backend\GpssStudio.WebApi\Infrastructure\Persistence\Repositories\TebRepository.cs:line 345
         at GpssStudio.WebApi.Infrastructure.Persistence.Repositories.TebRepository.GetClassAsync(String libraryId, Guid classId, CancellationToken cancellationToken) in C:\Users\timur\OneDrive\Документы\GitHub\gpss\backend\GpssStudio.WebApi\Infrastructure\Persistence\Repositories\TebRepository.cs:line 28
         at GpssStudio.WebApi.Application.Tebs.Services.TebService.GetClassAsync(String libraryId, Guid classId, CancellationToken cancellationToken) in C:\Users\timur\OneDrive\Документы\GitHub\gpss\backend\GpssStudio.WebApi\Application\Tebs\Services\TebService.cs:line 22
         at GpssStudio.WebApi.Controllers.TebManagementController.GetClass(String libraryId, Guid classId, CancellationToken cancellationToken) in C:\Users\timur\OneDrive\Документы\GitHub\gpss\backend\GpssStudio.WebApi\Controllers\TebManagementController.cs:line 27
         at Microsoft.AspNetCore.Mvc.Infrastructure.ActionMethodExecutor.TaskOfIActionResultExecutor.Execute(ActionContext actionContext, IActionResultTypeMapper mapper, ObjectMethodExecutor executor, Object controller, Object[] arguments)
         at Microsoft.AspNetCore.Mvc.Infrastructure.ControllerActionInvoker.<InvokeActionMethodAsync>g__Awaited|12_0(ControllerActionInvoker invoker, ValueTask`1 actionResultValueTask)
         at Microsoft.AspNetCore.Mvc.Infrastructure.ControllerActionInvoker.<InvokeNextActionFilterAsync>g__Awaited|10_0(ControllerActionInvoker invoker, Task lastTask, State next, Scope scope, Object state, Boolean isCompleted)
         at Microsoft.AspNetCore.Mvc.Infrastructure.ControllerActionInvoker.Rethrow(ActionExecutedContextSealed context)
         at Microsoft.AspNetCore.Mvc.Infrastructure.ControllerActionInvoker.Next(State& next, Scope& scope, Object& state, Boolean& isCompleted)
         at Microsoft.AspNetCore.Mvc.Infrastructure.ControllerActionInvoker.<InvokeInnerFilterAsync>g__Awaited|13_0(ControllerActionInvoker invoker, Task lastTask, State next, Scope scope, Object state, Boolean isCompleted)
         at Microsoft.AspNetCore.Mvc.Infrastructure.ResourceInvoker.<InvokeFilterPipelineAsync>g__Awaited|20_0(ResourceInvoker invoker, Task lastTask, State next, Scope scope, Object state, Boolean isCompleted)
         at Microsoft.AspNetCore.Mvc.Infrastructure.ResourceInvoker.<InvokeAsync>g__Logged|17_1(ResourceInvoker invoker)
         at Microsoft.AspNetCore.Mvc.Infrastructure.ResourceInvoker.<InvokeAsync>g__Logged|17_1(ResourceInvoker invoker)
         at Microsoft.AspNetCore.Routing.EndpointMiddleware.<Invoke>g__AwaitRequestTask|7_0(Endpoint endpoint, Task requestTask, ILogger logger)
         at Microsoft.AspNetCore.Authorization.AuthorizationMiddleware.Invoke(HttpContext context)
         at Swashbuckle.AspNetCore.SwaggerUI.SwaggerUIMiddleware.Invoke(HttpContext httpContext)
         at Swashbuckle.AspNetCore.Swagger.SwaggerMiddleware.Invoke(HttpContext httpContext, ISwaggerProvider swaggerProvider)
         at Microsoft.AspNetCore.Authentication.AuthenticationMiddleware.Invoke(HttpContext context)
         at Microsoft.AspNetCore.Diagnostics.DeveloperExceptionPageMiddlewareImpl.Invoke(HttpContext context)
dbug: Microsoft.EntityFrameworkCore.Infrastructure[10407]
      'GpssStudioDbContext' disposed.
dbug: Microsoft.EntityFrameworkCore.Database.Connection[20007]
      Disposing connection to database 'gpss' on server 'tcp://localhost:5432'.
dbug: Microsoft.EntityFrameworkCore.Database.Connection[20008]
      Disposed connection to database 'gpss' on server 'tcp://localhost:5432' (0ms).
info: Microsoft.AspNetCore.Hosting.Diagnostics[2]
      Request finished HTTP/1.1 GET http://127.0.0.1:3001/api/alina-gpss/studio/tebs/libraries/0/classes/3ef71b95-07f7-41c6-b532-03d83d8a3973 - 500 - text/plain;+charset=utf-8 2047.9197ms
info: Microsoft.AspNetCore.Hosting.Diagnostics[1]
      Request starting HTTP/1.1 GET http://127.0.0.1:3001/api/alina-gpss/studio/tebs/libraries/0/classes/3ef71b95-07f7-41c6-b532-03d83d8a3973 - - -
info: Microsoft.AspNetCore.Routing.EndpointMiddleware[0]
      Executing endpoint 'GpssStudio.WebApi.Controllers.TebManagementController.GetClass (GpssStudio.WebApi)'
info: Microsoft.AspNetCore.Mvc.Infrastructure.ControllerActionInvoker[102]
      Route matched with {action = "GetClass", controller = "TebManagement"}. Executing controller action with signature System.Threading.Tasks.Task`1[Microsoft.AspNetCore.Mvc.IActionResult] GetClass(System.String, System.Guid, System.Threading.CancellationToken) on controller GpssStudio.WebApi.Controllers.TebManagementController (GpssStudio.WebApi).
dbug: Microsoft.EntityFrameworkCore.Infrastructure[10403]
      Entity Framework Core 8.0.8 initialized 'GpssStudioDbContext' using provider 'Npgsql.EntityFrameworkCore.PostgreSQL:8.0.8+55dd99eca42e9c6d6085961c60a0704373919a54' with options: None
dbug: Microsoft.EntityFrameworkCore.Database.Connection[20005]
      Creating DbConnection.
dbug: Microsoft.EntityFrameworkCore.Database.Connection[20006]
      Created DbConnection. (0ms).
dbug: Microsoft.EntityFrameworkCore.Database.Connection[20000]
      Opening connection to database 'gpss' on server 'tcp://localhost:5432'.
fail: Microsoft.EntityFrameworkCore.Database.Connection[20004]
      An error occurred using the connection to database 'gpss' on server 'tcp://localhost:5432'.
fail: Microsoft.EntityFrameworkCore.Query[10100]
      An exception occurred while iterating over the results of a query for context type 'GpssStudio.WebApi.Infrastructure.Persistence.GpssStudioDbContext'.
      System.InvalidOperationException: An exception has been raised that is likely due to a transient failure.
       ---> Npgsql.NpgsqlException (0x80004005): Failed to connect to 127.0.0.1:5432
       ---> System.Net.Sockets.SocketException (10061): Подключение не установлено, т.к. конечный компьютер отверг запрос на подключение.
         at System.Net.Sockets.Socket.AwaitableSocketAsyncEventArgs.ThrowException(SocketError error, CancellationToken cancellationToken)
         at System.Net.Sockets.Socket.AwaitableSocketAsyncEventArgs.System.Threading.Tasks.Sources.IValueTaskSource.GetResult(Int16 token)
         at System.Net.Sockets.Socket.<ConnectAsync>g__WaitForConnectWithCancellation|285_0(AwaitableSocketAsyncEventArgs saea, ValueTask connectTask, CancellationToken cancellationToken)
         at Npgsql.TaskTimeoutAndCancellation.ExecuteAsync(Func`2 getTaskFunc, NpgsqlTimeout timeout, CancellationToken cancellationToken)
         at Npgsql.Internal.NpgsqlConnector.ConnectAsync(NpgsqlTimeout timeout, CancellationToken cancellationToken)
         at Npgsql.Internal.NpgsqlConnector.ConnectAsync(NpgsqlTimeout timeout, CancellationToken cancellationToken)
         at Npgsql.Internal.NpgsqlConnector.RawOpen(SslMode sslMode, NpgsqlTimeout timeout, Boolean async, CancellationToken cancellationToken, Boolean isFirstAttempt)
         at Npgsql.Internal.NpgsqlConnector.<Open>g__OpenCore|213_1(NpgsqlConnector conn, SslMode sslMode, NpgsqlTimeout timeout, Boolean async, CancellationToken cancellationToken, Boolean isFirstAttempt)
         at Npgsql.Internal.NpgsqlConnector.Open(NpgsqlTimeout timeout, Boolean async, CancellationToken cancellationToken)
         at Npgsql.PoolingDataSource.OpenNewConnector(NpgsqlConnection conn, NpgsqlTimeout timeout, Boolean async, CancellationToken cancellationToken)
         at Npgsql.PoolingDataSource.<Get>g__RentAsync|33_0(NpgsqlConnection conn, NpgsqlTimeout timeout, Boolean async, CancellationToken cancellationToken)
         at Npgsql.NpgsqlConnection.<Open>g__OpenAsync|42_0(Boolean async, CancellationToken cancellationToken)
         at Microsoft.EntityFrameworkCore.Storage.RelationalConnection.OpenInternalAsync(Boolean errorsExpected, CancellationToken cancellationToken)
         at Microsoft.EntityFrameworkCore.Storage.RelationalConnection.OpenInternalAsync(Boolean errorsExpected, CancellationToken cancellationToken)
         at Microsoft.EntityFrameworkCore.Storage.RelationalConnection.OpenAsync(CancellationToken cancellationToken, Boolean errorsExpected)
         at Microsoft.EntityFrameworkCore.Storage.RelationalCommand.ExecuteReaderAsync(RelationalCommandParameterObject parameterObject, CancellationToken cancellationToken)
         at Microsoft.EntityFrameworkCore.Query.Internal.SingleQueryingEnumerable`1.AsyncEnumerator.InitializeReaderAsync(AsyncEnumerator enumerator, CancellationToken cancellationToken)
         at Npgsql.EntityFrameworkCore.PostgreSQL.Storage.Internal.NpgsqlExecutionStrategy.ExecuteAsync[TState,TResult](TState state, Func`4 operation, Func`4 verifySucceeded, CancellationToken cancellationToken)
         --- End of inner exception stack trace ---
         at Npgsql.EntityFrameworkCore.PostgreSQL.Storage.Internal.NpgsqlExecutionStrategy.ExecuteAsync[TState,TResult](TState state, Func`4 operation, Func`4 verifySucceeded, CancellationToken cancellationToken)
         at Microsoft.EntityFrameworkCore.Query.Internal.SingleQueryingEnumerable`1.AsyncEnumerator.MoveNextAsync()
      System.InvalidOperationException: An exception has been raised that is likely due to a transient failure.
       ---> Npgsql.NpgsqlException (0x80004005): Failed to connect to 127.0.0.1:5432
       ---> System.Net.Sockets.SocketException (10061): Подключение не установлено, т.к. конечный компьютер отверг запрос на подключение.
         at System.Net.Sockets.Socket.AwaitableSocketAsyncEventArgs.ThrowException(SocketError error, CancellationToken cancellationToken)
         at System.Net.Sockets.Socket.AwaitableSocketAsyncEventArgs.System.Threading.Tasks.Sources.IValueTaskSource.GetResult(Int16 token)
         at System.Net.Sockets.Socket.<ConnectAsync>g__WaitForConnectWithCancellation|285_0(AwaitableSocketAsyncEventArgs saea, ValueTask connectTask, CancellationToken cancellationToken)
         at Npgsql.TaskTimeoutAndCancellation.ExecuteAsync(Func`2 getTaskFunc, NpgsqlTimeout timeout, CancellationToken cancellationToken)
         at Npgsql.Internal.NpgsqlConnector.ConnectAsync(NpgsqlTimeout timeout, CancellationToken cancellationToken)
         at Npgsql.Internal.NpgsqlConnector.ConnectAsync(NpgsqlTimeout timeout, CancellationToken cancellationToken)
         at Npgsql.Internal.NpgsqlConnector.RawOpen(SslMode sslMode, NpgsqlTimeout timeout, Boolean async, CancellationToken cancellationToken, Boolean isFirstAttempt)
         at Npgsql.Internal.NpgsqlConnector.<Open>g__OpenCore|213_1(NpgsqlConnector conn, SslMode sslMode, NpgsqlTimeout timeout, Boolean async, CancellationToken cancellationToken, Boolean isFirstAttempt)
         at Npgsql.Internal.NpgsqlConnector.Open(NpgsqlTimeout timeout, Boolean async, CancellationToken cancellationToken)
         at Npgsql.PoolingDataSource.OpenNewConnector(NpgsqlConnection conn, NpgsqlTimeout timeout, Boolean async, CancellationToken cancellationToken)
         at Npgsql.PoolingDataSource.<Get>g__RentAsync|33_0(NpgsqlConnection conn, NpgsqlTimeout timeout, Boolean async, CancellationToken cancellationToken)
         at Npgsql.NpgsqlConnection.<Open>g__OpenAsync|42_0(Boolean async, CancellationToken cancellationToken)
         at Microsoft.EntityFrameworkCore.Storage.RelationalConnection.OpenInternalAsync(Boolean errorsExpected, CancellationToken cancellationToken)
         at Microsoft.EntityFrameworkCore.Storage.RelationalConnection.OpenInternalAsync(Boolean errorsExpected, CancellationToken cancellationToken)
         at Microsoft.EntityFrameworkCore.Storage.RelationalConnection.OpenAsync(CancellationToken cancellationToken, Boolean errorsExpected)
         at Microsoft.EntityFrameworkCore.Storage.RelationalCommand.ExecuteReaderAsync(RelationalCommandParameterObject parameterObject, CancellationToken cancellationToken)
         at Microsoft.EntityFrameworkCore.Query.Internal.SingleQueryingEnumerable`1.AsyncEnumerator.InitializeReaderAsync(AsyncEnumerator enumerator, CancellationToken cancellationToken)
         at Npgsql.EntityFrameworkCore.PostgreSQL.Storage.Internal.NpgsqlExecutionStrategy.ExecuteAsync[TState,TResult](TState state, Func`4 operation, Func`4 verifySucceeded, CancellationToken cancellationToken)
         --- End of inner exception stack trace ---
         at Npgsql.EntityFrameworkCore.PostgreSQL.Storage.Internal.NpgsqlExecutionStrategy.ExecuteAsync[TState,TResult](TState state, Func`4 operation, Func`4 verifySucceeded, CancellationToken cancellationToken)
         at Microsoft.EntityFrameworkCore.Query.Internal.SingleQueryingEnumerable`1.AsyncEnumerator.MoveNextAsync()
info: Microsoft.AspNetCore.Mvc.Infrastructure.ControllerActionInvoker[105]
      Executed action GpssStudio.WebApi.Controllers.TebManagementController.GetClass (GpssStudio.WebApi) in 2022.1302ms
info: Microsoft.AspNetCore.Routing.EndpointMiddleware[1]
      Executed endpoint 'GpssStudio.WebApi.Controllers.TebManagementController.GetClass (GpssStudio.WebApi)'
fail: Microsoft.AspNetCore.Diagnostics.DeveloperExceptionPageMiddleware[1]
      An unhandled exception has occurred while executing the request.
      System.InvalidOperationException: An exception has been raised that is likely due to a transient failure.
       ---> Npgsql.NpgsqlException (0x80004005): Failed to connect to 127.0.0.1:5432
       ---> System.Net.Sockets.SocketException (10061): Подключение не установлено, т.к. конечный компьютер отверг запрос на подключение.
         at System.Net.Sockets.Socket.AwaitableSocketAsyncEventArgs.ThrowException(SocketError error, CancellationToken cancellationToken)
         at System.Net.Sockets.Socket.AwaitableSocketAsyncEventArgs.System.Threading.Tasks.Sources.IValueTaskSource.GetResult(Int16 token)
         at System.Net.Sockets.Socket.<ConnectAsync>g__WaitForConnectWithCancellation|285_0(AwaitableSocketAsyncEventArgs saea, ValueTask connectTask, CancellationToken cancellationToken)
         at Npgsql.TaskTimeoutAndCancellation.ExecuteAsync(Func`2 getTaskFunc, NpgsqlTimeout timeout, CancellationToken cancellationToken)
         at Npgsql.Internal.NpgsqlConnector.ConnectAsync(NpgsqlTimeout timeout, CancellationToken cancellationToken)
         at Npgsql.Internal.NpgsqlConnector.ConnectAsync(NpgsqlTimeout timeout, CancellationToken cancellationToken)
         at Npgsql.Internal.NpgsqlConnector.RawOpen(SslMode sslMode, NpgsqlTimeout timeout, Boolean async, CancellationToken cancellationToken, Boolean isFirstAttempt)
         at Npgsql.Internal.NpgsqlConnector.<Open>g__OpenCore|213_1(NpgsqlConnector conn, SslMode sslMode, NpgsqlTimeout timeout, Boolean async, CancellationToken cancellationToken, Boolean isFirstAttempt)
         at Npgsql.Internal.NpgsqlConnector.Open(NpgsqlTimeout timeout, Boolean async, CancellationToken cancellationToken)
         at Npgsql.PoolingDataSource.OpenNewConnector(NpgsqlConnection conn, NpgsqlTimeout timeout, Boolean async, CancellationToken cancellationToken)
         at Npgsql.PoolingDataSource.<Get>g__RentAsync|33_0(NpgsqlConnection conn, NpgsqlTimeout timeout, Boolean async, CancellationToken cancellationToken)
         at Npgsql.NpgsqlConnection.<Open>g__OpenAsync|42_0(Boolean async, CancellationToken cancellationToken)
         at Microsoft.EntityFrameworkCore.Storage.RelationalConnection.OpenInternalAsync(Boolean errorsExpected, CancellationToken cancellationToken)
         at Microsoft.EntityFrameworkCore.Storage.RelationalConnection.OpenInternalAsync(Boolean errorsExpected, CancellationToken cancellationToken)
         at Microsoft.EntityFrameworkCore.Storage.RelationalConnection.OpenAsync(CancellationToken cancellationToken, Boolean errorsExpected)
         at Microsoft.EntityFrameworkCore.Storage.RelationalCommand.ExecuteReaderAsync(RelationalCommandParameterObject parameterObject, CancellationToken cancellationToken)
         at Microsoft.EntityFrameworkCore.Query.Internal.SingleQueryingEnumerable`1.AsyncEnumerator.InitializeReaderAsync(AsyncEnumerator enumerator, CancellationToken cancellationToken)
         at Npgsql.EntityFrameworkCore.PostgreSQL.Storage.Internal.NpgsqlExecutionStrategy.ExecuteAsync[TState,TResult](TState state, Func`4 operation, Func`4 verifySucceeded, CancellationToken cancellationToken)
         --- End of inner exception stack trace ---
         at Npgsql.EntityFrameworkCore.PostgreSQL.Storage.Internal.NpgsqlExecutionStrategy.ExecuteAsync[TState,TResult](TState state, Func`4 operation, Func`4 verifySucceeded, CancellationToken cancellationToken)
         at Microsoft.EntityFrameworkCore.Query.Internal.SingleQueryingEnumerable`1.AsyncEnumerator.MoveNextAsync()
         at Microsoft.EntityFrameworkCore.Query.ShapedQueryCompilingExpressionVisitor.SingleOrDefaultAsync[TSource](IAsyncEnumerable`1 asyncEnumerable, CancellationToken cancellationToken)
         at Microsoft.EntityFrameworkCore.Query.ShapedQueryCompilingExpressionVisitor.SingleOrDefaultAsync[TSource](IAsyncEnumerable`1 asyncEnumerable, CancellationToken cancellationToken)
         at GpssStudio.WebApi.Infrastructure.Persistence.Repositories.TebRepository.BuildAggregateAsync(String libraryId, Guid classId, CancellationToken cancellationToken) in C:\Users\timur\OneDrive\Документы\GitHub\gpss\backend\GpssStudio.WebApi\Infrastructure\Persistence\Repositories\TebRepository.cs:line 345
         at GpssStudio.WebApi.Infrastructure.Persistence.Repositories.TebRepository.GetClassAsync(String libraryId, Guid classId, CancellationToken cancellationToken) in C:\Users\timur\OneDrive\Документы\GitHub\gpss\backend\GpssStudio.WebApi\Infrastructure\Persistence\Repositories\TebRepository.cs:line 28
         at GpssStudio.WebApi.Application.Tebs.Services.TebService.GetClassAsync(String libraryId, Guid classId, CancellationToken cancellationToken) in C:\Users\timur\OneDrive\Документы\GitHub\gpss\backend\GpssStudio.WebApi\Application\Tebs\Services\TebService.cs:line 22
         at GpssStudio.WebApi.Controllers.TebManagementController.GetClass(String libraryId, Guid classId, CancellationToken cancellationToken) in C:\Users\timur\OneDrive\Документы\GitHub\gpss\backend\GpssStudio.WebApi\Controllers\TebManagementController.cs:line 27
         at Microsoft.AspNetCore.Mvc.Infrastructure.ActionMethodExecutor.TaskOfIActionResultExecutor.Execute(ActionContext actionContext, IActionResultTypeMapper mapper, ObjectMethodExecutor executor, Object controller, Object[] arguments)
         at Microsoft.AspNetCore.Mvc.Infrastructure.ControllerActionInvoker.<InvokeActionMethodAsync>g__Awaited|12_0(ControllerActionInvoker invoker, ValueTask`1 actionResultValueTask)
         at Microsoft.AspNetCore.Mvc.Infrastructure.ControllerActionInvoker.<InvokeNextActionFilterAsync>g__Awaited|10_0(ControllerActionInvoker invoker, Task lastTask, State next, Scope scope, Object state, Boolean isCompleted)
         at Microsoft.AspNetCore.Mvc.Infrastructure.ControllerActionInvoker.Rethrow(ActionExecutedContextSealed context)
         at Microsoft.AspNetCore.Mvc.Infrastructure.ControllerActionInvoker.Next(State& next, Scope& scope, Object& state, Boolean& isCompleted)
         at Microsoft.AspNetCore.Mvc.Infrastructure.ControllerActionInvoker.<InvokeInnerFilterAsync>g__Awaited|13_0(ControllerActionInvoker invoker, Task lastTask, State next, Scope scope, Object state, Boolean isCompleted)
         at Microsoft.AspNetCore.Mvc.Infrastructure.ResourceInvoker.<InvokeFilterPipelineAsync>g__Awaited|20_0(ResourceInvoker invoker, Task lastTask, State next, Scope scope, Object state, Boolean isCompleted)
         at Microsoft.AspNetCore.Mvc.Infrastructure.ResourceInvoker.<InvokeAsync>g__Logged|17_1(ResourceInvoker invoker)
         at Microsoft.AspNetCore.Mvc.Infrastructure.ResourceInvoker.<InvokeAsync>g__Logged|17_1(ResourceInvoker invoker)
         at Microsoft.AspNetCore.Routing.EndpointMiddleware.<Invoke>g__AwaitRequestTask|7_0(Endpoint endpoint, Task requestTask, ILogger logger)
         at Microsoft.AspNetCore.Authorization.AuthorizationMiddleware.Invoke(HttpContext context)
         at Swashbuckle.AspNetCore.SwaggerUI.SwaggerUIMiddleware.Invoke(HttpContext httpContext)
         at Swashbuckle.AspNetCore.Swagger.SwaggerMiddleware.Invoke(HttpContext httpContext, ISwaggerProvider swaggerProvider)
         at Microsoft.AspNetCore.Authentication.AuthenticationMiddleware.Invoke(HttpContext context)
         at Microsoft.AspNetCore.Diagnostics.DeveloperExceptionPageMiddlewareImpl.Invoke(HttpContext context)
dbug: Microsoft.EntityFrameworkCore.Infrastructure[10407]
      'GpssStudioDbContext' disposed.
dbug: Microsoft.EntityFrameworkCore.Database.Connection[20007]
      Disposing connection to database 'gpss' on server 'tcp://localhost:5432'.
dbug: Microsoft.EntityFrameworkCore.Database.Connection[20008]
      Disposed connection to database 'gpss' on server 'tcp://localhost:5432' (0ms).
info: Microsoft.AspNetCore.Hosting.Diagnostics[2]
      Request finished HTTP/1.1 GET http://127.0.0.1:3001/api/alina-gpss/studio/tebs/libraries/0/classes/3ef71b95-07f7-41c6-b532-03d83d8a3973 - 500 - text/plain;+charset=utf-8 2025.1435ms
info: Microsoft.AspNetCore.Hosting.Diagnostics[1]
      Request starting HTTP/1.1 GET http://127.0.0.1:3001/api/alina-gpss/studio/tebs/libraries/0/classes/3ef71b95-07f7-41c6-b532-03d83d8a3973 - - -
info: Microsoft.AspNetCore.Routing.EndpointMiddleware[0]
      Executing endpoint 'GpssStudio.WebApi.Controllers.TebManagementController.GetClass (GpssStudio.WebApi)'
info: Microsoft.AspNetCore.Mvc.Infrastructure.ControllerActionInvoker[102]
      Route matched with {action = "GetClass", controller = "TebManagement"}. Executing controller action with signature System.Threading.Tasks.Task`1[Microsoft.AspNetCore.Mvc.IActionResult] GetClass(System.String, System.Guid, System.Threading.CancellationToken) on controller GpssStudio.WebApi.Controllers.TebManagementController (GpssStudio.WebApi).
dbug: Microsoft.EntityFrameworkCore.Infrastructure[10403]
      Entity Framework Core 8.0.8 initialized 'GpssStudioDbContext' using provider 'Npgsql.EntityFrameworkCore.PostgreSQL:8.0.8+55dd99eca42e9c6d6085961c60a0704373919a54' with options: None
dbug: Microsoft.EntityFrameworkCore.Database.Connection[20005]
      Creating DbConnection.
dbug: Microsoft.EntityFrameworkCore.Database.Connection[20006]
      Created DbConnection. (0ms).
dbug: Microsoft.EntityFrameworkCore.Database.Connection[20000]
      Opening connection to database 'gpss' on server 'tcp://localhost:5432'.
fail: Microsoft.EntityFrameworkCore.Database.Connection[20004]
      An error occurred using the connection to database 'gpss' on server 'tcp://localhost:5432'.
fail: Microsoft.EntityFrameworkCore.Query[10100]
      An exception occurred while iterating over the results of a query for context type 'GpssStudio.WebApi.Infrastructure.Persistence.GpssStudioDbContext'.
      System.InvalidOperationException: An exception has been raised that is likely due to a transient failure.
       ---> Npgsql.NpgsqlException (0x80004005): Failed to connect to 127.0.0.1:5432
       ---> System.Net.Sockets.SocketException (10061): Подключение не установлено, т.к. конечный компьютер отверг запрос на подключение.
         at System.Net.Sockets.Socket.AwaitableSocketAsyncEventArgs.ThrowException(SocketError error, CancellationToken cancellationToken)
         at System.Net.Sockets.Socket.AwaitableSocketAsyncEventArgs.System.Threading.Tasks.Sources.IValueTaskSource.GetResult(Int16 token)
         at System.Net.Sockets.Socket.<ConnectAsync>g__WaitForConnectWithCancellation|285_0(AwaitableSocketAsyncEventArgs saea, ValueTask connectTask, CancellationToken cancellationToken)
         at Npgsql.TaskTimeoutAndCancellation.ExecuteAsync(Func`2 getTaskFunc, NpgsqlTimeout timeout, CancellationToken cancellationToken)
         at Npgsql.Internal.NpgsqlConnector.ConnectAsync(NpgsqlTimeout timeout, CancellationToken cancellationToken)
         at Npgsql.Internal.NpgsqlConnector.ConnectAsync(NpgsqlTimeout timeout, CancellationToken cancellationToken)
         at Npgsql.Internal.NpgsqlConnector.RawOpen(SslMode sslMode, NpgsqlTimeout timeout, Boolean async, CancellationToken cancellationToken, Boolean isFirstAttempt)
         at Npgsql.Internal.NpgsqlConnector.<Open>g__OpenCore|213_1(NpgsqlConnector conn, SslMode sslMode, NpgsqlTimeout timeout, Boolean async, CancellationToken cancellationToken, Boolean isFirstAttempt)
         at Npgsql.Internal.NpgsqlConnector.Open(NpgsqlTimeout timeout, Boolean async, CancellationToken cancellationToken)
         at Npgsql.PoolingDataSource.OpenNewConnector(NpgsqlConnection conn, NpgsqlTimeout timeout, Boolean async, CancellationToken cancellationToken)
         at Npgsql.PoolingDataSource.<Get>g__RentAsync|33_0(NpgsqlConnection conn, NpgsqlTimeout timeout, Boolean async, CancellationToken cancellationToken)
         at Npgsql.NpgsqlConnection.<Open>g__OpenAsync|42_0(Boolean async, CancellationToken cancellationToken)
         at Microsoft.EntityFrameworkCore.Storage.RelationalConnection.OpenInternalAsync(Boolean errorsExpected, CancellationToken cancellationToken)
         at Microsoft.EntityFrameworkCore.Storage.RelationalConnection.OpenInternalAsync(Boolean errorsExpected, CancellationToken cancellationToken)
         at Microsoft.EntityFrameworkCore.Storage.RelationalConnection.OpenAsync(CancellationToken cancellationToken, Boolean errorsExpected)
         at Microsoft.EntityFrameworkCore.Storage.RelationalCommand.ExecuteReaderAsync(RelationalCommandParameterObject parameterObject, CancellationToken cancellationToken)
         at Microsoft.EntityFrameworkCore.Query.Internal.SingleQueryingEnumerable`1.AsyncEnumerator.InitializeReaderAsync(AsyncEnumerator enumerator, CancellationToken cancellationToken)
         at Npgsql.EntityFrameworkCore.PostgreSQL.Storage.Internal.NpgsqlExecutionStrategy.ExecuteAsync[TState,TResult](TState state, Func`4 operation, Func`4 verifySucceeded, CancellationToken cancellationToken)
         --- End of inner exception stack trace ---
         at Npgsql.EntityFrameworkCore.PostgreSQL.Storage.Internal.NpgsqlExecutionStrategy.ExecuteAsync[TState,TResult](TState state, Func`4 operation, Func`4 verifySucceeded, CancellationToken cancellationToken)
         at Microsoft.EntityFrameworkCore.Query.Internal.SingleQueryingEnumerable`1.AsyncEnumerator.MoveNextAsync()
      System.InvalidOperationException: An exception has been raised that is likely due to a transient failure.
       ---> Npgsql.NpgsqlException (0x80004005): Failed to connect to 127.0.0.1:5432
       ---> System.Net.Sockets.SocketException (10061): Подключение не установлено, т.к. конечный компьютер отверг запрос на подключение.
         at System.Net.Sockets.Socket.AwaitableSocketAsyncEventArgs.ThrowException(SocketError error, CancellationToken cancellationToken)
         at System.Net.Sockets.Socket.AwaitableSocketAsyncEventArgs.System.Threading.Tasks.Sources.IValueTaskSource.GetResult(Int16 token)
         at System.Net.Sockets.Socket.<ConnectAsync>g__WaitForConnectWithCancellation|285_0(AwaitableSocketAsyncEventArgs saea, ValueTask connectTask, CancellationToken cancellationToken)
         at Npgsql.TaskTimeoutAndCancellation.ExecuteAsync(Func`2 getTaskFunc, NpgsqlTimeout timeout, CancellationToken cancellationToken)
         at Npgsql.Internal.NpgsqlConnector.ConnectAsync(NpgsqlTimeout timeout, CancellationToken cancellationToken)
         at Npgsql.Internal.NpgsqlConnector.ConnectAsync(NpgsqlTimeout timeout, CancellationToken cancellationToken)
         at Npgsql.Internal.NpgsqlConnector.RawOpen(SslMode sslMode, NpgsqlTimeout timeout, Boolean async, CancellationToken cancellationToken, Boolean isFirstAttempt)
         at Npgsql.Internal.NpgsqlConnector.<Open>g__OpenCore|213_1(NpgsqlConnector conn, SslMode sslMode, NpgsqlTimeout timeout, Boolean async, CancellationToken cancellationToken, Boolean isFirstAttempt)
         at Npgsql.Internal.NpgsqlConnector.Open(NpgsqlTimeout timeout, Boolean async, CancellationToken cancellationToken)
         at Npgsql.PoolingDataSource.OpenNewConnector(NpgsqlConnection conn, NpgsqlTimeout timeout, Boolean async, CancellationToken cancellationToken)
         at Npgsql.PoolingDataSource.<Get>g__RentAsync|33_0(NpgsqlConnection conn, NpgsqlTimeout timeout, Boolean async, CancellationToken cancellationToken)
         at Npgsql.NpgsqlConnection.<Open>g__OpenAsync|42_0(Boolean async, CancellationToken cancellationToken)
         at Microsoft.EntityFrameworkCore.Storage.RelationalConnection.OpenInternalAsync(Boolean errorsExpected, CancellationToken cancellationToken)
         at Microsoft.EntityFrameworkCore.Storage.RelationalConnection.OpenInternalAsync(Boolean errorsExpected, CancellationToken cancellationToken)
         at Microsoft.EntityFrameworkCore.Storage.RelationalConnection.OpenAsync(CancellationToken cancellationToken, Boolean errorsExpected)
         at Microsoft.EntityFrameworkCore.Storage.RelationalCommand.ExecuteReaderAsync(RelationalCommandParameterObject parameterObject, CancellationToken cancellationToken)
         at Microsoft.EntityFrameworkCore.Query.Internal.SingleQueryingEnumerable`1.AsyncEnumerator.InitializeReaderAsync(AsyncEnumerator enumerator, CancellationToken cancellationToken)
         at Npgsql.EntityFrameworkCore.PostgreSQL.Storage.Internal.NpgsqlExecutionStrategy.ExecuteAsync[TState,TResult](TState state, Func`4 operation, Func`4 verifySucceeded, CancellationToken cancellationToken)
         --- End of inner exception stack trace ---
         at Npgsql.EntityFrameworkCore.PostgreSQL.Storage.Internal.NpgsqlExecutionStrategy.ExecuteAsync[TState,TResult](TState state, Func`4 operation, Func`4 verifySucceeded, CancellationToken cancellationToken)
         at Microsoft.EntityFrameworkCore.Query.Internal.SingleQueryingEnumerable`1.AsyncEnumerator.MoveNextAsync()
info: Microsoft.AspNetCore.Mvc.Infrastructure.ControllerActionInvoker[105]
      Executed action GpssStudio.WebApi.Controllers.TebManagementController.GetClass (GpssStudio.WebApi) in 2018.6142ms
info: Microsoft.AspNetCore.Routing.EndpointMiddleware[1]
      Executed endpoint 'GpssStudio.WebApi.Controllers.TebManagementController.GetClass (GpssStudio.WebApi)'
fail: Microsoft.AspNetCore.Diagnostics.DeveloperExceptionPageMiddleware[1]
      An unhandled exception has occurred while executing the request.
      System.InvalidOperationException: An exception has been raised that is likely due to a transient failure.
       ---> Npgsql.NpgsqlException (0x80004005): Failed to connect to 127.0.0.1:5432
       ---> System.Net.Sockets.SocketException (10061): Подключение не установлено, т.к. конечный компьютер отверг запрос на подключение.
         at System.Net.Sockets.Socket.AwaitableSocketAsyncEventArgs.ThrowException(SocketError error, CancellationToken cancellationToken)
         at System.Net.Sockets.Socket.AwaitableSocketAsyncEventArgs.System.Threading.Tasks.Sources.IValueTaskSource.GetResult(Int16 token)
         at System.Net.Sockets.Socket.<ConnectAsync>g__WaitForConnectWithCancellation|285_0(AwaitableSocketAsyncEventArgs saea, ValueTask connectTask, CancellationToken cancellationToken)
         at Npgsql.TaskTimeoutAndCancellation.ExecuteAsync(Func`2 getTaskFunc, NpgsqlTimeout timeout, CancellationToken cancellationToken)
         at Npgsql.Internal.NpgsqlConnector.ConnectAsync(NpgsqlTimeout timeout, CancellationToken cancellationToken)
         at Npgsql.Internal.NpgsqlConnector.ConnectAsync(NpgsqlTimeout timeout, CancellationToken cancellationToken)
         at Npgsql.Internal.NpgsqlConnector.RawOpen(SslMode sslMode, NpgsqlTimeout timeout, Boolean async, CancellationToken cancellationToken, Boolean isFirstAttempt)
         at Npgsql.Internal.NpgsqlConnector.<Open>g__OpenCore|213_1(NpgsqlConnector conn, SslMode sslMode, NpgsqlTimeout timeout, Boolean async, CancellationToken cancellationToken, Boolean isFirstAttempt)
         at Npgsql.Internal.NpgsqlConnector.Open(NpgsqlTimeout timeout, Boolean async, CancellationToken cancellationToken)
         at Npgsql.PoolingDataSource.OpenNewConnector(NpgsqlConnection conn, NpgsqlTimeout timeout, Boolean async, CancellationToken cancellationToken)
         at Npgsql.PoolingDataSource.<Get>g__RentAsync|33_0(NpgsqlConnection conn, NpgsqlTimeout timeout, Boolean async, CancellationToken cancellationToken)
         at Npgsql.NpgsqlConnection.<Open>g__OpenAsync|42_0(Boolean async, CancellationToken cancellationToken)
         at Microsoft.EntityFrameworkCore.Storage.RelationalConnection.OpenInternalAsync(Boolean errorsExpected, CancellationToken cancellationToken)
         at Microsoft.EntityFrameworkCore.Storage.RelationalConnection.OpenInternalAsync(Boolean errorsExpected, CancellationToken cancellationToken)
         at Microsoft.EntityFrameworkCore.Storage.RelationalConnection.OpenAsync(CancellationToken cancellationToken, Boolean errorsExpected)
         at Microsoft.EntityFrameworkCore.Storage.RelationalCommand.ExecuteReaderAsync(RelationalCommandParameterObject parameterObject, CancellationToken cancellationToken)
         at Microsoft.EntityFrameworkCore.Query.Internal.SingleQueryingEnumerable`1.AsyncEnumerator.InitializeReaderAsync(AsyncEnumerator enumerator, CancellationToken cancellationToken)
         at Npgsql.EntityFrameworkCore.PostgreSQL.Storage.Internal.NpgsqlExecutionStrategy.ExecuteAsync[TState,TResult](TState state, Func`4 operation, Func`4 verifySucceeded, CancellationToken cancellationToken)
         --- End of inner exception stack trace ---
         at Npgsql.EntityFrameworkCore.PostgreSQL.Storage.Internal.NpgsqlExecutionStrategy.ExecuteAsync[TState,TResult](TState state, Func`4 operation, Func`4 verifySucceeded, CancellationToken cancellationToken)
         at Microsoft.EntityFrameworkCore.Query.Internal.SingleQueryingEnumerable`1.AsyncEnumerator.MoveNextAsync()
         at Microsoft.EntityFrameworkCore.Query.ShapedQueryCompilingExpressionVisitor.SingleOrDefaultAsync[TSource](IAsyncEnumerable`1 asyncEnumerable, CancellationToken cancellationToken)
         at Microsoft.EntityFrameworkCore.Query.ShapedQueryCompilingExpressionVisitor.SingleOrDefaultAsync[TSource](IAsyncEnumerable`1 asyncEnumerable, CancellationToken cancellationToken)
         at GpssStudio.WebApi.Infrastructure.Persistence.Repositories.TebRepository.BuildAggregateAsync(String libraryId, Guid classId, CancellationToken cancellationToken) in C:\Users\timur\OneDrive\Документы\GitHub\gpss\backend\GpssStudio.WebApi\Infrastructure\Persistence\Repositories\TebRepository.cs:line 345
         at GpssStudio.WebApi.Infrastructure.Persistence.Repositories.TebRepository.GetClassAsync(String libraryId, Guid classId, CancellationToken cancellationToken) in C:\Users\timur\OneDrive\Документы\GitHub\gpss\backend\GpssStudio.WebApi\Infrastructure\Persistence\Repositories\TebRepository.cs:line 28
         at GpssStudio.WebApi.Application.Tebs.Services.TebService.GetClassAsync(String libraryId, Guid classId, CancellationToken cancellationToken) in C:\Users\timur\OneDrive\Документы\GitHub\gpss\backend\GpssStudio.WebApi\Application\Tebs\Services\TebService.cs:line 22
         at GpssStudio.WebApi.Controllers.TebManagementController.GetClass(String libraryId, Guid classId, CancellationToken cancellationToken) in C:\Users\timur\OneDrive\Документы\GitHub\gpss\backend\GpssStudio.WebApi\Controllers\TebManagementController.cs:line 27
         at Microsoft.AspNetCore.Mvc.Infrastructure.ActionMethodExecutor.TaskOfIActionResultExecutor.Execute(ActionContext actionContext, IActionResultTypeMapper mapper, ObjectMethodExecutor executor, Object controller, Object[] arguments)
         at Microsoft.AspNetCore.Mvc.Infrastructure.ControllerActionInvoker.<InvokeActionMethodAsync>g__Awaited|12_0(ControllerActionInvoker invoker, ValueTask`1 actionResultValueTask)
         at Microsoft.AspNetCore.Mvc.Infrastructure.ControllerActionInvoker.<InvokeNextActionFilterAsync>g__Awaited|10_0(ControllerActionInvoker invoker, Task lastTask, State next, Scope scope, Object state, Boolean isCompleted)
         at Microsoft.AspNetCore.Mvc.Infrastructure.ControllerActionInvoker.Rethrow(ActionExecutedContextSealed context)
         at Microsoft.AspNetCore.Mvc.Infrastructure.ControllerActionInvoker.Next(State& next, Scope& scope, Object& state, Boolean& isCompleted)
         at Microsoft.AspNetCore.Mvc.Infrastructure.ControllerActionInvoker.<InvokeInnerFilterAsync>g__Awaited|13_0(ControllerActionInvoker invoker, Task lastTask, State next, Scope scope, Object state, Boolean isCompleted)
         at Microsoft.AspNetCore.Mvc.Infrastructure.ResourceInvoker.<InvokeFilterPipelineAsync>g__Awaited|20_0(ResourceInvoker invoker, Task lastTask, State next, Scope scope, Object state, Boolean isCompleted)
         at Microsoft.AspNetCore.Mvc.Infrastructure.ResourceInvoker.<InvokeAsync>g__Logged|17_1(ResourceInvoker invoker)
         at Microsoft.AspNetCore.Mvc.Infrastructure.ResourceInvoker.<InvokeAsync>g__Logged|17_1(ResourceInvoker invoker)
         at Microsoft.AspNetCore.Routing.EndpointMiddleware.<Invoke>g__AwaitRequestTask|7_0(Endpoint endpoint, Task requestTask, ILogger logger)
         at Microsoft.AspNetCore.Authorization.AuthorizationMiddleware.Invoke(HttpContext context)
         at Swashbuckle.AspNetCore.SwaggerUI.SwaggerUIMiddleware.Invoke(HttpContext httpContext)
         at Swashbuckle.AspNetCore.Swagger.SwaggerMiddleware.Invoke(HttpContext httpContext, ISwaggerProvider swaggerProvider)
         at Microsoft.AspNetCore.Authentication.AuthenticationMiddleware.Invoke(HttpContext context)
         at Microsoft.AspNetCore.Diagnostics.DeveloperExceptionPageMiddlewareImpl.Invoke(HttpContext context)
dbug: Microsoft.EntityFrameworkCore.Infrastructure[10407]
      'GpssStudioDbContext' disposed.
dbug: Microsoft.EntityFrameworkCore.Database.Connection[20007]
      Disposing connection to database 'gpss' on server 'tcp://localhost:5432'.
dbug: Microsoft.EntityFrameworkCore.Database.Connection[20008]
      Disposed connection to database 'gpss' on server 'tcp://localhost:5432' (0ms).
info: Microsoft.AspNetCore.Hosting.Diagnostics[2]
      Request finished HTTP/1.1 GET http://127.0.0.1:3001/api/alina-gpss/studio/tebs/libraries/0/classes/3ef71b95-07f7-41c6-b532-03d83d8a3973 - 500 - text/plain;+charset=utf-8 2022.0463ms
info: Microsoft.AspNetCore.Hosting.Diagnostics[1]
      Request starting HTTP/1.1 GET http://127.0.0.1:3001/api/alina-gpss/studio/tebs/libraries/0/classes/3ef71b95-07f7-41c6-b532-03d83d8a3973 - - -
info: Microsoft.AspNetCore.Routing.EndpointMiddleware[0]
      Executing endpoint 'GpssStudio.WebApi.Controllers.TebManagementController.GetClass (GpssStudio.WebApi)'
info: Microsoft.AspNetCore.Mvc.Infrastructure.ControllerActionInvoker[102]
      Route matched with {action = "GetClass", controller = "TebManagement"}. Executing controller action with signature System.Threading.Tasks.Task`1[Microsoft.AspNetCore.Mvc.IActionResult] GetClass(System.String, System.Guid, System.Threading.CancellationToken) on controller GpssStudio.WebApi.Controllers.TebManagementController (GpssStudio.WebApi).
dbug: Microsoft.EntityFrameworkCore.Infrastructure[10403]
      Entity Framework Core 8.0.8 initialized 'GpssStudioDbContext' using provider 'Npgsql.EntityFrameworkCore.PostgreSQL:8.0.8+55dd99eca42e9c6d6085961c60a0704373919a54' with options: None
dbug: Microsoft.EntityFrameworkCore.Database.Connection[20005]
      Creating DbConnection.
dbug: Microsoft.EntityFrameworkCore.Database.Connection[20006]
      Created DbConnection. (0ms).
dbug: Microsoft.EntityFrameworkCore.Database.Connection[20000]
      Opening connection to database 'gpss' on server 'tcp://localhost:5432'.
fail: Microsoft.EntityFrameworkCore.Database.Connection[20004]
      An error occurred using the connection to database 'gpss' on server 'tcp://localhost:5432'.
fail: Microsoft.EntityFrameworkCore.Query[10100]
      An exception occurred while iterating over the results of a query for context type 'GpssStudio.WebApi.Infrastructure.Persistence.GpssStudioDbContext'.
      System.InvalidOperationException: An exception has been raised that is likely due to a transient failure.
       ---> Npgsql.NpgsqlException (0x80004005): Failed to connect to 127.0.0.1:5432
       ---> System.Net.Sockets.SocketException (10061): Подключение не установлено, т.к. конечный компьютер отверг запрос на подключение.
         at System.Net.Sockets.Socket.AwaitableSocketAsyncEventArgs.ThrowException(SocketError error, CancellationToken cancellationToken)
         at System.Net.Sockets.Socket.AwaitableSocketAsyncEventArgs.System.Threading.Tasks.Sources.IValueTaskSource.GetResult(Int16 token)
         at System.Net.Sockets.Socket.<ConnectAsync>g__WaitForConnectWithCancellation|285_0(AwaitableSocketAsyncEventArgs saea, ValueTask connectTask, CancellationToken cancellationToken)
         at Npgsql.TaskTimeoutAndCancellation.ExecuteAsync(Func`2 getTaskFunc, NpgsqlTimeout timeout, CancellationToken cancellationToken)
         at Npgsql.Internal.NpgsqlConnector.ConnectAsync(NpgsqlTimeout timeout, CancellationToken cancellationToken)
         at Npgsql.Internal.NpgsqlConnector.ConnectAsync(NpgsqlTimeout timeout, CancellationToken cancellationToken)
         at Npgsql.Internal.NpgsqlConnector.RawOpen(SslMode sslMode, NpgsqlTimeout timeout, Boolean async, CancellationToken cancellationToken, Boolean isFirstAttempt)
         at Npgsql.Internal.NpgsqlConnector.<Open>g__OpenCore|213_1(NpgsqlConnector conn, SslMode sslMode, NpgsqlTimeout timeout, Boolean async, CancellationToken cancellationToken, Boolean isFirstAttempt)
         at Npgsql.Internal.NpgsqlConnector.Open(NpgsqlTimeout timeout, Boolean async, CancellationToken cancellationToken)
         at Npgsql.PoolingDataSource.OpenNewConnector(NpgsqlConnection conn, NpgsqlTimeout timeout, Boolean async, CancellationToken cancellationToken)
         at Npgsql.PoolingDataSource.<Get>g__RentAsync|33_0(NpgsqlConnection conn, NpgsqlTimeout timeout, Boolean async, CancellationToken cancellationToken)
         at Npgsql.NpgsqlConnection.<Open>g__OpenAsync|42_0(Boolean async, CancellationToken cancellationToken)
         at Microsoft.EntityFrameworkCore.Storage.RelationalConnection.OpenInternalAsync(Boolean errorsExpected, CancellationToken cancellationToken)
         at Microsoft.EntityFrameworkCore.Storage.RelationalConnection.OpenInternalAsync(Boolean errorsExpected, CancellationToken cancellationToken)
         at Microsoft.EntityFrameworkCore.Storage.RelationalConnection.OpenAsync(CancellationToken cancellationToken, Boolean errorsExpected)
         at Microsoft.EntityFrameworkCore.Storage.RelationalCommand.ExecuteReaderAsync(RelationalCommandParameterObject parameterObject, CancellationToken cancellationToken)
         at Microsoft.EntityFrameworkCore.Query.Internal.SingleQueryingEnumerable`1.AsyncEnumerator.InitializeReaderAsync(AsyncEnumerator enumerator, CancellationToken cancellationToken)
         at Npgsql.EntityFrameworkCore.PostgreSQL.Storage.Internal.NpgsqlExecutionStrategy.ExecuteAsync[TState,TResult](TState state, Func`4 operation, Func`4 verifySucceeded, CancellationToken cancellationToken)
         --- End of inner exception stack trace ---
         at Npgsql.EntityFrameworkCore.PostgreSQL.Storage.Internal.NpgsqlExecutionStrategy.ExecuteAsync[TState,TResult](TState state, Func`4 operation, Func`4 verifySucceeded, CancellationToken cancellationToken)
         at Microsoft.EntityFrameworkCore.Query.Internal.SingleQueryingEnumerable`1.AsyncEnumerator.MoveNextAsync()
      System.InvalidOperationException: An exception has been raised that is likely due to a transient failure.
       ---> Npgsql.NpgsqlException (0x80004005): Failed to connect to 127.0.0.1:5432
       ---> System.Net.Sockets.SocketException (10061): Подключение не установлено, т.к. конечный компьютер отверг запрос на подключение.
         at System.Net.Sockets.Socket.AwaitableSocketAsyncEventArgs.ThrowException(SocketError error, CancellationToken cancellationToken)
         at System.Net.Sockets.Socket.AwaitableSocketAsyncEventArgs.System.Threading.Tasks.Sources.IValueTaskSource.GetResult(Int16 token)
         at System.Net.Sockets.Socket.<ConnectAsync>g__WaitForConnectWithCancellation|285_0(AwaitableSocketAsyncEventArgs saea, ValueTask connectTask, CancellationToken cancellationToken)
         at Npgsql.TaskTimeoutAndCancellation.ExecuteAsync(Func`2 getTaskFunc, NpgsqlTimeout timeout, CancellationToken cancellationToken)
         at Npgsql.Internal.NpgsqlConnector.ConnectAsync(NpgsqlTimeout timeout, CancellationToken cancellationToken)
         at Npgsql.Internal.NpgsqlConnector.ConnectAsync(NpgsqlTimeout timeout, CancellationToken cancellationToken)
         at Npgsql.Internal.NpgsqlConnector.RawOpen(SslMode sslMode, NpgsqlTimeout timeout, Boolean async, CancellationToken cancellationToken, Boolean isFirstAttempt)
         at Npgsql.Internal.NpgsqlConnector.<Open>g__OpenCore|213_1(NpgsqlConnector conn, SslMode sslMode, NpgsqlTimeout timeout, Boolean async, CancellationToken cancellationToken, Boolean isFirstAttempt)
         at Npgsql.Internal.NpgsqlConnector.Open(NpgsqlTimeout timeout, Boolean async, CancellationToken cancellationToken)
         at Npgsql.PoolingDataSource.OpenNewConnector(NpgsqlConnection conn, NpgsqlTimeout timeout, Boolean async, CancellationToken cancellationToken)
         at Npgsql.PoolingDataSource.<Get>g__RentAsync|33_0(NpgsqlConnection conn, NpgsqlTimeout timeout, Boolean async, CancellationToken cancellationToken)
         at Npgsql.NpgsqlConnection.<Open>g__OpenAsync|42_0(Boolean async, CancellationToken cancellationToken)
         at Microsoft.EntityFrameworkCore.Storage.RelationalConnection.OpenInternalAsync(Boolean errorsExpected, CancellationToken cancellationToken)
         at Microsoft.EntityFrameworkCore.Storage.RelationalConnection.OpenInternalAsync(Boolean errorsExpected, CancellationToken cancellationToken)
         at Microsoft.EntityFrameworkCore.Storage.RelationalConnection.OpenAsync(CancellationToken cancellationToken, Boolean errorsExpected)
         at Microsoft.EntityFrameworkCore.Storage.RelationalCommand.ExecuteReaderAsync(RelationalCommandParameterObject parameterObject, CancellationToken cancellationToken)
         at Microsoft.EntityFrameworkCore.Query.Internal.SingleQueryingEnumerable`1.AsyncEnumerator.InitializeReaderAsync(AsyncEnumerator enumerator, CancellationToken cancellationToken)
         at Npgsql.EntityFrameworkCore.PostgreSQL.Storage.Internal.NpgsqlExecutionStrategy.ExecuteAsync[TState,TResult](TState state, Func`4 operation, Func`4 verifySucceeded, CancellationToken cancellationToken)
         --- End of inner exception stack trace ---
         at Npgsql.EntityFrameworkCore.PostgreSQL.Storage.Internal.NpgsqlExecutionStrategy.ExecuteAsync[TState,TResult](TState state, Func`4 operation, Func`4 verifySucceeded, CancellationToken cancellationToken)
         at Microsoft.EntityFrameworkCore.Query.Internal.SingleQueryingEnumerable`1.AsyncEnumerator.MoveNextAsync()
info: Microsoft.AspNetCore.Mvc.Infrastructure.ControllerActionInvoker[105]
      Executed action GpssStudio.WebApi.Controllers.TebManagementController.GetClass (GpssStudio.WebApi) in 2030.1588ms
info: Microsoft.AspNetCore.Routing.EndpointMiddleware[1]
      Executed endpoint 'GpssStudio.WebApi.Controllers.TebManagementController.GetClass (GpssStudio.WebApi)'
fail: Microsoft.AspNetCore.Diagnostics.DeveloperExceptionPageMiddleware[1]
      An unhandled exception has occurred while executing the request.
      System.InvalidOperationException: An exception has been raised that is likely due to a transient failure.
       ---> Npgsql.NpgsqlException (0x80004005): Failed to connect to 127.0.0.1:5432
       ---> System.Net.Sockets.SocketException (10061): Подключение не установлено, т.к. конечный компьютер отверг запрос на подключение.
         at System.Net.Sockets.Socket.AwaitableSocketAsyncEventArgs.ThrowException(SocketError error, CancellationToken cancellationToken)
         at System.Net.Sockets.Socket.AwaitableSocketAsyncEventArgs.System.Threading.Tasks.Sources.IValueTaskSource.GetResult(Int16 token)
         at System.Net.Sockets.Socket.<ConnectAsync>g__WaitForConnectWithCancellation|285_0(AwaitableSocketAsyncEventArgs saea, ValueTask connectTask, CancellationToken cancellationToken)
         at Npgsql.TaskTimeoutAndCancellation.ExecuteAsync(Func`2 getTaskFunc, NpgsqlTimeout timeout, CancellationToken cancellationToken)
         at Npgsql.Internal.NpgsqlConnector.ConnectAsync(NpgsqlTimeout timeout, CancellationToken cancellationToken)
         at Npgsql.Internal.NpgsqlConnector.ConnectAsync(NpgsqlTimeout timeout, CancellationToken cancellationToken)
         at Npgsql.Internal.NpgsqlConnector.RawOpen(SslMode sslMode, NpgsqlTimeout timeout, Boolean async, CancellationToken cancellationToken, Boolean isFirstAttempt)
         at Npgsql.Internal.NpgsqlConnector.<Open>g__OpenCore|213_1(NpgsqlConnector conn, SslMode sslMode, NpgsqlTimeout timeout, Boolean async, CancellationToken cancellationToken, Boolean isFirstAttempt)
         at Npgsql.Internal.NpgsqlConnector.Open(NpgsqlTimeout timeout, Boolean async, CancellationToken cancellationToken)
         at Npgsql.PoolingDataSource.OpenNewConnector(NpgsqlConnection conn, NpgsqlTimeout timeout, Boolean async, CancellationToken cancellationToken)
         at Npgsql.PoolingDataSource.<Get>g__RentAsync|33_0(NpgsqlConnection conn, NpgsqlTimeout timeout, Boolean async, CancellationToken cancellationToken)
         at Npgsql.NpgsqlConnection.<Open>g__OpenAsync|42_0(Boolean async, CancellationToken cancellationToken)
         at Microsoft.EntityFrameworkCore.Storage.RelationalConnection.OpenInternalAsync(Boolean errorsExpected, CancellationToken cancellationToken)
         at Microsoft.EntityFrameworkCore.Storage.RelationalConnection.OpenInternalAsync(Boolean errorsExpected, CancellationToken cancellationToken)
         at Microsoft.EntityFrameworkCore.Storage.RelationalConnection.OpenAsync(CancellationToken cancellationToken, Boolean errorsExpected)
         at Microsoft.EntityFrameworkCore.Storage.RelationalCommand.ExecuteReaderAsync(RelationalCommandParameterObject parameterObject, CancellationToken cancellationToken)
         at Microsoft.EntityFrameworkCore.Query.Internal.SingleQueryingEnumerable`1.AsyncEnumerator.InitializeReaderAsync(AsyncEnumerator enumerator, CancellationToken cancellationToken)
         at Npgsql.EntityFrameworkCore.PostgreSQL.Storage.Internal.NpgsqlExecutionStrategy.ExecuteAsync[TState,TResult](TState state, Func`4 operation, Func`4 verifySucceeded, CancellationToken cancellationToken)
         --- End of inner exception stack trace ---
         at Npgsql.EntityFrameworkCore.PostgreSQL.Storage.Internal.NpgsqlExecutionStrategy.ExecuteAsync[TState,TResult](TState state, Func`4 operation, Func`4 verifySucceeded, CancellationToken cancellationToken)
         at Microsoft.EntityFrameworkCore.Query.Internal.SingleQueryingEnumerable`1.AsyncEnumerator.MoveNextAsync()
         at Microsoft.EntityFrameworkCore.Query.ShapedQueryCompilingExpressionVisitor.SingleOrDefaultAsync[TSource](IAsyncEnumerable`1 asyncEnumerable, CancellationToken cancellationToken)
         at Microsoft.EntityFrameworkCore.Query.ShapedQueryCompilingExpressionVisitor.SingleOrDefaultAsync[TSource](IAsyncEnumerable`1 asyncEnumerable, CancellationToken cancellationToken)
         at GpssStudio.WebApi.Infrastructure.Persistence.Repositories.TebRepository.BuildAggregateAsync(String libraryId, Guid classId, CancellationToken cancellationToken) in C:\Users\timur\OneDrive\Документы\GitHub\gpss\backend\GpssStudio.WebApi\Infrastructure\Persistence\Repositories\TebRepository.cs:line 345
         at GpssStudio.WebApi.Infrastructure.Persistence.Repositories.TebRepository.GetClassAsync(String libraryId, Guid classId, CancellationToken cancellationToken) in C:\Users\timur\OneDrive\Документы\GitHub\gpss\backend\GpssStudio.WebApi\Infrastructure\Persistence\Repositories\TebRepository.cs:line 28
         at GpssStudio.WebApi.Application.Tebs.Services.TebService.GetClassAsync(String libraryId, Guid classId, CancellationToken cancellationToken) in C:\Users\timur\OneDrive\Документы\GitHub\gpss\backend\GpssStudio.WebApi\Application\Tebs\Services\TebService.cs:line 22
         at GpssStudio.WebApi.Controllers.TebManagementController.GetClass(String libraryId, Guid classId, CancellationToken cancellationToken) in C:\Users\timur\OneDrive\Документы\GitHub\gpss\backend\GpssStudio.WebApi\Controllers\TebManagementController.cs:line 27
         at Microsoft.AspNetCore.Mvc.Infrastructure.ActionMethodExecutor.TaskOfIActionResultExecutor.Execute(ActionContext actionContext, IActionResultTypeMapper mapper, ObjectMethodExecutor executor, Object controller, Object[] arguments)
         at Microsoft.AspNetCore.Mvc.Infrastructure.ControllerActionInvoker.<InvokeActionMethodAsync>g__Awaited|12_0(ControllerActionInvoker invoker, ValueTask`1 actionResultValueTask)
         at Microsoft.AspNetCore.Mvc.Infrastructure.ControllerActionInvoker.<InvokeNextActionFilterAsync>g__Awaited|10_0(ControllerActionInvoker invoker, Task lastTask, State next, Scope scope, Object state, Boolean isCompleted)
         at Microsoft.AspNetCore.Mvc.Infrastructure.ControllerActionInvoker.Rethrow(ActionExecutedContextSealed context)
         at Microsoft.AspNetCore.Mvc.Infrastructure.ControllerActionInvoker.Next(State& next, Scope& scope, Object& state, Boolean& isCompleted)
         at Microsoft.AspNetCore.Mvc.Infrastructure.ControllerActionInvoker.<InvokeInnerFilterAsync>g__Awaited|13_0(ControllerActionInvoker invoker, Task lastTask, State next, Scope scope, Object state, Boolean isCompleted)
         at Microsoft.AspNetCore.Mvc.Infrastructure.ResourceInvoker.<InvokeFilterPipelineAsync>g__Awaited|20_0(ResourceInvoker invoker, Task lastTask, State next, Scope scope, Object state, Boolean isCompleted)
         at Microsoft.AspNetCore.Mvc.Infrastructure.ResourceInvoker.<InvokeAsync>g__Logged|17_1(ResourceInvoker invoker)
         at Microsoft.AspNetCore.Mvc.Infrastructure.ResourceInvoker.<InvokeAsync>g__Logged|17_1(ResourceInvoker invoker)
         at Microsoft.AspNetCore.Routing.EndpointMiddleware.<Invoke>g__AwaitRequestTask|7_0(Endpoint endpoint, Task requestTask, ILogger logger)
         at Microsoft.AspNetCore.Authorization.AuthorizationMiddleware.Invoke(HttpContext context)
         at Swashbuckle.AspNetCore.SwaggerUI.SwaggerUIMiddleware.Invoke(HttpContext httpContext)
         at Swashbuckle.AspNetCore.Swagger.SwaggerMiddleware.Invoke(HttpContext httpContext, ISwaggerProvider swaggerProvider)
         at Microsoft.AspNetCore.Authentication.AuthenticationMiddleware.Invoke(HttpContext context)
         at Microsoft.AspNetCore.Diagnostics.DeveloperExceptionPageMiddlewareImpl.Invoke(HttpContext context)
dbug: Microsoft.EntityFrameworkCore.Infrastructure[10407]
      'GpssStudioDbContext' disposed.
dbug: Microsoft.EntityFrameworkCore.Database.Connection[20007]
      Disposing connection to database 'gpss' on server 'tcp://localhost:5432'.
dbug: Microsoft.EntityFrameworkCore.Database.Connection[20008]
      Disposed connection to database 'gpss' on server 'tcp://localhost:5432' (0ms).
info: Microsoft.AspNetCore.Hosting.Diagnostics[2]
      Request finished HTTP/1.1 GET http://127.0.0.1:3001/api/alina-gpss/studio/tebs/libraries/0/classes/3ef71b95-07f7-41c6-b532-03d83d8a3973 - 500 - text/plain;+charset=utf-8 2033.8284ms
info: Microsoft.AspNetCore.Hosting.Diagnostics[1]
      Request starting HTTP/1.1 GET http://127.0.0.1:3001/api/alina-gpss/studio/tebs/libraries/0/classes/3ef71b95-07f7-41c6-b532-03d83d8a3973 - - -
info: Microsoft.AspNetCore.Routing.EndpointMiddleware[0]
      Executing endpoint 'GpssStudio.WebApi.Controllers.TebManagementController.GetClass (GpssStudio.WebApi)'
info: Microsoft.AspNetCore.Mvc.Infrastructure.ControllerActionInvoker[102]
      Route matched with {action = "GetClass", controller = "TebManagement"}. Executing controller action with signature System.Threading.Tasks.Task`1[Microsoft.AspNetCore.Mvc.IActionResult] GetClass(System.String, System.Guid, System.Threading.CancellationToken) on controller GpssStudio.WebApi.Controllers.TebManagementController (GpssStudio.WebApi).
dbug: Microsoft.EntityFrameworkCore.Infrastructure[10403]
      Entity Framework Core 8.0.8 initialized 'GpssStudioDbContext' using provider 'Npgsql.EntityFrameworkCore.PostgreSQL:8.0.8+55dd99eca42e9c6d6085961c60a0704373919a54' with options: None
dbug: Microsoft.EntityFrameworkCore.Database.Connection[20005]
      Creating DbConnection.
dbug: Microsoft.EntityFrameworkCore.Database.Connection[20006]
      Created DbConnection. (0ms).
dbug: Microsoft.EntityFrameworkCore.Database.Connection[20000]
      Opening connection to database 'gpss' on server 'tcp://localhost:5432'.
fail: Microsoft.EntityFrameworkCore.Database.Connection[20004]
      An error occurred using the connection to database 'gpss' on server 'tcp://localhost:5432'.
fail: Microsoft.EntityFrameworkCore.Query[10100]
      An exception occurred while iterating over the results of a query for context type 'GpssStudio.WebApi.Infrastructure.Persistence.GpssStudioDbContext'.
      System.InvalidOperationException: An exception has been raised that is likely due to a transient failure.
       ---> Npgsql.NpgsqlException (0x80004005): Failed to connect to 127.0.0.1:5432
       ---> System.Net.Sockets.SocketException (10061): Подключение не установлено, т.к. конечный компьютер отверг запрос на подключение.
         at System.Net.Sockets.Socket.AwaitableSocketAsyncEventArgs.ThrowException(SocketError error, CancellationToken cancellationToken)
         at System.Net.Sockets.Socket.AwaitableSocketAsyncEventArgs.System.Threading.Tasks.Sources.IValueTaskSource.GetResult(Int16 token)
         at System.Net.Sockets.Socket.<ConnectAsync>g__WaitForConnectWithCancellation|285_0(AwaitableSocketAsyncEventArgs saea, ValueTask connectTask, CancellationToken cancellationToken)
         at Npgsql.TaskTimeoutAndCancellation.ExecuteAsync(Func`2 getTaskFunc, NpgsqlTimeout timeout, CancellationToken cancellationToken)
         at Npgsql.Internal.NpgsqlConnector.ConnectAsync(NpgsqlTimeout timeout, CancellationToken cancellationToken)
         at Npgsql.Internal.NpgsqlConnector.ConnectAsync(NpgsqlTimeout timeout, CancellationToken cancellationToken)
         at Npgsql.Internal.NpgsqlConnector.RawOpen(SslMode sslMode, NpgsqlTimeout timeout, Boolean async, CancellationToken cancellationToken, Boolean isFirstAttempt)
         at Npgsql.Internal.NpgsqlConnector.<Open>g__OpenCore|213_1(NpgsqlConnector conn, SslMode sslMode, NpgsqlTimeout timeout, Boolean async, CancellationToken cancellationToken, Boolean isFirstAttempt)
         at Npgsql.Internal.NpgsqlConnector.Open(NpgsqlTimeout timeout, Boolean async, CancellationToken cancellationToken)
         at Npgsql.PoolingDataSource.OpenNewConnector(NpgsqlConnection conn, NpgsqlTimeout timeout, Boolean async, CancellationToken cancellationToken)
         at Npgsql.PoolingDataSource.<Get>g__RentAsync|33_0(NpgsqlConnection conn, NpgsqlTimeout timeout, Boolean async, CancellationToken cancellationToken)
         at Npgsql.NpgsqlConnection.<Open>g__OpenAsync|42_0(Boolean async, CancellationToken cancellationToken)
         at Microsoft.EntityFrameworkCore.Storage.RelationalConnection.OpenInternalAsync(Boolean errorsExpected, CancellationToken cancellationToken)
         at Microsoft.EntityFrameworkCore.Storage.RelationalConnection.OpenInternalAsync(Boolean errorsExpected, CancellationToken cancellationToken)
         at Microsoft.EntityFrameworkCore.Storage.RelationalConnection.OpenAsync(CancellationToken cancellationToken, Boolean errorsExpected)
         at Microsoft.EntityFrameworkCore.Storage.RelationalCommand.ExecuteReaderAsync(RelationalCommandParameterObject parameterObject, CancellationToken cancellationToken)
         at Microsoft.EntityFrameworkCore.Query.Internal.SingleQueryingEnumerable`1.AsyncEnumerator.InitializeReaderAsync(AsyncEnumerator enumerator, CancellationToken cancellationToken)
         at Npgsql.EntityFrameworkCore.PostgreSQL.Storage.Internal.NpgsqlExecutionStrategy.ExecuteAsync[TState,TResult](TState state, Func`4 operation, Func`4 verifySucceeded, CancellationToken cancellationToken)
         --- End of inner exception stack trace ---
         at Npgsql.EntityFrameworkCore.PostgreSQL.Storage.Internal.NpgsqlExecutionStrategy.ExecuteAsync[TState,TResult](TState state, Func`4 operation, Func`4 verifySucceeded, CancellationToken cancellationToken)
         at Microsoft.EntityFrameworkCore.Query.Internal.SingleQueryingEnumerable`1.AsyncEnumerator.MoveNextAsync()
      System.InvalidOperationException: An exception has been raised that is likely due to a transient failure.
       ---> Npgsql.NpgsqlException (0x80004005): Failed to connect to 127.0.0.1:5432
       ---> System.Net.Sockets.SocketException (10061): Подключение не установлено, т.к. конечный компьютер отверг запрос на подключение.
         at System.Net.Sockets.Socket.AwaitableSocketAsyncEventArgs.ThrowException(SocketError error, CancellationToken cancellationToken)
         at System.Net.Sockets.Socket.AwaitableSocketAsyncEventArgs.System.Threading.Tasks.Sources.IValueTaskSource.GetResult(Int16 token)
         at System.Net.Sockets.Socket.<ConnectAsync>g__WaitForConnectWithCancellation|285_0(AwaitableSocketAsyncEventArgs saea, ValueTask connectTask, CancellationToken cancellationToken)
         at Npgsql.TaskTimeoutAndCancellation.ExecuteAsync(Func`2 getTaskFunc, NpgsqlTimeout timeout, CancellationToken cancellationToken)
         at Npgsql.Internal.NpgsqlConnector.ConnectAsync(NpgsqlTimeout timeout, CancellationToken cancellationToken)
         at Npgsql.Internal.NpgsqlConnector.ConnectAsync(NpgsqlTimeout timeout, CancellationToken cancellationToken)
         at Npgsql.Internal.NpgsqlConnector.RawOpen(SslMode sslMode, NpgsqlTimeout timeout, Boolean async, CancellationToken cancellationToken, Boolean isFirstAttempt)
         at Npgsql.Internal.NpgsqlConnector.<Open>g__OpenCore|213_1(NpgsqlConnector conn, SslMode sslMode, NpgsqlTimeout timeout, Boolean async, CancellationToken cancellationToken, Boolean isFirstAttempt)
         at Npgsql.Internal.NpgsqlConnector.Open(NpgsqlTimeout timeout, Boolean async, CancellationToken cancellationToken)
         at Npgsql.PoolingDataSource.OpenNewConnector(NpgsqlConnection conn, NpgsqlTimeout timeout, Boolean async, CancellationToken cancellationToken)
         at Npgsql.PoolingDataSource.<Get>g__RentAsync|33_0(NpgsqlConnection conn, NpgsqlTimeout timeout, Boolean async, CancellationToken cancellationToken)
         at Npgsql.NpgsqlConnection.<Open>g__OpenAsync|42_0(Boolean async, CancellationToken cancellationToken)
         at Microsoft.EntityFrameworkCore.Storage.RelationalConnection.OpenInternalAsync(Boolean errorsExpected, CancellationToken cancellationToken)
         at Microsoft.EntityFrameworkCore.Storage.RelationalConnection.OpenInternalAsync(Boolean errorsExpected, CancellationToken cancellationToken)
         at Microsoft.EntityFrameworkCore.Storage.RelationalConnection.OpenAsync(CancellationToken cancellationToken, Boolean errorsExpected)
         at Microsoft.EntityFrameworkCore.Storage.RelationalCommand.ExecuteReaderAsync(RelationalCommandParameterObject parameterObject, CancellationToken cancellationToken)
         at Microsoft.EntityFrameworkCore.Query.Internal.SingleQueryingEnumerable`1.AsyncEnumerator.InitializeReaderAsync(AsyncEnumerator enumerator, CancellationToken cancellationToken)
         at Npgsql.EntityFrameworkCore.PostgreSQL.Storage.Internal.NpgsqlExecutionStrategy.ExecuteAsync[TState,TResult](TState state, Func`4 operation, Func`4 verifySucceeded, CancellationToken cancellationToken)
         --- End of inner exception stack trace ---
         at Npgsql.EntityFrameworkCore.PostgreSQL.Storage.Internal.NpgsqlExecutionStrategy.ExecuteAsync[TState,TResult](TState state, Func`4 operation, Func`4 verifySucceeded, CancellationToken cancellationToken)
         at Microsoft.EntityFrameworkCore.Query.Internal.SingleQueryingEnumerable`1.AsyncEnumerator.MoveNextAsync()
info: Microsoft.AspNetCore.Mvc.Infrastructure.ControllerActionInvoker[105]
      Executed action GpssStudio.WebApi.Controllers.TebManagementController.GetClass (GpssStudio.WebApi) in 2023.7904ms
info: Microsoft.AspNetCore.Routing.EndpointMiddleware[1]
      Executed endpoint 'GpssStudio.WebApi.Controllers.TebManagementController.GetClass (GpssStudio.WebApi)'
fail: Microsoft.AspNetCore.Diagnostics.DeveloperExceptionPageMiddleware[1]
      An unhandled exception has occurred while executing the request.
      System.InvalidOperationException: An exception has been raised that is likely due to a transient failure.
       ---> Npgsql.NpgsqlException (0x80004005): Failed to connect to 127.0.0.1:5432
       ---> System.Net.Sockets.SocketException (10061): Подключение не установлено, т.к. конечный компьютер отверг запрос на подключение.
         at System.Net.Sockets.Socket.AwaitableSocketAsyncEventArgs.ThrowException(SocketError error, CancellationToken cancellationToken)
         at System.Net.Sockets.Socket.AwaitableSocketAsyncEventArgs.System.Threading.Tasks.Sources.IValueTaskSource.GetResult(Int16 token)
         at System.Net.Sockets.Socket.<ConnectAsync>g__WaitForConnectWithCancellation|285_0(AwaitableSocketAsyncEventArgs saea, ValueTask connectTask, CancellationToken cancellationToken)
         at Npgsql.TaskTimeoutAndCancellation.ExecuteAsync(Func`2 getTaskFunc, NpgsqlTimeout timeout, CancellationToken cancellationToken)
         at Npgsql.Internal.NpgsqlConnector.ConnectAsync(NpgsqlTimeout timeout, CancellationToken cancellationToken)
         at Npgsql.Internal.NpgsqlConnector.ConnectAsync(NpgsqlTimeout timeout, CancellationToken cancellationToken)
         at Npgsql.Internal.NpgsqlConnector.RawOpen(SslMode sslMode, NpgsqlTimeout timeout, Boolean async, CancellationToken cancellationToken, Boolean isFirstAttempt)
         at Npgsql.Internal.NpgsqlConnector.<Open>g__OpenCore|213_1(NpgsqlConnector conn, SslMode sslMode, NpgsqlTimeout timeout, Boolean async, CancellationToken cancellationToken, Boolean isFirstAttempt)
         at Npgsql.Internal.NpgsqlConnector.Open(NpgsqlTimeout timeout, Boolean async, CancellationToken cancellationToken)
         at Npgsql.PoolingDataSource.OpenNewConnector(NpgsqlConnection conn, NpgsqlTimeout timeout, Boolean async, CancellationToken cancellationToken)
         at Npgsql.PoolingDataSource.<Get>g__RentAsync|33_0(NpgsqlConnection conn, NpgsqlTimeout timeout, Boolean async, CancellationToken cancellationToken)
         at Npgsql.NpgsqlConnection.<Open>g__OpenAsync|42_0(Boolean async, CancellationToken cancellationToken)
         at Microsoft.EntityFrameworkCore.Storage.RelationalConnection.OpenInternalAsync(Boolean errorsExpected, CancellationToken cancellationToken)
         at Microsoft.EntityFrameworkCore.Storage.RelationalConnection.OpenInternalAsync(Boolean errorsExpected, CancellationToken cancellationToken)
         at Microsoft.EntityFrameworkCore.Storage.RelationalConnection.OpenAsync(CancellationToken cancellationToken, Boolean errorsExpected)
         at Microsoft.EntityFrameworkCore.Storage.RelationalCommand.ExecuteReaderAsync(RelationalCommandParameterObject parameterObject, CancellationToken cancellationToken)
         at Microsoft.EntityFrameworkCore.Query.Internal.SingleQueryingEnumerable`1.AsyncEnumerator.InitializeReaderAsync(AsyncEnumerator enumerator, CancellationToken cancellationToken)
         at Npgsql.EntityFrameworkCore.PostgreSQL.Storage.Internal.NpgsqlExecutionStrategy.ExecuteAsync[TState,TResult](TState state, Func`4 operation, Func`4 verifySucceeded, CancellationToken cancellationToken)
         --- End of inner exception stack trace ---
         at Npgsql.EntityFrameworkCore.PostgreSQL.Storage.Internal.NpgsqlExecutionStrategy.ExecuteAsync[TState,TResult](TState state, Func`4 operation, Func`4 verifySucceeded, CancellationToken cancellationToken)
         at Microsoft.EntityFrameworkCore.Query.Internal.SingleQueryingEnumerable`1.AsyncEnumerator.MoveNextAsync()
         at Microsoft.EntityFrameworkCore.Query.ShapedQueryCompilingExpressionVisitor.SingleOrDefaultAsync[TSource](IAsyncEnumerable`1 asyncEnumerable, CancellationToken cancellationToken)
         at Microsoft.EntityFrameworkCore.Query.ShapedQueryCompilingExpressionVisitor.SingleOrDefaultAsync[TSource](IAsyncEnumerable`1 asyncEnumerable, CancellationToken cancellationToken)
         at GpssStudio.WebApi.Infrastructure.Persistence.Repositories.TebRepository.BuildAggregateAsync(String libraryId, Guid classId, CancellationToken cancellationToken) in C:\Users\timur\OneDrive\Документы\GitHub\gpss\backend\GpssStudio.WebApi\Infrastructure\Persistence\Repositories\TebRepository.cs:line 345
         at GpssStudio.WebApi.Infrastructure.Persistence.Repositories.TebRepository.GetClassAsync(String libraryId, Guid classId, CancellationToken cancellationToken) in C:\Users\timur\OneDrive\Документы\GitHub\gpss\backend\GpssStudio.WebApi\Infrastructure\Persistence\Repositories\TebRepository.cs:line 28
         at GpssStudio.WebApi.Application.Tebs.Services.TebService.GetClassAsync(String libraryId, Guid classId, CancellationToken cancellationToken) in C:\Users\timur\OneDrive\Документы\GitHub\gpss\backend\GpssStudio.WebApi\Application\Tebs\Services\TebService.cs:line 22
         at GpssStudio.WebApi.Controllers.TebManagementController.GetClass(String libraryId, Guid classId, CancellationToken cancellationToken) in C:\Users\timur\OneDrive\Документы\GitHub\gpss\backend\GpssStudio.WebApi\Controllers\TebManagementController.cs:line 27
         at Microsoft.AspNetCore.Mvc.Infrastructure.ActionMethodExecutor.TaskOfIActionResultExecutor.Execute(ActionContext actionContext, IActionResultTypeMapper mapper, ObjectMethodExecutor executor, Object controller, Object[] arguments)
         at Microsoft.AspNetCore.Mvc.Infrastructure.ControllerActionInvoker.<InvokeActionMethodAsync>g__Awaited|12_0(ControllerActionInvoker invoker, ValueTask`1 actionResultValueTask)
         at Microsoft.AspNetCore.Mvc.Infrastructure.ControllerActionInvoker.<InvokeNextActionFilterAsync>g__Awaited|10_0(ControllerActionInvoker invoker, Task lastTask, State next, Scope scope, Object state, Boolean isCompleted)
         at Microsoft.AspNetCore.Mvc.Infrastructure.ControllerActionInvoker.Rethrow(ActionExecutedContextSealed context)
         at Microsoft.AspNetCore.Mvc.Infrastructure.ControllerActionInvoker.Next(State& next, Scope& scope, Object& state, Boolean& isCompleted)
         at Microsoft.AspNetCore.Mvc.Infrastructure.ControllerActionInvoker.<InvokeInnerFilterAsync>g__Awaited|13_0(ControllerActionInvoker invoker, Task lastTask, State next, Scope scope, Object state, Boolean isCompleted)
         at Microsoft.AspNetCore.Mvc.Infrastructure.ResourceInvoker.<InvokeFilterPipelineAsync>g__Awaited|20_0(ResourceInvoker invoker, Task lastTask, State next, Scope scope, Object state, Boolean isCompleted)
         at Microsoft.AspNetCore.Mvc.Infrastructure.ResourceInvoker.<InvokeAsync>g__Logged|17_1(ResourceInvoker invoker)
         at Microsoft.AspNetCore.Mvc.Infrastructure.ResourceInvoker.<InvokeAsync>g__Logged|17_1(ResourceInvoker invoker)
         at Microsoft.AspNetCore.Routing.EndpointMiddleware.<Invoke>g__AwaitRequestTask|7_0(Endpoint endpoint, Task requestTask, ILogger logger)
         at Microsoft.AspNetCore.Authorization.AuthorizationMiddleware.Invoke(HttpContext context)
         at Swashbuckle.AspNetCore.SwaggerUI.SwaggerUIMiddleware.Invoke(HttpContext httpContext)
         at Swashbuckle.AspNetCore.Swagger.SwaggerMiddleware.Invoke(HttpContext httpContext, ISwaggerProvider swaggerProvider)
         at Microsoft.AspNetCore.Authentication.AuthenticationMiddleware.Invoke(HttpContext context)
         at Microsoft.AspNetCore.Diagnostics.DeveloperExceptionPageMiddlewareImpl.Invoke(HttpContext context)
dbug: Microsoft.EntityFrameworkCore.Infrastructure[10407]
      'GpssStudioDbContext' disposed.
dbug: Microsoft.EntityFrameworkCore.Database.Connection[20007]
      Disposing connection to database 'gpss' on server 'tcp://localhost:5432'.
dbug: Microsoft.EntityFrameworkCore.Database.Connection[20008]
      Disposed connection to database 'gpss' on server 'tcp://localhost:5432' (0ms).
info: Microsoft.AspNetCore.Hosting.Diagnostics[2]
      Request finished HTTP/1.1 GET http://127.0.0.1:3001/api/alina-gpss/studio/tebs/libraries/0/classes/3ef71b95-07f7-41c6-b532-03d83d8a3973 - 500 - text/plain;+charset=utf-8 2026.7405ms
info: Microsoft.AspNetCore.Hosting.Diagnostics[1]
      Request starting HTTP/1.1 GET http://127.0.0.1:3001/api/alina-gpss/studio/tebs/libraries/0/classes/3ef71b95-07f7-41c6-b532-03d83d8a3973 - - -
info: Microsoft.AspNetCore.Routing.EndpointMiddleware[0]
      Executing endpoint 'GpssStudio.WebApi.Controllers.TebManagementController.GetClass (GpssStudio.WebApi)'
info: Microsoft.AspNetCore.Mvc.Infrastructure.ControllerActionInvoker[102]
      Route matched with {action = "GetClass", controller = "TebManagement"}. Executing controller action with signature System.Threading.Tasks.Task`1[Microsoft.AspNetCore.Mvc.IActionResult] GetClass(System.String, System.Guid, System.Threading.CancellationToken) on controller GpssStudio.WebApi.Controllers.TebManagementController (GpssStudio.WebApi).
dbug: Microsoft.EntityFrameworkCore.Infrastructure[10403]
      Entity Framework Core 8.0.8 initialized 'GpssStudioDbContext' using provider 'Npgsql.EntityFrameworkCore.PostgreSQL:8.0.8+55dd99eca42e9c6d6085961c60a0704373919a54' with options: None
dbug: Microsoft.EntityFrameworkCore.Database.Connection[20005]
      Creating DbConnection.
dbug: Microsoft.EntityFrameworkCore.Database.Connection[20006]
      Created DbConnection. (0ms).
dbug: Microsoft.EntityFrameworkCore.Database.Connection[20000]
      Opening connection to database 'gpss' on server 'tcp://localhost:5432'.
fail: Microsoft.EntityFrameworkCore.Database.Connection[20004]
      An error occurred using the connection to database 'gpss' on server 'tcp://localhost:5432'.
fail: Microsoft.EntityFrameworkCore.Query[10100]
      An exception occurred while iterating over the results of a query for context type 'GpssStudio.WebApi.Infrastructure.Persistence.GpssStudioDbContext'.
      System.InvalidOperationException: An exception has been raised that is likely due to a transient failure.
       ---> Npgsql.NpgsqlException (0x80004005): Failed to connect to 127.0.0.1:5432
       ---> System.Net.Sockets.SocketException (10061): Подключение не установлено, т.к. конечный компьютер отверг запрос на подключение.
         at System.Net.Sockets.Socket.AwaitableSocketAsyncEventArgs.ThrowException(SocketError error, CancellationToken cancellationToken)
         at System.Net.Sockets.Socket.AwaitableSocketAsyncEventArgs.System.Threading.Tasks.Sources.IValueTaskSource.GetResult(Int16 token)
         at System.Net.Sockets.Socket.<ConnectAsync>g__WaitForConnectWithCancellation|285_0(AwaitableSocketAsyncEventArgs saea, ValueTask connectTask, CancellationToken cancellationToken)
         at Npgsql.TaskTimeoutAndCancellation.ExecuteAsync(Func`2 getTaskFunc, NpgsqlTimeout timeout, CancellationToken cancellationToken)
         at Npgsql.Internal.NpgsqlConnector.ConnectAsync(NpgsqlTimeout timeout, CancellationToken cancellationToken)
         at Npgsql.Internal.NpgsqlConnector.ConnectAsync(NpgsqlTimeout timeout, CancellationToken cancellationToken)
         at Npgsql.Internal.NpgsqlConnector.RawOpen(SslMode sslMode, NpgsqlTimeout timeout, Boolean async, CancellationToken cancellationToken, Boolean isFirstAttempt)
         at Npgsql.Internal.NpgsqlConnector.<Open>g__OpenCore|213_1(NpgsqlConnector conn, SslMode sslMode, NpgsqlTimeout timeout, Boolean async, CancellationToken cancellationToken, Boolean isFirstAttempt)
         at Npgsql.Internal.NpgsqlConnector.Open(NpgsqlTimeout timeout, Boolean async, CancellationToken cancellationToken)
         at Npgsql.PoolingDataSource.OpenNewConnector(NpgsqlConnection conn, NpgsqlTimeout timeout, Boolean async, CancellationToken cancellationToken)
         at Npgsql.PoolingDataSource.<Get>g__RentAsync|33_0(NpgsqlConnection conn, NpgsqlTimeout timeout, Boolean async, CancellationToken cancellationToken)
         at Npgsql.NpgsqlConnection.<Open>g__OpenAsync|42_0(Boolean async, CancellationToken cancellationToken)
         at Microsoft.EntityFrameworkCore.Storage.RelationalConnection.OpenInternalAsync(Boolean errorsExpected, CancellationToken cancellationToken)
         at Microsoft.EntityFrameworkCore.Storage.RelationalConnection.OpenInternalAsync(Boolean errorsExpected, CancellationToken cancellationToken)
         at Microsoft.EntityFrameworkCore.Storage.RelationalConnection.OpenAsync(CancellationToken cancellationToken, Boolean errorsExpected)
         at Microsoft.EntityFrameworkCore.Storage.RelationalCommand.ExecuteReaderAsync(RelationalCommandParameterObject parameterObject, CancellationToken cancellationToken)
         at Microsoft.EntityFrameworkCore.Query.Internal.SingleQueryingEnumerable`1.AsyncEnumerator.InitializeReaderAsync(AsyncEnumerator enumerator, CancellationToken cancellationToken)
         at Npgsql.EntityFrameworkCore.PostgreSQL.Storage.Internal.NpgsqlExecutionStrategy.ExecuteAsync[TState,TResult](TState state, Func`4 operation, Func`4 verifySucceeded, CancellationToken cancellationToken)
         --- End of inner exception stack trace ---
         at Npgsql.EntityFrameworkCore.PostgreSQL.Storage.Internal.NpgsqlExecutionStrategy.ExecuteAsync[TState,TResult](TState state, Func`4 operation, Func`4 verifySucceeded, CancellationToken cancellationToken)
         at Microsoft.EntityFrameworkCore.Query.Internal.SingleQueryingEnumerable`1.AsyncEnumerator.MoveNextAsync()
      System.InvalidOperationException: An exception has been raised that is likely due to a transient failure.
       ---> Npgsql.NpgsqlException (0x80004005): Failed to connect to 127.0.0.1:5432
       ---> System.Net.Sockets.SocketException (10061): Подключение не установлено, т.к. конечный компьютер отверг запрос на подключение.
         at System.Net.Sockets.Socket.AwaitableSocketAsyncEventArgs.ThrowException(SocketError error, CancellationToken cancellationToken)
         at System.Net.Sockets.Socket.AwaitableSocketAsyncEventArgs.System.Threading.Tasks.Sources.IValueTaskSource.GetResult(Int16 token)
         at System.Net.Sockets.Socket.<ConnectAsync>g__WaitForConnectWithCancellation|285_0(AwaitableSocketAsyncEventArgs saea, ValueTask connectTask, CancellationToken cancellationToken)
         at Npgsql.TaskTimeoutAndCancellation.ExecuteAsync(Func`2 getTaskFunc, NpgsqlTimeout timeout, CancellationToken cancellationToken)
         at Npgsql.Internal.NpgsqlConnector.ConnectAsync(NpgsqlTimeout timeout, CancellationToken cancellationToken)
         at Npgsql.Internal.NpgsqlConnector.ConnectAsync(NpgsqlTimeout timeout, CancellationToken cancellationToken)
         at Npgsql.Internal.NpgsqlConnector.RawOpen(SslMode sslMode, NpgsqlTimeout timeout, Boolean async, CancellationToken cancellationToken, Boolean isFirstAttempt)
         at Npgsql.Internal.NpgsqlConnector.<Open>g__OpenCore|213_1(NpgsqlConnector conn, SslMode sslMode, NpgsqlTimeout timeout, Boolean async, CancellationToken cancellationToken, Boolean isFirstAttempt)
         at Npgsql.Internal.NpgsqlConnector.Open(NpgsqlTimeout timeout, Boolean async, CancellationToken cancellationToken)
         at Npgsql.PoolingDataSource.OpenNewConnector(NpgsqlConnection conn, NpgsqlTimeout timeout, Boolean async, CancellationToken cancellationToken)
         at Npgsql.PoolingDataSource.<Get>g__RentAsync|33_0(NpgsqlConnection conn, NpgsqlTimeout timeout, Boolean async, CancellationToken cancellationToken)
         at Npgsql.NpgsqlConnection.<Open>g__OpenAsync|42_0(Boolean async, CancellationToken cancellationToken)
         at Microsoft.EntityFrameworkCore.Storage.RelationalConnection.OpenInternalAsync(Boolean errorsExpected, CancellationToken cancellationToken)
         at Microsoft.EntityFrameworkCore.Storage.RelationalConnection.OpenInternalAsync(Boolean errorsExpected, CancellationToken cancellationToken)
         at Microsoft.EntityFrameworkCore.Storage.RelationalConnection.OpenAsync(CancellationToken cancellationToken, Boolean errorsExpected)
         at Microsoft.EntityFrameworkCore.Storage.RelationalCommand.ExecuteReaderAsync(RelationalCommandParameterObject parameterObject, CancellationToken cancellationToken)
         at Microsoft.EntityFrameworkCore.Query.Internal.SingleQueryingEnumerable`1.AsyncEnumerator.InitializeReaderAsync(AsyncEnumerator enumerator, CancellationToken cancellationToken)
         at Npgsql.EntityFrameworkCore.PostgreSQL.Storage.Internal.NpgsqlExecutionStrategy.ExecuteAsync[TState,TResult](TState state, Func`4 operation, Func`4 verifySucceeded, CancellationToken cancellationToken)
         --- End of inner exception stack trace ---
         at Npgsql.EntityFrameworkCore.PostgreSQL.Storage.Internal.NpgsqlExecutionStrategy.ExecuteAsync[TState,TResult](TState state, Func`4 operation, Func`4 verifySucceeded, CancellationToken cancellationToken)
         at Microsoft.EntityFrameworkCore.Query.Internal.SingleQueryingEnumerable`1.AsyncEnumerator.MoveNextAsync()
info: Microsoft.AspNetCore.Mvc.Infrastructure.ControllerActionInvoker[105]
      Executed action GpssStudio.WebApi.Controllers.TebManagementController.GetClass (GpssStudio.WebApi) in 2037.8674ms
info: Microsoft.AspNetCore.Routing.EndpointMiddleware[1]
      Executed endpoint 'GpssStudio.WebApi.Controllers.TebManagementController.GetClass (GpssStudio.WebApi)'
fail: Microsoft.AspNetCore.Diagnostics.DeveloperExceptionPageMiddleware[1]
      An unhandled exception has occurred while executing the request.
      System.InvalidOperationException: An exception has been raised that is likely due to a transient failure.
       ---> Npgsql.NpgsqlException (0x80004005): Failed to connect to 127.0.0.1:5432
       ---> System.Net.Sockets.SocketException (10061): Подключение не установлено, т.к. конечный компьютер отверг запрос на подключение.
         at System.Net.Sockets.Socket.AwaitableSocketAsyncEventArgs.ThrowException(SocketError error, CancellationToken cancellationToken)
         at System.Net.Sockets.Socket.AwaitableSocketAsyncEventArgs.System.Threading.Tasks.Sources.IValueTaskSource.GetResult(Int16 token)
         at System.Net.Sockets.Socket.<ConnectAsync>g__WaitForConnectWithCancellation|285_0(AwaitableSocketAsyncEventArgs saea, ValueTask connectTask, CancellationToken cancellationToken)
         at Npgsql.TaskTimeoutAndCancellation.ExecuteAsync(Func`2 getTaskFunc, NpgsqlTimeout timeout, CancellationToken cancellationToken)
         at Npgsql.Internal.NpgsqlConnector.ConnectAsync(NpgsqlTimeout timeout, CancellationToken cancellationToken)
         at Npgsql.Internal.NpgsqlConnector.ConnectAsync(NpgsqlTimeout timeout, CancellationToken cancellationToken)
         at Npgsql.Internal.NpgsqlConnector.RawOpen(SslMode sslMode, NpgsqlTimeout timeout, Boolean async, CancellationToken cancellationToken, Boolean isFirstAttempt)
         at Npgsql.Internal.NpgsqlConnector.<Open>g__OpenCore|213_1(NpgsqlConnector conn, SslMode sslMode, NpgsqlTimeout timeout, Boolean async, CancellationToken cancellationToken, Boolean isFirstAttempt)
         at Npgsql.Internal.NpgsqlConnector.Open(NpgsqlTimeout timeout, Boolean async, CancellationToken cancellationToken)
         at Npgsql.PoolingDataSource.OpenNewConnector(NpgsqlConnection conn, NpgsqlTimeout timeout, Boolean async, CancellationToken cancellationToken)
         at Npgsql.PoolingDataSource.<Get>g__RentAsync|33_0(NpgsqlConnection conn, NpgsqlTimeout timeout, Boolean async, CancellationToken cancellationToken)
         at Npgsql.NpgsqlConnection.<Open>g__OpenAsync|42_0(Boolean async, CancellationToken cancellationToken)
         at Microsoft.EntityFrameworkCore.Storage.RelationalConnection.OpenInternalAsync(Boolean errorsExpected, CancellationToken cancellationToken)
         at Microsoft.EntityFrameworkCore.Storage.RelationalConnection.OpenInternalAsync(Boolean errorsExpected, CancellationToken cancellationToken)
         at Microsoft.EntityFrameworkCore.Storage.RelationalConnection.OpenAsync(CancellationToken cancellationToken, Boolean errorsExpected)
         at Microsoft.EntityFrameworkCore.Storage.RelationalCommand.ExecuteReaderAsync(RelationalCommandParameterObject parameterObject, CancellationToken cancellationToken)
         at Microsoft.EntityFrameworkCore.Query.Internal.SingleQueryingEnumerable`1.AsyncEnumerator.InitializeReaderAsync(AsyncEnumerator enumerator, CancellationToken cancellationToken)
         at Npgsql.EntityFrameworkCore.PostgreSQL.Storage.Internal.NpgsqlExecutionStrategy.ExecuteAsync[TState,TResult](TState state, Func`4 operation, Func`4 verifySucceeded, CancellationToken cancellationToken)
         --- End of inner exception stack trace ---
         at Npgsql.EntityFrameworkCore.PostgreSQL.Storage.Internal.NpgsqlExecutionStrategy.ExecuteAsync[TState,TResult](TState state, Func`4 operation, Func`4 verifySucceeded, CancellationToken cancellationToken)
         at Microsoft.EntityFrameworkCore.Query.Internal.SingleQueryingEnumerable`1.AsyncEnumerator.MoveNextAsync()
         at Microsoft.EntityFrameworkCore.Query.ShapedQueryCompilingExpressionVisitor.SingleOrDefaultAsync[TSource](IAsyncEnumerable`1 asyncEnumerable, CancellationToken cancellationToken)
         at Microsoft.EntityFrameworkCore.Query.ShapedQueryCompilingExpressionVisitor.SingleOrDefaultAsync[TSource](IAsyncEnumerable`1 asyncEnumerable, CancellationToken cancellationToken)
         at GpssStudio.WebApi.Infrastructure.Persistence.Repositories.TebRepository.BuildAggregateAsync(String libraryId, Guid classId, CancellationToken cancellationToken) in C:\Users\timur\OneDrive\Документы\GitHub\gpss\backend\GpssStudio.WebApi\Infrastructure\Persistence\Repositories\TebRepository.cs:line 345
         at GpssStudio.WebApi.Infrastructure.Persistence.Repositories.TebRepository.GetClassAsync(String libraryId, Guid classId, CancellationToken cancellationToken) in C:\Users\timur\OneDrive\Документы\GitHub\gpss\backend\GpssStudio.WebApi\Infrastructure\Persistence\Repositories\TebRepository.cs:line 28
         at GpssStudio.WebApi.Application.Tebs.Services.TebService.GetClassAsync(String libraryId, Guid classId, CancellationToken cancellationToken) in C:\Users\timur\OneDrive\Документы\GitHub\gpss\backend\GpssStudio.WebApi\Application\Tebs\Services\TebService.cs:line 22
         at GpssStudio.WebApi.Controllers.TebManagementController.GetClass(String libraryId, Guid classId, CancellationToken cancellationToken) in C:\Users\timur\OneDrive\Документы\GitHub\gpss\backend\GpssStudio.WebApi\Controllers\TebManagementController.cs:line 27
         at Microsoft.AspNetCore.Mvc.Infrastructure.ActionMethodExecutor.TaskOfIActionResultExecutor.Execute(ActionContext actionContext, IActionResultTypeMapper mapper, ObjectMethodExecutor executor, Object controller, Object[] arguments)
         at Microsoft.AspNetCore.Mvc.Infrastructure.ControllerActionInvoker.<InvokeActionMethodAsync>g__Awaited|12_0(ControllerActionInvoker invoker, ValueTask`1 actionResultValueTask)
         at Microsoft.AspNetCore.Mvc.Infrastructure.ControllerActionInvoker.<InvokeNextActionFilterAsync>g__Awaited|10_0(ControllerActionInvoker invoker, Task lastTask, State next, Scope scope, Object state, Boolean isCompleted)
         at Microsoft.AspNetCore.Mvc.Infrastructure.ControllerActionInvoker.Rethrow(ActionExecutedContextSealed context)
         at Microsoft.AspNetCore.Mvc.Infrastructure.ControllerActionInvoker.Next(State& next, Scope& scope, Object& state, Boolean& isCompleted)
         at Microsoft.AspNetCore.Mvc.Infrastructure.ControllerActionInvoker.<InvokeInnerFilterAsync>g__Awaited|13_0(ControllerActionInvoker invoker, Task lastTask, State next, Scope scope, Object state, Boolean isCompleted)
         at Microsoft.AspNetCore.Mvc.Infrastructure.ResourceInvoker.<InvokeFilterPipelineAsync>g__Awaited|20_0(ResourceInvoker invoker, Task lastTask, State next, Scope scope, Object state, Boolean isCompleted)
         at Microsoft.AspNetCore.Mvc.Infrastructure.ResourceInvoker.<InvokeAsync>g__Logged|17_1(ResourceInvoker invoker)
         at Microsoft.AspNetCore.Mvc.Infrastructure.ResourceInvoker.<InvokeAsync>g__Logged|17_1(ResourceInvoker invoker)
         at Microsoft.AspNetCore.Routing.EndpointMiddleware.<Invoke>g__AwaitRequestTask|7_0(Endpoint endpoint, Task requestTask, ILogger logger)
         at Microsoft.AspNetCore.Authorization.AuthorizationMiddleware.Invoke(HttpContext context)
         at Swashbuckle.AspNetCore.SwaggerUI.SwaggerUIMiddleware.Invoke(HttpContext httpContext)
         at Swashbuckle.AspNetCore.Swagger.SwaggerMiddleware.Invoke(HttpContext httpContext, ISwaggerProvider swaggerProvider)
         at Microsoft.AspNetCore.Authentication.AuthenticationMiddleware.Invoke(HttpContext context)
         at Microsoft.AspNetCore.Diagnostics.DeveloperExceptionPageMiddlewareImpl.Invoke(HttpContext context)
dbug: Microsoft.EntityFrameworkCore.Infrastructure[10407]
      'GpssStudioDbContext' disposed.
dbug: Microsoft.EntityFrameworkCore.Database.Connection[20007]
      Disposing connection to database 'gpss' on server 'tcp://localhost:5432'.
dbug: Microsoft.EntityFrameworkCore.Database.Connection[20008]
      Disposed connection to database 'gpss' on server 'tcp://localhost:5432' (0ms).
info: Microsoft.AspNetCore.Hosting.Diagnostics[2]
      Request finished HTTP/1.1 GET http://127.0.0.1:3001/api/alina-gpss/studio/tebs/libraries/0/classes/3ef71b95-07f7-41c6-b532-03d83d8a3973 - 500 - text/plain;+charset=utf-8 2040.5765ms
info: Microsoft.AspNetCore.Hosting.Diagnostics[1]
      Request starting HTTP/1.1 GET http://127.0.0.1:3001/api/alina-gpss/studio/tebs/libraries/0/classes/3ef71b95-07f7-41c6-b532-03d83d8a3973 - - -
info: Microsoft.AspNetCore.Routing.EndpointMiddleware[0]
      Executing endpoint 'GpssStudio.WebApi.Controllers.TebManagementController.GetClass (GpssStudio.WebApi)'
info: Microsoft.AspNetCore.Mvc.Infrastructure.ControllerActionInvoker[102]
      Route matched with {action = "GetClass", controller = "TebManagement"}. Executing controller action with signature System.Threading.Tasks.Task`1[Microsoft.AspNetCore.Mvc.IActionResult] GetClass(System.String, System.Guid, System.Threading.CancellationToken) on controller GpssStudio.WebApi.Controllers.TebManagementController (GpssStudio.WebApi).
dbug: Microsoft.EntityFrameworkCore.Infrastructure[10403]
      Entity Framework Core 8.0.8 initialized 'GpssStudioDbContext' using provider 'Npgsql.EntityFrameworkCore.PostgreSQL:8.0.8+55dd99eca42e9c6d6085961c60a0704373919a54' with options: None
dbug: Microsoft.EntityFrameworkCore.Database.Connection[20005]
      Creating DbConnection.
dbug: Microsoft.EntityFrameworkCore.Database.Connection[20006]
      Created DbConnection. (0ms).
dbug: Microsoft.EntityFrameworkCore.Database.Connection[20000]
      Opening connection to database 'gpss' on server 'tcp://localhost:5432'.
fail: Microsoft.EntityFrameworkCore.Database.Connection[20004]
      An error occurred using the connection to database 'gpss' on server 'tcp://localhost:5432'.
fail: Microsoft.EntityFrameworkCore.Query[10100]
      An exception occurred while iterating over the results of a query for context type 'GpssStudio.WebApi.Infrastructure.Persistence.GpssStudioDbContext'.
      System.InvalidOperationException: An exception has been raised that is likely due to a transient failure.
       ---> Npgsql.NpgsqlException (0x80004005): Failed to connect to 127.0.0.1:5432
       ---> System.Net.Sockets.SocketException (10061): Подключение не установлено, т.к. конечный компьютер отверг запрос на подключение.
         at System.Net.Sockets.Socket.AwaitableSocketAsyncEventArgs.ThrowException(SocketError error, CancellationToken cancellationToken)
         at System.Net.Sockets.Socket.AwaitableSocketAsyncEventArgs.System.Threading.Tasks.Sources.IValueTaskSource.GetResult(Int16 token)
         at System.Net.Sockets.Socket.<ConnectAsync>g__WaitForConnectWithCancellation|285_0(AwaitableSocketAsyncEventArgs saea, ValueTask connectTask, CancellationToken cancellationToken)
         at Npgsql.TaskTimeoutAndCancellation.ExecuteAsync(Func`2 getTaskFunc, NpgsqlTimeout timeout, CancellationToken cancellationToken)
         at Npgsql.Internal.NpgsqlConnector.ConnectAsync(NpgsqlTimeout timeout, CancellationToken cancellationToken)
         at Npgsql.Internal.NpgsqlConnector.ConnectAsync(NpgsqlTimeout timeout, CancellationToken cancellationToken)
         at Npgsql.Internal.NpgsqlConnector.RawOpen(SslMode sslMode, NpgsqlTimeout timeout, Boolean async, CancellationToken cancellationToken, Boolean isFirstAttempt)
         at Npgsql.Internal.NpgsqlConnector.<Open>g__OpenCore|213_1(NpgsqlConnector conn, SslMode sslMode, NpgsqlTimeout timeout, Boolean async, CancellationToken cancellationToken, Boolean isFirstAttempt)
         at Npgsql.Internal.NpgsqlConnector.Open(NpgsqlTimeout timeout, Boolean async, CancellationToken cancellationToken)
         at Npgsql.PoolingDataSource.OpenNewConnector(NpgsqlConnection conn, NpgsqlTimeout timeout, Boolean async, CancellationToken cancellationToken)
         at Npgsql.PoolingDataSource.<Get>g__RentAsync|33_0(NpgsqlConnection conn, NpgsqlTimeout timeout, Boolean async, CancellationToken cancellationToken)
         at Npgsql.NpgsqlConnection.<Open>g__OpenAsync|42_0(Boolean async, CancellationToken cancellationToken)
         at Microsoft.EntityFrameworkCore.Storage.RelationalConnection.OpenInternalAsync(Boolean errorsExpected, CancellationToken cancellationToken)
         at Microsoft.EntityFrameworkCore.Storage.RelationalConnection.OpenInternalAsync(Boolean errorsExpected, CancellationToken cancellationToken)
         at Microsoft.EntityFrameworkCore.Storage.RelationalConnection.OpenAsync(CancellationToken cancellationToken, Boolean errorsExpected)
         at Microsoft.EntityFrameworkCore.Storage.RelationalCommand.ExecuteReaderAsync(RelationalCommandParameterObject parameterObject, CancellationToken cancellationToken)
         at Microsoft.EntityFrameworkCore.Query.Internal.SingleQueryingEnumerable`1.AsyncEnumerator.InitializeReaderAsync(AsyncEnumerator enumerator, CancellationToken cancellationToken)
         at Npgsql.EntityFrameworkCore.PostgreSQL.Storage.Internal.NpgsqlExecutionStrategy.ExecuteAsync[TState,TResult](TState state, Func`4 operation, Func`4 verifySucceeded, CancellationToken cancellationToken)
         --- End of inner exception stack trace ---
         at Npgsql.EntityFrameworkCore.PostgreSQL.Storage.Internal.NpgsqlExecutionStrategy.ExecuteAsync[TState,TResult](TState state, Func`4 operation, Func`4 verifySucceeded, CancellationToken cancellationToken)
         at Microsoft.EntityFrameworkCore.Query.Internal.SingleQueryingEnumerable`1.AsyncEnumerator.MoveNextAsync()
      System.InvalidOperationException: An exception has been raised that is likely due to a transient failure.
       ---> Npgsql.NpgsqlException (0x80004005): Failed to connect to 127.0.0.1:5432
       ---> System.Net.Sockets.SocketException (10061): Подключение не установлено, т.к. конечный компьютер отверг запрос на подключение.
         at System.Net.Sockets.Socket.AwaitableSocketAsyncEventArgs.ThrowException(SocketError error, CancellationToken cancellationToken)
         at System.Net.Sockets.Socket.AwaitableSocketAsyncEventArgs.System.Threading.Tasks.Sources.IValueTaskSource.GetResult(Int16 token)
         at System.Net.Sockets.Socket.<ConnectAsync>g__WaitForConnectWithCancellation|285_0(AwaitableSocketAsyncEventArgs saea, ValueTask connectTask, CancellationToken cancellationToken)
         at Npgsql.TaskTimeoutAndCancellation.ExecuteAsync(Func`2 getTaskFunc, NpgsqlTimeout timeout, CancellationToken cancellationToken)
         at Npgsql.Internal.NpgsqlConnector.ConnectAsync(NpgsqlTimeout timeout, CancellationToken cancellationToken)
         at Npgsql.Internal.NpgsqlConnector.ConnectAsync(NpgsqlTimeout timeout, CancellationToken cancellationToken)
         at Npgsql.Internal.NpgsqlConnector.RawOpen(SslMode sslMode, NpgsqlTimeout timeout, Boolean async, CancellationToken cancellationToken, Boolean isFirstAttempt)
         at Npgsql.Internal.NpgsqlConnector.<Open>g__OpenCore|213_1(NpgsqlConnector conn, SslMode sslMode, NpgsqlTimeout timeout, Boolean async, CancellationToken cancellationToken, Boolean isFirstAttempt)
         at Npgsql.Internal.NpgsqlConnector.Open(NpgsqlTimeout timeout, Boolean async, CancellationToken cancellationToken)
         at Npgsql.PoolingDataSource.OpenNewConnector(NpgsqlConnection conn, NpgsqlTimeout timeout, Boolean async, CancellationToken cancellationToken)
         at Npgsql.PoolingDataSource.<Get>g__RentAsync|33_0(NpgsqlConnection conn, NpgsqlTimeout timeout, Boolean async, CancellationToken cancellationToken)
         at Npgsql.NpgsqlConnection.<Open>g__OpenAsync|42_0(Boolean async, CancellationToken cancellationToken)
         at Microsoft.EntityFrameworkCore.Storage.RelationalConnection.OpenInternalAsync(Boolean errorsExpected, CancellationToken cancellationToken)
         at Microsoft.EntityFrameworkCore.Storage.RelationalConnection.OpenInternalAsync(Boolean errorsExpected, CancellationToken cancellationToken)
         at Microsoft.EntityFrameworkCore.Storage.RelationalConnection.OpenAsync(CancellationToken cancellationToken, Boolean errorsExpected)
         at Microsoft.EntityFrameworkCore.Storage.RelationalCommand.ExecuteReaderAsync(RelationalCommandParameterObject parameterObject, CancellationToken cancellationToken)
         at Microsoft.EntityFrameworkCore.Query.Internal.SingleQueryingEnumerable`1.AsyncEnumerator.InitializeReaderAsync(AsyncEnumerator enumerator, CancellationToken cancellationToken)
         at Npgsql.EntityFrameworkCore.PostgreSQL.Storage.Internal.NpgsqlExecutionStrategy.ExecuteAsync[TState,TResult](TState state, Func`4 operation, Func`4 verifySucceeded, CancellationToken cancellationToken)
         --- End of inner exception stack trace ---
         at Npgsql.EntityFrameworkCore.PostgreSQL.Storage.Internal.NpgsqlExecutionStrategy.ExecuteAsync[TState,TResult](TState state, Func`4 operation, Func`4 verifySucceeded, CancellationToken cancellationToken)
         at Microsoft.EntityFrameworkCore.Query.Internal.SingleQueryingEnumerable`1.AsyncEnumerator.MoveNextAsync()
info: Microsoft.AspNetCore.Mvc.Infrastructure.ControllerActionInvoker[105]
      Executed action GpssStudio.WebApi.Controllers.TebManagementController.GetClass (GpssStudio.WebApi) in 2021.0796ms
info: Microsoft.AspNetCore.Routing.EndpointMiddleware[1]
      Executed endpoint 'GpssStudio.WebApi.Controllers.TebManagementController.GetClass (GpssStudio.WebApi)'
fail: Microsoft.AspNetCore.Diagnostics.DeveloperExceptionPageMiddleware[1]
      An unhandled exception has occurred while executing the request.
      System.InvalidOperationException: An exception has been raised that is likely due to a transient failure.
       ---> Npgsql.NpgsqlException (0x80004005): Failed to connect to 127.0.0.1:5432
       ---> System.Net.Sockets.SocketException (10061): Подключение не установлено, т.к. конечный компьютер отверг запрос на подключение.
         at System.Net.Sockets.Socket.AwaitableSocketAsyncEventArgs.ThrowException(SocketError error, CancellationToken cancellationToken)
         at System.Net.Sockets.Socket.AwaitableSocketAsyncEventArgs.System.Threading.Tasks.Sources.IValueTaskSource.GetResult(Int16 token)
         at System.Net.Sockets.Socket.<ConnectAsync>g__WaitForConnectWithCancellation|285_0(AwaitableSocketAsyncEventArgs saea, ValueTask connectTask, CancellationToken cancellationToken)
         at Npgsql.TaskTimeoutAndCancellation.ExecuteAsync(Func`2 getTaskFunc, NpgsqlTimeout timeout, CancellationToken cancellationToken)
         at Npgsql.Internal.NpgsqlConnector.ConnectAsync(NpgsqlTimeout timeout, CancellationToken cancellationToken)
         at Npgsql.Internal.NpgsqlConnector.ConnectAsync(NpgsqlTimeout timeout, CancellationToken cancellationToken)
         at Npgsql.Internal.NpgsqlConnector.RawOpen(SslMode sslMode, NpgsqlTimeout timeout, Boolean async, CancellationToken cancellationToken, Boolean isFirstAttempt)
         at Npgsql.Internal.NpgsqlConnector.<Open>g__OpenCore|213_1(NpgsqlConnector conn, SslMode sslMode, NpgsqlTimeout timeout, Boolean async, CancellationToken cancellationToken, Boolean isFirstAttempt)
         at Npgsql.Internal.NpgsqlConnector.Open(NpgsqlTimeout timeout, Boolean async, CancellationToken cancellationToken)
         at Npgsql.PoolingDataSource.OpenNewConnector(NpgsqlConnection conn, NpgsqlTimeout timeout, Boolean async, CancellationToken cancellationToken)
         at Npgsql.PoolingDataSource.<Get>g__RentAsync|33_0(NpgsqlConnection conn, NpgsqlTimeout timeout, Boolean async, CancellationToken cancellationToken)
         at Npgsql.NpgsqlConnection.<Open>g__OpenAsync|42_0(Boolean async, CancellationToken cancellationToken)
         at Microsoft.EntityFrameworkCore.Storage.RelationalConnection.OpenInternalAsync(Boolean errorsExpected, CancellationToken cancellationToken)
         at Microsoft.EntityFrameworkCore.Storage.RelationalConnection.OpenInternalAsync(Boolean errorsExpected, CancellationToken cancellationToken)
         at Microsoft.EntityFrameworkCore.Storage.RelationalConnection.OpenAsync(CancellationToken cancellationToken, Boolean errorsExpected)
         at Microsoft.EntityFrameworkCore.Storage.RelationalCommand.ExecuteReaderAsync(RelationalCommandParameterObject parameterObject, CancellationToken cancellationToken)
         at Microsoft.EntityFrameworkCore.Query.Internal.SingleQueryingEnumerable`1.AsyncEnumerator.InitializeReaderAsync(AsyncEnumerator enumerator, CancellationToken cancellationToken)
         at Npgsql.EntityFrameworkCore.PostgreSQL.Storage.Internal.NpgsqlExecutionStrategy.ExecuteAsync[TState,TResult](TState state, Func`4 operation, Func`4 verifySucceeded, CancellationToken cancellationToken)
         --- End of inner exception stack trace ---
         at Npgsql.EntityFrameworkCore.PostgreSQL.Storage.Internal.NpgsqlExecutionStrategy.ExecuteAsync[TState,TResult](TState state, Func`4 operation, Func`4 verifySucceeded, CancellationToken cancellationToken)
         at Microsoft.EntityFrameworkCore.Query.Internal.SingleQueryingEnumerable`1.AsyncEnumerator.MoveNextAsync()
         at Microsoft.EntityFrameworkCore.Query.ShapedQueryCompilingExpressionVisitor.SingleOrDefaultAsync[TSource](IAsyncEnumerable`1 asyncEnumerable, CancellationToken cancellationToken)
         at Microsoft.EntityFrameworkCore.Query.ShapedQueryCompilingExpressionVisitor.SingleOrDefaultAsync[TSource](IAsyncEnumerable`1 asyncEnumerable, CancellationToken cancellationToken)
         at GpssStudio.WebApi.Infrastructure.Persistence.Repositories.TebRepository.BuildAggregateAsync(String libraryId, Guid classId, CancellationToken cancellationToken) in C:\Users\timur\OneDrive\Документы\GitHub\gpss\backend\GpssStudio.WebApi\Infrastructure\Persistence\Repositories\TebRepository.cs:line 345
         at GpssStudio.WebApi.Infrastructure.Persistence.Repositories.TebRepository.GetClassAsync(String libraryId, Guid classId, CancellationToken cancellationToken) in C:\Users\timur\OneDrive\Документы\GitHub\gpss\backend\GpssStudio.WebApi\Infrastructure\Persistence\Repositories\TebRepository.cs:line 28
         at GpssStudio.WebApi.Application.Tebs.Services.TebService.GetClassAsync(String libraryId, Guid classId, CancellationToken cancellationToken) in C:\Users\timur\OneDrive\Документы\GitHub\gpss\backend\GpssStudio.WebApi\Application\Tebs\Services\TebService.cs:line 22
         at GpssStudio.WebApi.Controllers.TebManagementController.GetClass(String libraryId, Guid classId, CancellationToken cancellationToken) in C:\Users\timur\OneDrive\Документы\GitHub\gpss\backend\GpssStudio.WebApi\Controllers\TebManagementController.cs:line 27
         at Microsoft.AspNetCore.Mvc.Infrastructure.ActionMethodExecutor.TaskOfIActionResultExecutor.Execute(ActionContext actionContext, IActionResultTypeMapper mapper, ObjectMethodExecutor executor, Object controller, Object[] arguments)
         at Microsoft.AspNetCore.Mvc.Infrastructure.ControllerActionInvoker.<InvokeActionMethodAsync>g__Awaited|12_0(ControllerActionInvoker invoker, ValueTask`1 actionResultValueTask)
         at Microsoft.AspNetCore.Mvc.Infrastructure.ControllerActionInvoker.<InvokeNextActionFilterAsync>g__Awaited|10_0(ControllerActionInvoker invoker, Task lastTask, State next, Scope scope, Object state, Boolean isCompleted)
         at Microsoft.AspNetCore.Mvc.Infrastructure.ControllerActionInvoker.Rethrow(ActionExecutedContextSealed context)
         at Microsoft.AspNetCore.Mvc.Infrastructure.ControllerActionInvoker.Next(State& next, Scope& scope, Object& state, Boolean& isCompleted)
         at Microsoft.AspNetCore.Mvc.Infrastructure.ControllerActionInvoker.<InvokeInnerFilterAsync>g__Awaited|13_0(ControllerActionInvoker invoker, Task lastTask, State next, Scope scope, Object state, Boolean isCompleted)
         at Microsoft.AspNetCore.Mvc.Infrastructure.ResourceInvoker.<InvokeFilterPipelineAsync>g__Awaited|20_0(ResourceInvoker invoker, Task lastTask, State next, Scope scope, Object state, Boolean isCompleted)
         at Microsoft.AspNetCore.Mvc.Infrastructure.ResourceInvoker.<InvokeAsync>g__Logged|17_1(ResourceInvoker invoker)
         at Microsoft.AspNetCore.Mvc.Infrastructure.ResourceInvoker.<InvokeAsync>g__Logged|17_1(ResourceInvoker invoker)
         at Microsoft.AspNetCore.Routing.EndpointMiddleware.<Invoke>g__AwaitRequestTask|7_0(Endpoint endpoint, Task requestTask, ILogger logger)
         at Microsoft.AspNetCore.Authorization.AuthorizationMiddleware.Invoke(HttpContext context)
         at Swashbuckle.AspNetCore.SwaggerUI.SwaggerUIMiddleware.Invoke(HttpContext httpContext)
         at Swashbuckle.AspNetCore.Swagger.SwaggerMiddleware.Invoke(HttpContext httpContext, ISwaggerProvider swaggerProvider)
         at Microsoft.AspNetCore.Authentication.AuthenticationMiddleware.Invoke(HttpContext context)
         at Microsoft.AspNetCore.Diagnostics.DeveloperExceptionPageMiddlewareImpl.Invoke(HttpContext context)
dbug: Microsoft.EntityFrameworkCore.Infrastructure[10407]
      'GpssStudioDbContext' disposed.
dbug: Microsoft.EntityFrameworkCore.Database.Connection[20007]
      Disposing connection to database 'gpss' on server 'tcp://localhost:5432'.
dbug: Microsoft.EntityFrameworkCore.Database.Connection[20008]
      Disposed connection to database 'gpss' on server 'tcp://localhost:5432' (0ms).
info: Microsoft.AspNetCore.Hosting.Diagnostics[2]
      Request finished HTTP/1.1 GET http://127.0.0.1:3001/api/alina-gpss/studio/tebs/libraries/0/classes/3ef71b95-07f7-41c6-b532-03d83d8a3973 - 500 - text/plain;+charset=utf-8 2024.0327ms
info: Microsoft.AspNetCore.Hosting.Diagnostics[1]
      Request starting HTTP/1.1 GET http://127.0.0.1:3001/api/alina-gpss/studio/tebs/libraries/0/classes/3ef71b95-07f7-41c6-b532-03d83d8a3973 - - -
info: Microsoft.AspNetCore.Routing.EndpointMiddleware[0]
      Executing endpoint 'GpssStudio.WebApi.Controllers.TebManagementController.GetClass (GpssStudio.WebApi)'
info: Microsoft.AspNetCore.Mvc.Infrastructure.ControllerActionInvoker[102]
      Route matched with {action = "GetClass", controller = "TebManagement"}. Executing controller action with signature System.Threading.Tasks.Task`1[Microsoft.AspNetCore.Mvc.IActionResult] GetClass(System.String, System.Guid, System.Threading.CancellationToken) on controller GpssStudio.WebApi.Controllers.TebManagementController (GpssStudio.WebApi).
dbug: Microsoft.EntityFrameworkCore.Infrastructure[10403]
      Entity Framework Core 8.0.8 initialized 'GpssStudioDbContext' using provider 'Npgsql.EntityFrameworkCore.PostgreSQL:8.0.8+55dd99eca42e9c6d6085961c60a0704373919a54' with options: None
dbug: Microsoft.EntityFrameworkCore.Database.Connection[20005]
      Creating DbConnection.
dbug: Microsoft.EntityFrameworkCore.Database.Connection[20006]
      Created DbConnection. (0ms).
dbug: Microsoft.EntityFrameworkCore.Database.Connection[20000]
      Opening connection to database 'gpss' on server 'tcp://localhost:5432'.
fail: Microsoft.EntityFrameworkCore.Database.Connection[20004]
      An error occurred using the connection to database 'gpss' on server 'tcp://localhost:5432'.
fail: Microsoft.EntityFrameworkCore.Query[10100]
      An exception occurred while iterating over the results of a query for context type 'GpssStudio.WebApi.Infrastructure.Persistence.GpssStudioDbContext'.
      System.InvalidOperationException: An exception has been raised that is likely due to a transient failure.
       ---> Npgsql.NpgsqlException (0x80004005): Failed to connect to 127.0.0.1:5432
       ---> System.Net.Sockets.SocketException (10061): Подключение не установлено, т.к. конечный компьютер отверг запрос на подключение.
         at System.Net.Sockets.Socket.AwaitableSocketAsyncEventArgs.ThrowException(SocketError error, CancellationToken cancellationToken)
         at System.Net.Sockets.Socket.AwaitableSocketAsyncEventArgs.System.Threading.Tasks.Sources.IValueTaskSource.GetResult(Int16 token)
         at System.Net.Sockets.Socket.<ConnectAsync>g__WaitForConnectWithCancellation|285_0(AwaitableSocketAsyncEventArgs saea, ValueTask connectTask, CancellationToken cancellationToken)
         at Npgsql.TaskTimeoutAndCancellation.ExecuteAsync(Func`2 getTaskFunc, NpgsqlTimeout timeout, CancellationToken cancellationToken)
         at Npgsql.Internal.NpgsqlConnector.ConnectAsync(NpgsqlTimeout timeout, CancellationToken cancellationToken)
         at Npgsql.Internal.NpgsqlConnector.ConnectAsync(NpgsqlTimeout timeout, CancellationToken cancellationToken)
         at Npgsql.Internal.NpgsqlConnector.RawOpen(SslMode sslMode, NpgsqlTimeout timeout, Boolean async, CancellationToken cancellationToken, Boolean isFirstAttempt)
         at Npgsql.Internal.NpgsqlConnector.<Open>g__OpenCore|213_1(NpgsqlConnector conn, SslMode sslMode, NpgsqlTimeout timeout, Boolean async, CancellationToken cancellationToken, Boolean isFirstAttempt)
         at Npgsql.Internal.NpgsqlConnector.Open(NpgsqlTimeout timeout, Boolean async, CancellationToken cancellationToken)
         at Npgsql.PoolingDataSource.OpenNewConnector(NpgsqlConnection conn, NpgsqlTimeout timeout, Boolean async, CancellationToken cancellationToken)
         at Npgsql.PoolingDataSource.<Get>g__RentAsync|33_0(NpgsqlConnection conn, NpgsqlTimeout timeout, Boolean async, CancellationToken cancellationToken)
         at Npgsql.NpgsqlConnection.<Open>g__OpenAsync|42_0(Boolean async, CancellationToken cancellationToken)
         at Microsoft.EntityFrameworkCore.Storage.RelationalConnection.OpenInternalAsync(Boolean errorsExpected, CancellationToken cancellationToken)
         at Microsoft.EntityFrameworkCore.Storage.RelationalConnection.OpenInternalAsync(Boolean errorsExpected, CancellationToken cancellationToken)
         at Microsoft.EntityFrameworkCore.Storage.RelationalConnection.OpenAsync(CancellationToken cancellationToken, Boolean errorsExpected)
         at Microsoft.EntityFrameworkCore.Storage.RelationalCommand.ExecuteReaderAsync(RelationalCommandParameterObject parameterObject, CancellationToken cancellationToken)
         at Microsoft.EntityFrameworkCore.Query.Internal.SingleQueryingEnumerable`1.AsyncEnumerator.InitializeReaderAsync(AsyncEnumerator enumerator, CancellationToken cancellationToken)
         at Npgsql.EntityFrameworkCore.PostgreSQL.Storage.Internal.NpgsqlExecutionStrategy.ExecuteAsync[TState,TResult](TState state, Func`4 operation, Func`4 verifySucceeded, CancellationToken cancellationToken)
         --- End of inner exception stack trace ---
         at Npgsql.EntityFrameworkCore.PostgreSQL.Storage.Internal.NpgsqlExecutionStrategy.ExecuteAsync[TState,TResult](TState state, Func`4 operation, Func`4 verifySucceeded, CancellationToken cancellationToken)
         at Microsoft.EntityFrameworkCore.Query.Internal.SingleQueryingEnumerable`1.AsyncEnumerator.MoveNextAsync()
      System.InvalidOperationException: An exception has been raised that is likely due to a transient failure.
       ---> Npgsql.NpgsqlException (0x80004005): Failed to connect to 127.0.0.1:5432
       ---> System.Net.Sockets.SocketException (10061): Подключение не установлено, т.к. конечный компьютер отверг запрос на подключение.
         at System.Net.Sockets.Socket.AwaitableSocketAsyncEventArgs.ThrowException(SocketError error, CancellationToken cancellationToken)
         at System.Net.Sockets.Socket.AwaitableSocketAsyncEventArgs.System.Threading.Tasks.Sources.IValueTaskSource.GetResult(Int16 token)
         at System.Net.Sockets.Socket.<ConnectAsync>g__WaitForConnectWithCancellation|285_0(AwaitableSocketAsyncEventArgs saea, ValueTask connectTask, CancellationToken cancellationToken)
         at Npgsql.TaskTimeoutAndCancellation.ExecuteAsync(Func`2 getTaskFunc, NpgsqlTimeout timeout, CancellationToken cancellationToken)
         at Npgsql.Internal.NpgsqlConnector.ConnectAsync(NpgsqlTimeout timeout, CancellationToken cancellationToken)
         at Npgsql.Internal.NpgsqlConnector.ConnectAsync(NpgsqlTimeout timeout, CancellationToken cancellationToken)
         at Npgsql.Internal.NpgsqlConnector.RawOpen(SslMode sslMode, NpgsqlTimeout timeout, Boolean async, CancellationToken cancellationToken, Boolean isFirstAttempt)
         at Npgsql.Internal.NpgsqlConnector.<Open>g__OpenCore|213_1(NpgsqlConnector conn, SslMode sslMode, NpgsqlTimeout timeout, Boolean async, CancellationToken cancellationToken, Boolean isFirstAttempt)
         at Npgsql.Internal.NpgsqlConnector.Open(NpgsqlTimeout timeout, Boolean async, CancellationToken cancellationToken)
         at Npgsql.PoolingDataSource.OpenNewConnector(NpgsqlConnection conn, NpgsqlTimeout timeout, Boolean async, CancellationToken cancellationToken)
         at Npgsql.PoolingDataSource.<Get>g__RentAsync|33_0(NpgsqlConnection conn, NpgsqlTimeout timeout, Boolean async, CancellationToken cancellationToken)
         at Npgsql.NpgsqlConnection.<Open>g__OpenAsync|42_0(Boolean async, CancellationToken cancellationToken)
         at Microsoft.EntityFrameworkCore.Storage.RelationalConnection.OpenInternalAsync(Boolean errorsExpected, CancellationToken cancellationToken)
         at Microsoft.EntityFrameworkCore.Storage.RelationalConnection.OpenInternalAsync(Boolean errorsExpected, CancellationToken cancellationToken)
         at Microsoft.EntityFrameworkCore.Storage.RelationalConnection.OpenAsync(CancellationToken cancellationToken, Boolean errorsExpected)
         at Microsoft.EntityFrameworkCore.Storage.RelationalCommand.ExecuteReaderAsync(RelationalCommandParameterObject parameterObject, CancellationToken cancellationToken)
         at Microsoft.EntityFrameworkCore.Query.Internal.SingleQueryingEnumerable`1.AsyncEnumerator.InitializeReaderAsync(AsyncEnumerator enumerator, CancellationToken cancellationToken)
         at Npgsql.EntityFrameworkCore.PostgreSQL.Storage.Internal.NpgsqlExecutionStrategy.ExecuteAsync[TState,TResult](TState state, Func`4 operation, Func`4 verifySucceeded, CancellationToken cancellationToken)
         --- End of inner exception stack trace ---
         at Npgsql.EntityFrameworkCore.PostgreSQL.Storage.Internal.NpgsqlExecutionStrategy.ExecuteAsync[TState,TResult](TState state, Func`4 operation, Func`4 verifySucceeded, CancellationToken cancellationToken)
         at Microsoft.EntityFrameworkCore.Query.Internal.SingleQueryingEnumerable`1.AsyncEnumerator.MoveNextAsync()
info: Microsoft.AspNetCore.Mvc.Infrastructure.ControllerActionInvoker[105]
      Executed action GpssStudio.WebApi.Controllers.TebManagementController.GetClass (GpssStudio.WebApi) in 2026.8138ms
info: Microsoft.AspNetCore.Routing.EndpointMiddleware[1]
      Executed endpoint 'GpssStudio.WebApi.Controllers.TebManagementController.GetClass (GpssStudio.WebApi)'
fail: Microsoft.AspNetCore.Diagnostics.DeveloperExceptionPageMiddleware[1]
      An unhandled exception has occurred while executing the request.
      System.InvalidOperationException: An exception has been raised that is likely due to a transient failure.
       ---> Npgsql.NpgsqlException (0x80004005): Failed to connect to 127.0.0.1:5432
       ---> System.Net.Sockets.SocketException (10061): Подключение не установлено, т.к. конечный компьютер отверг запрос на подключение.
         at System.Net.Sockets.Socket.AwaitableSocketAsyncEventArgs.ThrowException(SocketError error, CancellationToken cancellationToken)
         at System.Net.Sockets.Socket.AwaitableSocketAsyncEventArgs.System.Threading.Tasks.Sources.IValueTaskSource.GetResult(Int16 token)
         at System.Net.Sockets.Socket.<ConnectAsync>g__WaitForConnectWithCancellation|285_0(AwaitableSocketAsyncEventArgs saea, ValueTask connectTask, CancellationToken cancellationToken)
         at Npgsql.TaskTimeoutAndCancellation.ExecuteAsync(Func`2 getTaskFunc, NpgsqlTimeout timeout, CancellationToken cancellationToken)
         at Npgsql.Internal.NpgsqlConnector.ConnectAsync(NpgsqlTimeout timeout, CancellationToken cancellationToken)
         at Npgsql.Internal.NpgsqlConnector.ConnectAsync(NpgsqlTimeout timeout, CancellationToken cancellationToken)
         at Npgsql.Internal.NpgsqlConnector.RawOpen(SslMode sslMode, NpgsqlTimeout timeout, Boolean async, CancellationToken cancellationToken, Boolean isFirstAttempt)
         at Npgsql.Internal.NpgsqlConnector.<Open>g__OpenCore|213_1(NpgsqlConnector conn, SslMode sslMode, NpgsqlTimeout timeout, Boolean async, CancellationToken cancellationToken, Boolean isFirstAttempt)
         at Npgsql.Internal.NpgsqlConnector.Open(NpgsqlTimeout timeout, Boolean async, CancellationToken cancellationToken)
         at Npgsql.PoolingDataSource.OpenNewConnector(NpgsqlConnection conn, NpgsqlTimeout timeout, Boolean async, CancellationToken cancellationToken)
         at Npgsql.PoolingDataSource.<Get>g__RentAsync|33_0(NpgsqlConnection conn, NpgsqlTimeout timeout, Boolean async, CancellationToken cancellationToken)
         at Npgsql.NpgsqlConnection.<Open>g__OpenAsync|42_0(Boolean async, CancellationToken cancellationToken)
         at Microsoft.EntityFrameworkCore.Storage.RelationalConnection.OpenInternalAsync(Boolean errorsExpected, CancellationToken cancellationToken)
         at Microsoft.EntityFrameworkCore.Storage.RelationalConnection.OpenInternalAsync(Boolean errorsExpected, CancellationToken cancellationToken)
         at Microsoft.EntityFrameworkCore.Storage.RelationalConnection.OpenAsync(CancellationToken cancellationToken, Boolean errorsExpected)
         at Microsoft.EntityFrameworkCore.Storage.RelationalCommand.ExecuteReaderAsync(RelationalCommandParameterObject parameterObject, CancellationToken cancellationToken)
         at Microsoft.EntityFrameworkCore.Query.Internal.SingleQueryingEnumerable`1.AsyncEnumerator.InitializeReaderAsync(AsyncEnumerator enumerator, CancellationToken cancellationToken)
         at Npgsql.EntityFrameworkCore.PostgreSQL.Storage.Internal.NpgsqlExecutionStrategy.ExecuteAsync[TState,TResult](TState state, Func`4 operation, Func`4 verifySucceeded, CancellationToken cancellationToken)
         --- End of inner exception stack trace ---
         at Npgsql.EntityFrameworkCore.PostgreSQL.Storage.Internal.NpgsqlExecutionStrategy.ExecuteAsync[TState,TResult](TState state, Func`4 operation, Func`4 verifySucceeded, CancellationToken cancellationToken)
         at Microsoft.EntityFrameworkCore.Query.Internal.SingleQueryingEnumerable`1.AsyncEnumerator.MoveNextAsync()
         at Microsoft.EntityFrameworkCore.Query.ShapedQueryCompilingExpressionVisitor.SingleOrDefaultAsync[TSource](IAsyncEnumerable`1 asyncEnumerable, CancellationToken cancellationToken)
         at Microsoft.EntityFrameworkCore.Query.ShapedQueryCompilingExpressionVisitor.SingleOrDefaultAsync[TSource](IAsyncEnumerable`1 asyncEnumerable, CancellationToken cancellationToken)
         at GpssStudio.WebApi.Infrastructure.Persistence.Repositories.TebRepository.BuildAggregateAsync(String libraryId, Guid classId, CancellationToken cancellationToken) in C:\Users\timur\OneDrive\Документы\GitHub\gpss\backend\GpssStudio.WebApi\Infrastructure\Persistence\Repositories\TebRepository.cs:line 345
         at GpssStudio.WebApi.Infrastructure.Persistence.Repositories.TebRepository.GetClassAsync(String libraryId, Guid classId, CancellationToken cancellationToken) in C:\Users\timur\OneDrive\Документы\GitHub\gpss\backend\GpssStudio.WebApi\Infrastructure\Persistence\Repositories\TebRepository.cs:line 28
         at GpssStudio.WebApi.Application.Tebs.Services.TebService.GetClassAsync(String libraryId, Guid classId, CancellationToken cancellationToken) in C:\Users\timur\OneDrive\Документы\GitHub\gpss\backend\GpssStudio.WebApi\Application\Tebs\Services\TebService.cs:line 22
         at GpssStudio.WebApi.Controllers.TebManagementController.GetClass(String libraryId, Guid classId, CancellationToken cancellationToken) in C:\Users\timur\OneDrive\Документы\GitHub\gpss\backend\GpssStudio.WebApi\Controllers\TebManagementController.cs:line 27
         at Microsoft.AspNetCore.Mvc.Infrastructure.ActionMethodExecutor.TaskOfIActionResultExecutor.Execute(ActionContext actionContext, IActionResultTypeMapper mapper, ObjectMethodExecutor executor, Object controller, Object[] arguments)
         at Microsoft.AspNetCore.Mvc.Infrastructure.ControllerActionInvoker.<InvokeActionMethodAsync>g__Awaited|12_0(ControllerActionInvoker invoker, ValueTask`1 actionResultValueTask)
         at Microsoft.AspNetCore.Mvc.Infrastructure.ControllerActionInvoker.<InvokeNextActionFilterAsync>g__Awaited|10_0(ControllerActionInvoker invoker, Task lastTask, State next, Scope scope, Object state, Boolean isCompleted)
         at Microsoft.AspNetCore.Mvc.Infrastructure.ControllerActionInvoker.Rethrow(ActionExecutedContextSealed context)
         at Microsoft.AspNetCore.Mvc.Infrastructure.ControllerActionInvoker.Next(State& next, Scope& scope, Object& state, Boolean& isCompleted)
         at Microsoft.AspNetCore.Mvc.Infrastructure.ControllerActionInvoker.<InvokeInnerFilterAsync>g__Awaited|13_0(ControllerActionInvoker invoker, Task lastTask, State next, Scope scope, Object state, Boolean isCompleted)
         at Microsoft.AspNetCore.Mvc.Infrastructure.ResourceInvoker.<InvokeFilterPipelineAsync>g__Awaited|20_0(ResourceInvoker invoker, Task lastTask, State next, Scope scope, Object state, Boolean isCompleted)
         at Microsoft.AspNetCore.Mvc.Infrastructure.ResourceInvoker.<InvokeAsync>g__Logged|17_1(ResourceInvoker invoker)
         at Microsoft.AspNetCore.Mvc.Infrastructure.ResourceInvoker.<InvokeAsync>g__Logged|17_1(ResourceInvoker invoker)
         at Microsoft.AspNetCore.Routing.EndpointMiddleware.<Invoke>g__AwaitRequestTask|7_0(Endpoint endpoint, Task requestTask, ILogger logger)
         at Microsoft.AspNetCore.Authorization.AuthorizationMiddleware.Invoke(HttpContext context)
         at Swashbuckle.AspNetCore.SwaggerUI.SwaggerUIMiddleware.Invoke(HttpContext httpContext)
         at Swashbuckle.AspNetCore.Swagger.SwaggerMiddleware.Invoke(HttpContext httpContext, ISwaggerProvider swaggerProvider)
         at Microsoft.AspNetCore.Authentication.AuthenticationMiddleware.Invoke(HttpContext context)
         at Microsoft.AspNetCore.Diagnostics.DeveloperExceptionPageMiddlewareImpl.Invoke(HttpContext context)
dbug: Microsoft.EntityFrameworkCore.Infrastructure[10407]
      'GpssStudioDbContext' disposed.
dbug: Microsoft.EntityFrameworkCore.Database.Connection[20007]
      Disposing connection to database 'gpss' on server 'tcp://localhost:5432'.
dbug: Microsoft.EntityFrameworkCore.Database.Connection[20008]
      Disposed connection to database 'gpss' on server 'tcp://localhost:5432' (0ms).
info: Microsoft.AspNetCore.Hosting.Diagnostics[2]
      Request finished HTTP/1.1 GET http://127.0.0.1:3001/api/alina-gpss/studio/tebs/libraries/0/classes/3ef71b95-07f7-41c6-b532-03d83d8a3973 - 500 - text/plain;+charset=utf-8 2030.3608ms
info: Microsoft.AspNetCore.Hosting.Diagnostics[1]
      Request starting HTTP/1.1 GET http://127.0.0.1:3001/api/alina-gpss/studio/tebs/libraries/0/classes/3ef71b95-07f7-41c6-b532-03d83d8a3973 - - -
info: Microsoft.AspNetCore.Routing.EndpointMiddleware[0]
      Executing endpoint 'GpssStudio.WebApi.Controllers.TebManagementController.GetClass (GpssStudio.WebApi)'
info: Microsoft.AspNetCore.Mvc.Infrastructure.ControllerActionInvoker[102]
      Route matched with {action = "GetClass", controller = "TebManagement"}. Executing controller action with signature System.Threading.Tasks.Task`1[Microsoft.AspNetCore.Mvc.IActionResult] GetClass(System.String, System.Guid, System.Threading.CancellationToken) on controller GpssStudio.WebApi.Controllers.TebManagementController (GpssStudio.WebApi).
dbug: Microsoft.EntityFrameworkCore.Infrastructure[10403]
      Entity Framework Core 8.0.8 initialized 'GpssStudioDbContext' using provider 'Npgsql.EntityFrameworkCore.PostgreSQL:8.0.8+55dd99eca42e9c6d6085961c60a0704373919a54' with options: None
dbug: Microsoft.EntityFrameworkCore.Database.Connection[20005]
      Creating DbConnection.
dbug: Microsoft.EntityFrameworkCore.Database.Connection[20006]
      Created DbConnection. (0ms).
dbug: Microsoft.EntityFrameworkCore.Database.Connection[20000]
      Opening connection to database 'gpss' on server 'tcp://localhost:5432'.
fail: Microsoft.EntityFrameworkCore.Database.Connection[20004]
      An error occurred using the connection to database 'gpss' on server 'tcp://localhost:5432'.
fail: Microsoft.EntityFrameworkCore.Query[10100]
      An exception occurred while iterating over the results of a query for context type 'GpssStudio.WebApi.Infrastructure.Persistence.GpssStudioDbContext'.
      System.InvalidOperationException: An exception has been raised that is likely due to a transient failure.
       ---> Npgsql.NpgsqlException (0x80004005): Failed to connect to 127.0.0.1:5432
       ---> System.Net.Sockets.SocketException (10061): Подключение не установлено, т.к. конечный компьютер отверг запрос на подключение.
         at System.Net.Sockets.Socket.AwaitableSocketAsyncEventArgs.ThrowException(SocketError error, CancellationToken cancellationToken)
         at System.Net.Sockets.Socket.AwaitableSocketAsyncEventArgs.System.Threading.Tasks.Sources.IValueTaskSource.GetResult(Int16 token)
         at System.Net.Sockets.Socket.<ConnectAsync>g__WaitForConnectWithCancellation|285_0(AwaitableSocketAsyncEventArgs saea, ValueTask connectTask, CancellationToken cancellationToken)
         at Npgsql.TaskTimeoutAndCancellation.ExecuteAsync(Func`2 getTaskFunc, NpgsqlTimeout timeout, CancellationToken cancellationToken)
         at Npgsql.Internal.NpgsqlConnector.ConnectAsync(NpgsqlTimeout timeout, CancellationToken cancellationToken)
         at Npgsql.Internal.NpgsqlConnector.ConnectAsync(NpgsqlTimeout timeout, CancellationToken cancellationToken)
         at Npgsql.Internal.NpgsqlConnector.RawOpen(SslMode sslMode, NpgsqlTimeout timeout, Boolean async, CancellationToken cancellationToken, Boolean isFirstAttempt)
         at Npgsql.Internal.NpgsqlConnector.<Open>g__OpenCore|213_1(NpgsqlConnector conn, SslMode sslMode, NpgsqlTimeout timeout, Boolean async, CancellationToken cancellationToken, Boolean isFirstAttempt)
         at Npgsql.Internal.NpgsqlConnector.Open(NpgsqlTimeout timeout, Boolean async, CancellationToken cancellationToken)
         at Npgsql.PoolingDataSource.OpenNewConnector(NpgsqlConnection conn, NpgsqlTimeout timeout, Boolean async, CancellationToken cancellationToken)
         at Npgsql.PoolingDataSource.<Get>g__RentAsync|33_0(NpgsqlConnection conn, NpgsqlTimeout timeout, Boolean async, CancellationToken cancellationToken)
         at Npgsql.NpgsqlConnection.<Open>g__OpenAsync|42_0(Boolean async, CancellationToken cancellationToken)
         at Microsoft.EntityFrameworkCore.Storage.RelationalConnection.OpenInternalAsync(Boolean errorsExpected, CancellationToken cancellationToken)
         at Microsoft.EntityFrameworkCore.Storage.RelationalConnection.OpenInternalAsync(Boolean errorsExpected, CancellationToken cancellationToken)
         at Microsoft.EntityFrameworkCore.Storage.RelationalConnection.OpenAsync(CancellationToken cancellationToken, Boolean errorsExpected)
         at Microsoft.EntityFrameworkCore.Storage.RelationalCommand.ExecuteReaderAsync(RelationalCommandParameterObject parameterObject, CancellationToken cancellationToken)
         at Microsoft.EntityFrameworkCore.Query.Internal.SingleQueryingEnumerable`1.AsyncEnumerator.InitializeReaderAsync(AsyncEnumerator enumerator, CancellationToken cancellationToken)
         at Npgsql.EntityFrameworkCore.PostgreSQL.Storage.Internal.NpgsqlExecutionStrategy.ExecuteAsync[TState,TResult](TState state, Func`4 operation, Func`4 verifySucceeded, CancellationToken cancellationToken)
         --- End of inner exception stack trace ---
         at Npgsql.EntityFrameworkCore.PostgreSQL.Storage.Internal.NpgsqlExecutionStrategy.ExecuteAsync[TState,TResult](TState state, Func`4 operation, Func`4 verifySucceeded, CancellationToken cancellationToken)
         at Microsoft.EntityFrameworkCore.Query.Internal.SingleQueryingEnumerable`1.AsyncEnumerator.MoveNextAsync()
      System.InvalidOperationException: An exception has been raised that is likely due to a transient failure.
       ---> Npgsql.NpgsqlException (0x80004005): Failed to connect to 127.0.0.1:5432
       ---> System.Net.Sockets.SocketException (10061): Подключение не установлено, т.к. конечный компьютер отверг запрос на подключение.
         at System.Net.Sockets.Socket.AwaitableSocketAsyncEventArgs.ThrowException(SocketError error, CancellationToken cancellationToken)
         at System.Net.Sockets.Socket.AwaitableSocketAsyncEventArgs.System.Threading.Tasks.Sources.IValueTaskSource.GetResult(Int16 token)
         at System.Net.Sockets.Socket.<ConnectAsync>g__WaitForConnectWithCancellation|285_0(AwaitableSocketAsyncEventArgs saea, ValueTask connectTask, CancellationToken cancellationToken)
         at Npgsql.TaskTimeoutAndCancellation.ExecuteAsync(Func`2 getTaskFunc, NpgsqlTimeout timeout, CancellationToken cancellationToken)
         at Npgsql.Internal.NpgsqlConnector.ConnectAsync(NpgsqlTimeout timeout, CancellationToken cancellationToken)
         at Npgsql.Internal.NpgsqlConnector.ConnectAsync(NpgsqlTimeout timeout, CancellationToken cancellationToken)
         at Npgsql.Internal.NpgsqlConnector.RawOpen(SslMode sslMode, NpgsqlTimeout timeout, Boolean async, CancellationToken cancellationToken, Boolean isFirstAttempt)
         at Npgsql.Internal.NpgsqlConnector.<Open>g__OpenCore|213_1(NpgsqlConnector conn, SslMode sslMode, NpgsqlTimeout timeout, Boolean async, CancellationToken cancellationToken, Boolean isFirstAttempt)
         at Npgsql.Internal.NpgsqlConnector.Open(NpgsqlTimeout timeout, Boolean async, CancellationToken cancellationToken)
         at Npgsql.PoolingDataSource.OpenNewConnector(NpgsqlConnection conn, NpgsqlTimeout timeout, Boolean async, CancellationToken cancellationToken)
         at Npgsql.PoolingDataSource.<Get>g__RentAsync|33_0(NpgsqlConnection conn, NpgsqlTimeout timeout, Boolean async, CancellationToken cancellationToken)
         at Npgsql.NpgsqlConnection.<Open>g__OpenAsync|42_0(Boolean async, CancellationToken cancellationToken)
         at Microsoft.EntityFrameworkCore.Storage.RelationalConnection.OpenInternalAsync(Boolean errorsExpected, CancellationToken cancellationToken)
         at Microsoft.EntityFrameworkCore.Storage.RelationalConnection.OpenInternalAsync(Boolean errorsExpected, CancellationToken cancellationToken)
         at Microsoft.EntityFrameworkCore.Storage.RelationalConnection.OpenAsync(CancellationToken cancellationToken, Boolean errorsExpected)
         at Microsoft.EntityFrameworkCore.Storage.RelationalCommand.ExecuteReaderAsync(RelationalCommandParameterObject parameterObject, CancellationToken cancellationToken)
         at Microsoft.EntityFrameworkCore.Query.Internal.SingleQueryingEnumerable`1.AsyncEnumerator.InitializeReaderAsync(AsyncEnumerator enumerator, CancellationToken cancellationToken)
         at Npgsql.EntityFrameworkCore.PostgreSQL.Storage.Internal.NpgsqlExecutionStrategy.ExecuteAsync[TState,TResult](TState state, Func`4 operation, Func`4 verifySucceeded, CancellationToken cancellationToken)
         --- End of inner exception stack trace ---
         at Npgsql.EntityFrameworkCore.PostgreSQL.Storage.Internal.NpgsqlExecutionStrategy.ExecuteAsync[TState,TResult](TState state, Func`4 operation, Func`4 verifySucceeded, CancellationToken cancellationToken)
         at Microsoft.EntityFrameworkCore.Query.Internal.SingleQueryingEnumerable`1.AsyncEnumerator.MoveNextAsync()
info: Microsoft.AspNetCore.Mvc.Infrastructure.ControllerActionInvoker[105]
      Executed action GpssStudio.WebApi.Controllers.TebManagementController.GetClass (GpssStudio.WebApi) in 2032.0228ms
info: Microsoft.AspNetCore.Routing.EndpointMiddleware[1]
      Executed endpoint 'GpssStudio.WebApi.Controllers.TebManagementController.GetClass (GpssStudio.WebApi)'
fail: Microsoft.AspNetCore.Diagnostics.DeveloperExceptionPageMiddleware[1]
      An unhandled exception has occurred while executing the request.
      System.InvalidOperationException: An exception has been raised that is likely due to a transient failure.
       ---> Npgsql.NpgsqlException (0x80004005): Failed to connect to 127.0.0.1:5432
       ---> System.Net.Sockets.SocketException (10061): Подключение не установлено, т.к. конечный компьютер отверг запрос на подключение.
         at System.Net.Sockets.Socket.AwaitableSocketAsyncEventArgs.ThrowException(SocketError error, CancellationToken cancellationToken)
         at System.Net.Sockets.Socket.AwaitableSocketAsyncEventArgs.System.Threading.Tasks.Sources.IValueTaskSource.GetResult(Int16 token)
         at System.Net.Sockets.Socket.<ConnectAsync>g__WaitForConnectWithCancellation|285_0(AwaitableSocketAsyncEventArgs saea, ValueTask connectTask, CancellationToken cancellationToken)
         at Npgsql.TaskTimeoutAndCancellation.ExecuteAsync(Func`2 getTaskFunc, NpgsqlTimeout timeout, CancellationToken cancellationToken)
         at Npgsql.Internal.NpgsqlConnector.ConnectAsync(NpgsqlTimeout timeout, CancellationToken cancellationToken)
         at Npgsql.Internal.NpgsqlConnector.ConnectAsync(NpgsqlTimeout timeout, CancellationToken cancellationToken)
         at Npgsql.Internal.NpgsqlConnector.RawOpen(SslMode sslMode, NpgsqlTimeout timeout, Boolean async, CancellationToken cancellationToken, Boolean isFirstAttempt)
         at Npgsql.Internal.NpgsqlConnector.<Open>g__OpenCore|213_1(NpgsqlConnector conn, SslMode sslMode, NpgsqlTimeout timeout, Boolean async, CancellationToken cancellationToken, Boolean isFirstAttempt)
         at Npgsql.Internal.NpgsqlConnector.Open(NpgsqlTimeout timeout, Boolean async, CancellationToken cancellationToken)
         at Npgsql.PoolingDataSource.OpenNewConnector(NpgsqlConnection conn, NpgsqlTimeout timeout, Boolean async, CancellationToken cancellationToken)
         at Npgsql.PoolingDataSource.<Get>g__RentAsync|33_0(NpgsqlConnection conn, NpgsqlTimeout timeout, Boolean async, CancellationToken cancellationToken)
         at Npgsql.NpgsqlConnection.<Open>g__OpenAsync|42_0(Boolean async, CancellationToken cancellationToken)
         at Microsoft.EntityFrameworkCore.Storage.RelationalConnection.OpenInternalAsync(Boolean errorsExpected, CancellationToken cancellationToken)
         at Microsoft.EntityFrameworkCore.Storage.RelationalConnection.OpenInternalAsync(Boolean errorsExpected, CancellationToken cancellationToken)
         at Microsoft.EntityFrameworkCore.Storage.RelationalConnection.OpenAsync(CancellationToken cancellationToken, Boolean errorsExpected)
         at Microsoft.EntityFrameworkCore.Storage.RelationalCommand.ExecuteReaderAsync(RelationalCommandParameterObject parameterObject, CancellationToken cancellationToken)
         at Microsoft.EntityFrameworkCore.Query.Internal.SingleQueryingEnumerable`1.AsyncEnumerator.InitializeReaderAsync(AsyncEnumerator enumerator, CancellationToken cancellationToken)
         at Npgsql.EntityFrameworkCore.PostgreSQL.Storage.Internal.NpgsqlExecutionStrategy.ExecuteAsync[TState,TResult](TState state, Func`4 operation, Func`4 verifySucceeded, CancellationToken cancellationToken)
         --- End of inner exception stack trace ---
         at Npgsql.EntityFrameworkCore.PostgreSQL.Storage.Internal.NpgsqlExecutionStrategy.ExecuteAsync[TState,TResult](TState state, Func`4 operation, Func`4 verifySucceeded, CancellationToken cancellationToken)
         at Microsoft.EntityFrameworkCore.Query.Internal.SingleQueryingEnumerable`1.AsyncEnumerator.MoveNextAsync()
         at Microsoft.EntityFrameworkCore.Query.ShapedQueryCompilingExpressionVisitor.SingleOrDefaultAsync[TSource](IAsyncEnumerable`1 asyncEnumerable, CancellationToken cancellationToken)
         at Microsoft.EntityFrameworkCore.Query.ShapedQueryCompilingExpressionVisitor.SingleOrDefaultAsync[TSource](IAsyncEnumerable`1 asyncEnumerable, CancellationToken cancellationToken)
         at GpssStudio.WebApi.Infrastructure.Persistence.Repositories.TebRepository.BuildAggregateAsync(String libraryId, Guid classId, CancellationToken cancellationToken) in C:\Users\timur\OneDrive\Документы\GitHub\gpss\backend\GpssStudio.WebApi\Infrastructure\Persistence\Repositories\TebRepository.cs:line 345
         at GpssStudio.WebApi.Infrastructure.Persistence.Repositories.TebRepository.GetClassAsync(String libraryId, Guid classId, CancellationToken cancellationToken) in C:\Users\timur\OneDrive\Документы\GitHub\gpss\backend\GpssStudio.WebApi\Infrastructure\Persistence\Repositories\TebRepository.cs:line 28
         at GpssStudio.WebApi.Application.Tebs.Services.TebService.GetClassAsync(String libraryId, Guid classId, CancellationToken cancellationToken) in C:\Users\timur\OneDrive\Документы\GitHub\gpss\backend\GpssStudio.WebApi\Application\Tebs\Services\TebService.cs:line 22
         at GpssStudio.WebApi.Controllers.TebManagementController.GetClass(String libraryId, Guid classId, CancellationToken cancellationToken) in C:\Users\timur\OneDrive\Документы\GitHub\gpss\backend\GpssStudio.WebApi\Controllers\TebManagementController.cs:line 27
         at Microsoft.AspNetCore.Mvc.Infrastructure.ActionMethodExecutor.TaskOfIActionResultExecutor.Execute(ActionContext actionContext, IActionResultTypeMapper mapper, ObjectMethodExecutor executor, Object controller, Object[] arguments)
         at Microsoft.AspNetCore.Mvc.Infrastructure.ControllerActionInvoker.<InvokeActionMethodAsync>g__Awaited|12_0(ControllerActionInvoker invoker, ValueTask`1 actionResultValueTask)
         at Microsoft.AspNetCore.Mvc.Infrastructure.ControllerActionInvoker.<InvokeNextActionFilterAsync>g__Awaited|10_0(ControllerActionInvoker invoker, Task lastTask, State next, Scope scope, Object state, Boolean isCompleted)
         at Microsoft.AspNetCore.Mvc.Infrastructure.ControllerActionInvoker.Rethrow(ActionExecutedContextSealed context)
         at Microsoft.AspNetCore.Mvc.Infrastructure.ControllerActionInvoker.Next(State& next, Scope& scope, Object& state, Boolean& isCompleted)
         at Microsoft.AspNetCore.Mvc.Infrastructure.ControllerActionInvoker.<InvokeInnerFilterAsync>g__Awaited|13_0(ControllerActionInvoker invoker, Task lastTask, State next, Scope scope, Object state, Boolean isCompleted)
         at Microsoft.AspNetCore.Mvc.Infrastructure.ResourceInvoker.<InvokeFilterPipelineAsync>g__Awaited|20_0(ResourceInvoker invoker, Task lastTask, State next, Scope scope, Object state, Boolean isCompleted)
         at Microsoft.AspNetCore.Mvc.Infrastructure.ResourceInvoker.<InvokeAsync>g__Logged|17_1(ResourceInvoker invoker)
         at Microsoft.AspNetCore.Mvc.Infrastructure.ResourceInvoker.<InvokeAsync>g__Logged|17_1(ResourceInvoker invoker)
         at Microsoft.AspNetCore.Routing.EndpointMiddleware.<Invoke>g__AwaitRequestTask|7_0(Endpoint endpoint, Task requestTask, ILogger logger)
         at Microsoft.AspNetCore.Authorization.AuthorizationMiddleware.Invoke(HttpContext context)
         at Swashbuckle.AspNetCore.SwaggerUI.SwaggerUIMiddleware.Invoke(HttpContext httpContext)
         at Swashbuckle.AspNetCore.Swagger.SwaggerMiddleware.Invoke(HttpContext httpContext, ISwaggerProvider swaggerProvider)
         at Microsoft.AspNetCore.Authentication.AuthenticationMiddleware.Invoke(HttpContext context)
         at Microsoft.AspNetCore.Diagnostics.DeveloperExceptionPageMiddlewareImpl.Invoke(HttpContext context)
dbug: Microsoft.EntityFrameworkCore.Infrastructure[10407]
      'GpssStudioDbContext' disposed.
dbug: Microsoft.EntityFrameworkCore.Database.Connection[20007]
      Disposing connection to database 'gpss' on server 'tcp://localhost:5432'.
dbug: Microsoft.EntityFrameworkCore.Database.Connection[20008]
      Disposed connection to database 'gpss' on server 'tcp://localhost:5432' (0ms).
info: Microsoft.AspNetCore.Hosting.Diagnostics[2]
      Request finished HTTP/1.1 GET http://127.0.0.1:3001/api/alina-gpss/studio/tebs/libraries/0/classes/3ef71b95-07f7-41c6-b532-03d83d8a3973 - 500 - text/plain;+charset=utf-8 2035.6579ms
info: Microsoft.AspNetCore.Hosting.Diagnostics[1]
      Request starting HTTP/1.1 GET http://127.0.0.1:3001/api/alina-gpss/studio/tebs/libraries/0/classes/3ef71b95-07f7-41c6-b532-03d83d8a3973 - - -
info: Microsoft.AspNetCore.Routing.EndpointMiddleware[0]
      Executing endpoint 'GpssStudio.WebApi.Controllers.TebManagementController.GetClass (GpssStudio.WebApi)'
info: Microsoft.AspNetCore.Mvc.Infrastructure.ControllerActionInvoker[102]
      Route matched with {action = "GetClass", controller = "TebManagement"}. Executing controller action with signature System.Threading.Tasks.Task`1[Microsoft.AspNetCore.Mvc.IActionResult] GetClass(System.String, System.Guid, System.Threading.CancellationToken) on controller GpssStudio.WebApi.Controllers.TebManagementController (GpssStudio.WebApi).
dbug: Microsoft.EntityFrameworkCore.Infrastructure[10403]
      Entity Framework Core 8.0.8 initialized 'GpssStudioDbContext' using provider 'Npgsql.EntityFrameworkCore.PostgreSQL:8.0.8+55dd99eca42e9c6d6085961c60a0704373919a54' with options: None
dbug: Microsoft.EntityFrameworkCore.Database.Connection[20005]
      Creating DbConnection.
dbug: Microsoft.EntityFrameworkCore.Database.Connection[20006]
      Created DbConnection. (0ms).
dbug: Microsoft.EntityFrameworkCore.Database.Connection[20000]
      Opening connection to database 'gpss' on server 'tcp://localhost:5432'.
fail: Microsoft.EntityFrameworkCore.Database.Connection[20004]
      An error occurred using the connection to database 'gpss' on server 'tcp://localhost:5432'.
fail: Microsoft.EntityFrameworkCore.Query[10100]
      An exception occurred while iterating over the results of a query for context type 'GpssStudio.WebApi.Infrastructure.Persistence.GpssStudioDbContext'.
      System.InvalidOperationException: An exception has been raised that is likely due to a transient failure.
       ---> Npgsql.NpgsqlException (0x80004005): Failed to connect to 127.0.0.1:5432
       ---> System.Net.Sockets.SocketException (10061): Подключение не установлено, т.к. конечный компьютер отверг запрос на подключение.
         at System.Net.Sockets.Socket.AwaitableSocketAsyncEventArgs.ThrowException(SocketError error, CancellationToken cancellationToken)
         at System.Net.Sockets.Socket.AwaitableSocketAsyncEventArgs.System.Threading.Tasks.Sources.IValueTaskSource.GetResult(Int16 token)
         at System.Net.Sockets.Socket.<ConnectAsync>g__WaitForConnectWithCancellation|285_0(AwaitableSocketAsyncEventArgs saea, ValueTask connectTask, CancellationToken cancellationToken)
         at Npgsql.TaskTimeoutAndCancellation.ExecuteAsync(Func`2 getTaskFunc, NpgsqlTimeout timeout, CancellationToken cancellationToken)
         at Npgsql.Internal.NpgsqlConnector.ConnectAsync(NpgsqlTimeout timeout, CancellationToken cancellationToken)
         at Npgsql.Internal.NpgsqlConnector.ConnectAsync(NpgsqlTimeout timeout, CancellationToken cancellationToken)
         at Npgsql.Internal.NpgsqlConnector.RawOpen(SslMode sslMode, NpgsqlTimeout timeout, Boolean async, CancellationToken cancellationToken, Boolean isFirstAttempt)
         at Npgsql.Internal.NpgsqlConnector.<Open>g__OpenCore|213_1(NpgsqlConnector conn, SslMode sslMode, NpgsqlTimeout timeout, Boolean async, CancellationToken cancellationToken, Boolean isFirstAttempt)
         at Npgsql.Internal.NpgsqlConnector.Open(NpgsqlTimeout timeout, Boolean async, CancellationToken cancellationToken)
         at Npgsql.PoolingDataSource.OpenNewConnector(NpgsqlConnection conn, NpgsqlTimeout timeout, Boolean async, CancellationToken cancellationToken)
         at Npgsql.PoolingDataSource.<Get>g__RentAsync|33_0(NpgsqlConnection conn, NpgsqlTimeout timeout, Boolean async, CancellationToken cancellationToken)
         at Npgsql.NpgsqlConnection.<Open>g__OpenAsync|42_0(Boolean async, CancellationToken cancellationToken)
         at Microsoft.EntityFrameworkCore.Storage.RelationalConnection.OpenInternalAsync(Boolean errorsExpected, CancellationToken cancellationToken)
         at Microsoft.EntityFrameworkCore.Storage.RelationalConnection.OpenInternalAsync(Boolean errorsExpected, CancellationToken cancellationToken)
         at Microsoft.EntityFrameworkCore.Storage.RelationalConnection.OpenAsync(CancellationToken cancellationToken, Boolean errorsExpected)
         at Microsoft.EntityFrameworkCore.Storage.RelationalCommand.ExecuteReaderAsync(RelationalCommandParameterObject parameterObject, CancellationToken cancellationToken)
         at Microsoft.EntityFrameworkCore.Query.Internal.SingleQueryingEnumerable`1.AsyncEnumerator.InitializeReaderAsync(AsyncEnumerator enumerator, CancellationToken cancellationToken)
         at Npgsql.EntityFrameworkCore.PostgreSQL.Storage.Internal.NpgsqlExecutionStrategy.ExecuteAsync[TState,TResult](TState state, Func`4 operation, Func`4 verifySucceeded, CancellationToken cancellationToken)
         --- End of inner exception stack trace ---
         at Npgsql.EntityFrameworkCore.PostgreSQL.Storage.Internal.NpgsqlExecutionStrategy.ExecuteAsync[TState,TResult](TState state, Func`4 operation, Func`4 verifySucceeded, CancellationToken cancellationToken)
         at Microsoft.EntityFrameworkCore.Query.Internal.SingleQueryingEnumerable`1.AsyncEnumerator.MoveNextAsync()
      System.InvalidOperationException: An exception has been raised that is likely due to a transient failure.
       ---> Npgsql.NpgsqlException (0x80004005): Failed to connect to 127.0.0.1:5432
       ---> System.Net.Sockets.SocketException (10061): Подключение не установлено, т.к. конечный компьютер отверг запрос на подключение.
         at System.Net.Sockets.Socket.AwaitableSocketAsyncEventArgs.ThrowException(SocketError error, CancellationToken cancellationToken)
         at System.Net.Sockets.Socket.AwaitableSocketAsyncEventArgs.System.Threading.Tasks.Sources.IValueTaskSource.GetResult(Int16 token)
         at System.Net.Sockets.Socket.<ConnectAsync>g__WaitForConnectWithCancellation|285_0(AwaitableSocketAsyncEventArgs saea, ValueTask connectTask, CancellationToken cancellationToken)
         at Npgsql.TaskTimeoutAndCancellation.ExecuteAsync(Func`2 getTaskFunc, NpgsqlTimeout timeout, CancellationToken cancellationToken)
         at Npgsql.Internal.NpgsqlConnector.ConnectAsync(NpgsqlTimeout timeout, CancellationToken cancellationToken)
         at Npgsql.Internal.NpgsqlConnector.ConnectAsync(NpgsqlTimeout timeout, CancellationToken cancellationToken)
         at Npgsql.Internal.NpgsqlConnector.RawOpen(SslMode sslMode, NpgsqlTimeout timeout, Boolean async, CancellationToken cancellationToken, Boolean isFirstAttempt)
         at Npgsql.Internal.NpgsqlConnector.<Open>g__OpenCore|213_1(NpgsqlConnector conn, SslMode sslMode, NpgsqlTimeout timeout, Boolean async, CancellationToken cancellationToken, Boolean isFirstAttempt)
         at Npgsql.Internal.NpgsqlConnector.Open(NpgsqlTimeout timeout, Boolean async, CancellationToken cancellationToken)
         at Npgsql.PoolingDataSource.OpenNewConnector(NpgsqlConnection conn, NpgsqlTimeout timeout, Boolean async, CancellationToken cancellationToken)
         at Npgsql.PoolingDataSource.<Get>g__RentAsync|33_0(NpgsqlConnection conn, NpgsqlTimeout timeout, Boolean async, CancellationToken cancellationToken)
         at Npgsql.NpgsqlConnection.<Open>g__OpenAsync|42_0(Boolean async, CancellationToken cancellationToken)
         at Microsoft.EntityFrameworkCore.Storage.RelationalConnection.OpenInternalAsync(Boolean errorsExpected, CancellationToken cancellationToken)
         at Microsoft.EntityFrameworkCore.Storage.RelationalConnection.OpenInternalAsync(Boolean errorsExpected, CancellationToken cancellationToken)
         at Microsoft.EntityFrameworkCore.Storage.RelationalConnection.OpenAsync(CancellationToken cancellationToken, Boolean errorsExpected)
         at Microsoft.EntityFrameworkCore.Storage.RelationalCommand.ExecuteReaderAsync(RelationalCommandParameterObject parameterObject, CancellationToken cancellationToken)
         at Microsoft.EntityFrameworkCore.Query.Internal.SingleQueryingEnumerable`1.AsyncEnumerator.InitializeReaderAsync(AsyncEnumerator enumerator, CancellationToken cancellationToken)
         at Npgsql.EntityFrameworkCore.PostgreSQL.Storage.Internal.NpgsqlExecutionStrategy.ExecuteAsync[TState,TResult](TState state, Func`4 operation, Func`4 verifySucceeded, CancellationToken cancellationToken)
         --- End of inner exception stack trace ---
         at Npgsql.EntityFrameworkCore.PostgreSQL.Storage.Internal.NpgsqlExecutionStrategy.ExecuteAsync[TState,TResult](TState state, Func`4 operation, Func`4 verifySucceeded, CancellationToken cancellationToken)
         at Microsoft.EntityFrameworkCore.Query.Internal.SingleQueryingEnumerable`1.AsyncEnumerator.MoveNextAsync()
info: Microsoft.AspNetCore.Mvc.Infrastructure.ControllerActionInvoker[105]
      Executed action GpssStudio.WebApi.Controllers.TebManagementController.GetClass (GpssStudio.WebApi) in 2032.0744ms
info: Microsoft.AspNetCore.Routing.EndpointMiddleware[1]
      Executed endpoint 'GpssStudio.WebApi.Controllers.TebManagementController.GetClass (GpssStudio.WebApi)'
fail: Microsoft.AspNetCore.Diagnostics.DeveloperExceptionPageMiddleware[1]
      An unhandled exception has occurred while executing the request.
      System.InvalidOperationException: An exception has been raised that is likely due to a transient failure.
       ---> Npgsql.NpgsqlException (0x80004005): Failed to connect to 127.0.0.1:5432
       ---> System.Net.Sockets.SocketException (10061): Подключение не установлено, т.к. конечный компьютер отверг запрос на подключение.
         at System.Net.Sockets.Socket.AwaitableSocketAsyncEventArgs.ThrowException(SocketError error, CancellationToken cancellationToken)
         at System.Net.Sockets.Socket.AwaitableSocketAsyncEventArgs.System.Threading.Tasks.Sources.IValueTaskSource.GetResult(Int16 token)
         at System.Net.Sockets.Socket.<ConnectAsync>g__WaitForConnectWithCancellation|285_0(AwaitableSocketAsyncEventArgs saea, ValueTask connectTask, CancellationToken cancellationToken)
         at Npgsql.TaskTimeoutAndCancellation.ExecuteAsync(Func`2 getTaskFunc, NpgsqlTimeout timeout, CancellationToken cancellationToken)
         at Npgsql.Internal.NpgsqlConnector.ConnectAsync(NpgsqlTimeout timeout, CancellationToken cancellationToken)
         at Npgsql.Internal.NpgsqlConnector.ConnectAsync(NpgsqlTimeout timeout, CancellationToken cancellationToken)
         at Npgsql.Internal.NpgsqlConnector.RawOpen(SslMode sslMode, NpgsqlTimeout timeout, Boolean async, CancellationToken cancellationToken, Boolean isFirstAttempt)
         at Npgsql.Internal.NpgsqlConnector.<Open>g__OpenCore|213_1(NpgsqlConnector conn, SslMode sslMode, NpgsqlTimeout timeout, Boolean async, CancellationToken cancellationToken, Boolean isFirstAttempt)
         at Npgsql.Internal.NpgsqlConnector.Open(NpgsqlTimeout timeout, Boolean async, CancellationToken cancellationToken)
         at Npgsql.PoolingDataSource.OpenNewConnector(NpgsqlConnection conn, NpgsqlTimeout timeout, Boolean async, CancellationToken cancellationToken)
         at Npgsql.PoolingDataSource.<Get>g__RentAsync|33_0(NpgsqlConnection conn, NpgsqlTimeout timeout, Boolean async, CancellationToken cancellationToken)
         at Npgsql.NpgsqlConnection.<Open>g__OpenAsync|42_0(Boolean async, CancellationToken cancellationToken)
         at Microsoft.EntityFrameworkCore.Storage.RelationalConnection.OpenInternalAsync(Boolean errorsExpected, CancellationToken cancellationToken)
         at Microsoft.EntityFrameworkCore.Storage.RelationalConnection.OpenInternalAsync(Boolean errorsExpected, CancellationToken cancellationToken)
         at Microsoft.EntityFrameworkCore.Storage.RelationalConnection.OpenAsync(CancellationToken cancellationToken, Boolean errorsExpected)
         at Microsoft.EntityFrameworkCore.Storage.RelationalCommand.ExecuteReaderAsync(RelationalCommandParameterObject parameterObject, CancellationToken cancellationToken)
         at Microsoft.EntityFrameworkCore.Query.Internal.SingleQueryingEnumerable`1.AsyncEnumerator.InitializeReaderAsync(AsyncEnumerator enumerator, CancellationToken cancellationToken)
         at Npgsql.EntityFrameworkCore.PostgreSQL.Storage.Internal.NpgsqlExecutionStrategy.ExecuteAsync[TState,TResult](TState state, Func`4 operation, Func`4 verifySucceeded, CancellationToken cancellationToken)
         --- End of inner exception stack trace ---
         at Npgsql.EntityFrameworkCore.PostgreSQL.Storage.Internal.NpgsqlExecutionStrategy.ExecuteAsync[TState,TResult](TState state, Func`4 operation, Func`4 verifySucceeded, CancellationToken cancellationToken)
         at Microsoft.EntityFrameworkCore.Query.Internal.SingleQueryingEnumerable`1.AsyncEnumerator.MoveNextAsync()
         at Microsoft.EntityFrameworkCore.Query.ShapedQueryCompilingExpressionVisitor.SingleOrDefaultAsync[TSource](IAsyncEnumerable`1 asyncEnumerable, CancellationToken cancellationToken)
         at Microsoft.EntityFrameworkCore.Query.ShapedQueryCompilingExpressionVisitor.SingleOrDefaultAsync[TSource](IAsyncEnumerable`1 asyncEnumerable, CancellationToken cancellationToken)
         at GpssStudio.WebApi.Infrastructure.Persistence.Repositories.TebRepository.BuildAggregateAsync(String libraryId, Guid classId, CancellationToken cancellationToken) in C:\Users\timur\OneDrive\Документы\GitHub\gpss\backend\GpssStudio.WebApi\Infrastructure\Persistence\Repositories\TebRepository.cs:line 345
         at GpssStudio.WebApi.Infrastructure.Persistence.Repositories.TebRepository.GetClassAsync(String libraryId, Guid classId, CancellationToken cancellationToken) in C:\Users\timur\OneDrive\Документы\GitHub\gpss\backend\GpssStudio.WebApi\Infrastructure\Persistence\Repositories\TebRepository.cs:line 28
         at GpssStudio.WebApi.Application.Tebs.Services.TebService.GetClassAsync(String libraryId, Guid classId, CancellationToken cancellationToken) in C:\Users\timur\OneDrive\Документы\GitHub\gpss\backend\GpssStudio.WebApi\Application\Tebs\Services\TebService.cs:line 22
         at GpssStudio.WebApi.Controllers.TebManagementController.GetClass(String libraryId, Guid classId, CancellationToken cancellationToken) in C:\Users\timur\OneDrive\Документы\GitHub\gpss\backend\GpssStudio.WebApi\Controllers\TebManagementController.cs:line 27
         at Microsoft.AspNetCore.Mvc.Infrastructure.ActionMethodExecutor.TaskOfIActionResultExecutor.Execute(ActionContext actionContext, IActionResultTypeMapper mapper, ObjectMethodExecutor executor, Object controller, Object[] arguments)
         at Microsoft.AspNetCore.Mvc.Infrastructure.ControllerActionInvoker.<InvokeActionMethodAsync>g__Awaited|12_0(ControllerActionInvoker invoker, ValueTask`1 actionResultValueTask)
         at Microsoft.AspNetCore.Mvc.Infrastructure.ControllerActionInvoker.<InvokeNextActionFilterAsync>g__Awaited|10_0(ControllerActionInvoker invoker, Task lastTask, State next, Scope scope, Object state, Boolean isCompleted)
         at Microsoft.AspNetCore.Mvc.Infrastructure.ControllerActionInvoker.Rethrow(ActionExecutedContextSealed context)
         at Microsoft.AspNetCore.Mvc.Infrastructure.ControllerActionInvoker.Next(State& next, Scope& scope, Object& state, Boolean& isCompleted)
         at Microsoft.AspNetCore.Mvc.Infrastructure.ControllerActionInvoker.<InvokeInnerFilterAsync>g__Awaited|13_0(ControllerActionInvoker invoker, Task lastTask, State next, Scope scope, Object state, Boolean isCompleted)
         at Microsoft.AspNetCore.Mvc.Infrastructure.ResourceInvoker.<InvokeFilterPipelineAsync>g__Awaited|20_0(ResourceInvoker invoker, Task lastTask, State next, Scope scope, Object state, Boolean isCompleted)
         at Microsoft.AspNetCore.Mvc.Infrastructure.ResourceInvoker.<InvokeAsync>g__Logged|17_1(ResourceInvoker invoker)
         at Microsoft.AspNetCore.Mvc.Infrastructure.ResourceInvoker.<InvokeAsync>g__Logged|17_1(ResourceInvoker invoker)
         at Microsoft.AspNetCore.Routing.EndpointMiddleware.<Invoke>g__AwaitRequestTask|7_0(Endpoint endpoint, Task requestTask, ILogger logger)
         at Microsoft.AspNetCore.Authorization.AuthorizationMiddleware.Invoke(HttpContext context)
         at Swashbuckle.AspNetCore.SwaggerUI.SwaggerUIMiddleware.Invoke(HttpContext httpContext)
         at Swashbuckle.AspNetCore.Swagger.SwaggerMiddleware.Invoke(HttpContext httpContext, ISwaggerProvider swaggerProvider)
         at Microsoft.AspNetCore.Authentication.AuthenticationMiddleware.Invoke(HttpContext context)
         at Microsoft.AspNetCore.Diagnostics.DeveloperExceptionPageMiddlewareImpl.Invoke(HttpContext context)
dbug: Microsoft.EntityFrameworkCore.Infrastructure[10407]
      'GpssStudioDbContext' disposed.
dbug: Microsoft.EntityFrameworkCore.Database.Connection[20007]
      Disposing connection to database 'gpss' on server 'tcp://localhost:5432'.
dbug: Microsoft.EntityFrameworkCore.Database.Connection[20008]
      Disposed connection to database 'gpss' on server 'tcp://localhost:5432' (0ms).
info: Microsoft.AspNetCore.Hosting.Diagnostics[2]
      Request finished HTTP/1.1 GET http://127.0.0.1:3001/api/alina-gpss/studio/tebs/libraries/0/classes/3ef71b95-07f7-41c6-b532-03d83d8a3973 - 500 - text/plain;+charset=utf-8 2034.7979ms
info: Microsoft.AspNetCore.Hosting.Diagnostics[1]
      Request starting HTTP/1.1 GET http://127.0.0.1:3001/api/alina-gpss/studio/tebs/libraries/0/classes/3ef71b95-07f7-41c6-b532-03d83d8a3973 - - -
info: Microsoft.AspNetCore.Routing.EndpointMiddleware[0]
      Executing endpoint 'GpssStudio.WebApi.Controllers.TebManagementController.GetClass (GpssStudio.WebApi)'
info: Microsoft.AspNetCore.Mvc.Infrastructure.ControllerActionInvoker[102]
      Route matched with {action = "GetClass", controller = "TebManagement"}. Executing controller action with signature System.Threading.Tasks.Task`1[Microsoft.AspNetCore.Mvc.IActionResult] GetClass(System.String, System.Guid, System.Threading.CancellationToken) on controller GpssStudio.WebApi.Controllers.TebManagementController (GpssStudio.WebApi).
dbug: Microsoft.EntityFrameworkCore.Infrastructure[10403]
      Entity Framework Core 8.0.8 initialized 'GpssStudioDbContext' using provider 'Npgsql.EntityFrameworkCore.PostgreSQL:8.0.8+55dd99eca42e9c6d6085961c60a0704373919a54' with options: None
dbug: Microsoft.EntityFrameworkCore.Database.Connection[20005]
      Creating DbConnection.
dbug: Microsoft.EntityFrameworkCore.Database.Connection[20006]
      Created DbConnection. (0ms).
dbug: Microsoft.EntityFrameworkCore.Database.Connection[20000]
      Opening connection to database 'gpss' on server 'tcp://localhost:5432'.
fail: Microsoft.EntityFrameworkCore.Database.Connection[20004]
      An error occurred using the connection to database 'gpss' on server 'tcp://localhost:5432'.
fail: Microsoft.EntityFrameworkCore.Query[10100]
      An exception occurred while iterating over the results of a query for context type 'GpssStudio.WebApi.Infrastructure.Persistence.GpssStudioDbContext'.
      System.InvalidOperationException: An exception has been raised that is likely due to a transient failure.
       ---> Npgsql.NpgsqlException (0x80004005): Failed to connect to 127.0.0.1:5432
       ---> System.Net.Sockets.SocketException (10061): Подключение не установлено, т.к. конечный компьютер отверг запрос на подключение.
         at System.Net.Sockets.Socket.AwaitableSocketAsyncEventArgs.ThrowException(SocketError error, CancellationToken cancellationToken)
         at System.Net.Sockets.Socket.AwaitableSocketAsyncEventArgs.System.Threading.Tasks.Sources.IValueTaskSource.GetResult(Int16 token)
         at System.Net.Sockets.Socket.<ConnectAsync>g__WaitForConnectWithCancellation|285_0(AwaitableSocketAsyncEventArgs saea, ValueTask connectTask, CancellationToken cancellationToken)
         at Npgsql.TaskTimeoutAndCancellation.ExecuteAsync(Func`2 getTaskFunc, NpgsqlTimeout timeout, CancellationToken cancellationToken)
         at Npgsql.Internal.NpgsqlConnector.ConnectAsync(NpgsqlTimeout timeout, CancellationToken cancellationToken)
         at Npgsql.Internal.NpgsqlConnector.ConnectAsync(NpgsqlTimeout timeout, CancellationToken cancellationToken)
         at Npgsql.Internal.NpgsqlConnector.RawOpen(SslMode sslMode, NpgsqlTimeout timeout, Boolean async, CancellationToken cancellationToken, Boolean isFirstAttempt)
         at Npgsql.Internal.NpgsqlConnector.<Open>g__OpenCore|213_1(NpgsqlConnector conn, SslMode sslMode, NpgsqlTimeout timeout, Boolean async, CancellationToken cancellationToken, Boolean isFirstAttempt)
         at Npgsql.Internal.NpgsqlConnector.Open(NpgsqlTimeout timeout, Boolean async, CancellationToken cancellationToken)
         at Npgsql.PoolingDataSource.OpenNewConnector(NpgsqlConnection conn, NpgsqlTimeout timeout, Boolean async, CancellationToken cancellationToken)
         at Npgsql.PoolingDataSource.<Get>g__RentAsync|33_0(NpgsqlConnection conn, NpgsqlTimeout timeout, Boolean async, CancellationToken cancellationToken)
         at Npgsql.NpgsqlConnection.<Open>g__OpenAsync|42_0(Boolean async, CancellationToken cancellationToken)
         at Microsoft.EntityFrameworkCore.Storage.RelationalConnection.OpenInternalAsync(Boolean errorsExpected, CancellationToken cancellationToken)
         at Microsoft.EntityFrameworkCore.Storage.RelationalConnection.OpenInternalAsync(Boolean errorsExpected, CancellationToken cancellationToken)
         at Microsoft.EntityFrameworkCore.Storage.RelationalConnection.OpenAsync(CancellationToken cancellationToken, Boolean errorsExpected)
         at Microsoft.EntityFrameworkCore.Storage.RelationalCommand.ExecuteReaderAsync(RelationalCommandParameterObject parameterObject, CancellationToken cancellationToken)
         at Microsoft.EntityFrameworkCore.Query.Internal.SingleQueryingEnumerable`1.AsyncEnumerator.InitializeReaderAsync(AsyncEnumerator enumerator, CancellationToken cancellationToken)
         at Npgsql.EntityFrameworkCore.PostgreSQL.Storage.Internal.NpgsqlExecutionStrategy.ExecuteAsync[TState,TResult](TState state, Func`4 operation, Func`4 verifySucceeded, CancellationToken cancellationToken)
         --- End of inner exception stack trace ---
         at Npgsql.EntityFrameworkCore.PostgreSQL.Storage.Internal.NpgsqlExecutionStrategy.ExecuteAsync[TState,TResult](TState state, Func`4 operation, Func`4 verifySucceeded, CancellationToken cancellationToken)
         at Microsoft.EntityFrameworkCore.Query.Internal.SingleQueryingEnumerable`1.AsyncEnumerator.MoveNextAsync()
      System.InvalidOperationException: An exception has been raised that is likely due to a transient failure.
       ---> Npgsql.NpgsqlException (0x80004005): Failed to connect to 127.0.0.1:5432
       ---> System.Net.Sockets.SocketException (10061): Подключение не установлено, т.к. конечный компьютер отверг запрос на подключение.
         at System.Net.Sockets.Socket.AwaitableSocketAsyncEventArgs.ThrowException(SocketError error, CancellationToken cancellationToken)
         at System.Net.Sockets.Socket.AwaitableSocketAsyncEventArgs.System.Threading.Tasks.Sources.IValueTaskSource.GetResult(Int16 token)
         at System.Net.Sockets.Socket.<ConnectAsync>g__WaitForConnectWithCancellation|285_0(AwaitableSocketAsyncEventArgs saea, ValueTask connectTask, CancellationToken cancellationToken)
         at Npgsql.TaskTimeoutAndCancellation.ExecuteAsync(Func`2 getTaskFunc, NpgsqlTimeout timeout, CancellationToken cancellationToken)
         at Npgsql.Internal.NpgsqlConnector.ConnectAsync(NpgsqlTimeout timeout, CancellationToken cancellationToken)
         at Npgsql.Internal.NpgsqlConnector.ConnectAsync(NpgsqlTimeout timeout, CancellationToken cancellationToken)
         at Npgsql.Internal.NpgsqlConnector.RawOpen(SslMode sslMode, NpgsqlTimeout timeout, Boolean async, CancellationToken cancellationToken, Boolean isFirstAttempt)
         at Npgsql.Internal.NpgsqlConnector.<Open>g__OpenCore|213_1(NpgsqlConnector conn, SslMode sslMode, NpgsqlTimeout timeout, Boolean async, CancellationToken cancellationToken, Boolean isFirstAttempt)
         at Npgsql.Internal.NpgsqlConnector.Open(NpgsqlTimeout timeout, Boolean async, CancellationToken cancellationToken)
         at Npgsql.PoolingDataSource.OpenNewConnector(NpgsqlConnection conn, NpgsqlTimeout timeout, Boolean async, CancellationToken cancellationToken)
         at Npgsql.PoolingDataSource.<Get>g__RentAsync|33_0(NpgsqlConnection conn, NpgsqlTimeout timeout, Boolean async, CancellationToken cancellationToken)
         at Npgsql.NpgsqlConnection.<Open>g__OpenAsync|42_0(Boolean async, CancellationToken cancellationToken)
         at Microsoft.EntityFrameworkCore.Storage.RelationalConnection.OpenInternalAsync(Boolean errorsExpected, CancellationToken cancellationToken)
         at Microsoft.EntityFrameworkCore.Storage.RelationalConnection.OpenInternalAsync(Boolean errorsExpected, CancellationToken cancellationToken)
         at Microsoft.EntityFrameworkCore.Storage.RelationalConnection.OpenAsync(CancellationToken cancellationToken, Boolean errorsExpected)
         at Microsoft.EntityFrameworkCore.Storage.RelationalCommand.ExecuteReaderAsync(RelationalCommandParameterObject parameterObject, CancellationToken cancellationToken)
         at Microsoft.EntityFrameworkCore.Query.Internal.SingleQueryingEnumerable`1.AsyncEnumerator.InitializeReaderAsync(AsyncEnumerator enumerator, CancellationToken cancellationToken)
         at Npgsql.EntityFrameworkCore.PostgreSQL.Storage.Internal.NpgsqlExecutionStrategy.ExecuteAsync[TState,TResult](TState state, Func`4 operation, Func`4 verifySucceeded, CancellationToken cancellationToken)
         --- End of inner exception stack trace ---
         at Npgsql.EntityFrameworkCore.PostgreSQL.Storage.Internal.NpgsqlExecutionStrategy.ExecuteAsync[TState,TResult](TState state, Func`4 operation, Func`4 verifySucceeded, CancellationToken cancellationToken)
         at Microsoft.EntityFrameworkCore.Query.Internal.SingleQueryingEnumerable`1.AsyncEnumerator.MoveNextAsync()
info: Microsoft.AspNetCore.Mvc.Infrastructure.ControllerActionInvoker[105]
      Executed action GpssStudio.WebApi.Controllers.TebManagementController.GetClass (GpssStudio.WebApi) in 2023.3792ms
info: Microsoft.AspNetCore.Routing.EndpointMiddleware[1]
      Executed endpoint 'GpssStudio.WebApi.Controllers.TebManagementController.GetClass (GpssStudio.WebApi)'
fail: Microsoft.AspNetCore.Diagnostics.DeveloperExceptionPageMiddleware[1]
      An unhandled exception has occurred while executing the request.
      System.InvalidOperationException: An exception has been raised that is likely due to a transient failure.
       ---> Npgsql.NpgsqlException (0x80004005): Failed to connect to 127.0.0.1:5432
       ---> System.Net.Sockets.SocketException (10061): Подключение не установлено, т.к. конечный компьютер отверг запрос на подключение.
         at System.Net.Sockets.Socket.AwaitableSocketAsyncEventArgs.ThrowException(SocketError error, CancellationToken cancellationToken)
         at System.Net.Sockets.Socket.AwaitableSocketAsyncEventArgs.System.Threading.Tasks.Sources.IValueTaskSource.GetResult(Int16 token)
         at System.Net.Sockets.Socket.<ConnectAsync>g__WaitForConnectWithCancellation|285_0(AwaitableSocketAsyncEventArgs saea, ValueTask connectTask, CancellationToken cancellationToken)
         at Npgsql.TaskTimeoutAndCancellation.ExecuteAsync(Func`2 getTaskFunc, NpgsqlTimeout timeout, CancellationToken cancellationToken)
         at Npgsql.Internal.NpgsqlConnector.ConnectAsync(NpgsqlTimeout timeout, CancellationToken cancellationToken)
         at Npgsql.Internal.NpgsqlConnector.ConnectAsync(NpgsqlTimeout timeout, CancellationToken cancellationToken)
         at Npgsql.Internal.NpgsqlConnector.RawOpen(SslMode sslMode, NpgsqlTimeout timeout, Boolean async, CancellationToken cancellationToken, Boolean isFirstAttempt)
         at Npgsql.Internal.NpgsqlConnector.<Open>g__OpenCore|213_1(NpgsqlConnector conn, SslMode sslMode, NpgsqlTimeout timeout, Boolean async, CancellationToken cancellationToken, Boolean isFirstAttempt)
         at Npgsql.Internal.NpgsqlConnector.Open(NpgsqlTimeout timeout, Boolean async, CancellationToken cancellationToken)
         at Npgsql.PoolingDataSource.OpenNewConnector(NpgsqlConnection conn, NpgsqlTimeout timeout, Boolean async, CancellationToken cancellationToken)
         at Npgsql.PoolingDataSource.<Get>g__RentAsync|33_0(NpgsqlConnection conn, NpgsqlTimeout timeout, Boolean async, CancellationToken cancellationToken)
         at Npgsql.NpgsqlConnection.<Open>g__OpenAsync|42_0(Boolean async, CancellationToken cancellationToken)
         at Microsoft.EntityFrameworkCore.Storage.RelationalConnection.OpenInternalAsync(Boolean errorsExpected, CancellationToken cancellationToken)
         at Microsoft.EntityFrameworkCore.Storage.RelationalConnection.OpenInternalAsync(Boolean errorsExpected, CancellationToken cancellationToken)
         at Microsoft.EntityFrameworkCore.Storage.RelationalConnection.OpenAsync(CancellationToken cancellationToken, Boolean errorsExpected)
         at Microsoft.EntityFrameworkCore.Storage.RelationalCommand.ExecuteReaderAsync(RelationalCommandParameterObject parameterObject, CancellationToken cancellationToken)
         at Microsoft.EntityFrameworkCore.Query.Internal.SingleQueryingEnumerable`1.AsyncEnumerator.InitializeReaderAsync(AsyncEnumerator enumerator, CancellationToken cancellationToken)
         at Npgsql.EntityFrameworkCore.PostgreSQL.Storage.Internal.NpgsqlExecutionStrategy.ExecuteAsync[TState,TResult](TState state, Func`4 operation, Func`4 verifySucceeded, CancellationToken cancellationToken)
         --- End of inner exception stack trace ---
         at Npgsql.EntityFrameworkCore.PostgreSQL.Storage.Internal.NpgsqlExecutionStrategy.ExecuteAsync[TState,TResult](TState state, Func`4 operation, Func`4 verifySucceeded, CancellationToken cancellationToken)
         at Microsoft.EntityFrameworkCore.Query.Internal.SingleQueryingEnumerable`1.AsyncEnumerator.MoveNextAsync()
         at Microsoft.EntityFrameworkCore.Query.ShapedQueryCompilingExpressionVisitor.SingleOrDefaultAsync[TSource](IAsyncEnumerable`1 asyncEnumerable, CancellationToken cancellationToken)
         at Microsoft.EntityFrameworkCore.Query.ShapedQueryCompilingExpressionVisitor.SingleOrDefaultAsync[TSource](IAsyncEnumerable`1 asyncEnumerable, CancellationToken cancellationToken)
         at GpssStudio.WebApi.Infrastructure.Persistence.Repositories.TebRepository.BuildAggregateAsync(String libraryId, Guid classId, CancellationToken cancellationToken) in C:\Users\timur\OneDrive\Документы\GitHub\gpss\backend\GpssStudio.WebApi\Infrastructure\Persistence\Repositories\TebRepository.cs:line 345
         at GpssStudio.WebApi.Infrastructure.Persistence.Repositories.TebRepository.GetClassAsync(String libraryId, Guid classId, CancellationToken cancellationToken) in C:\Users\timur\OneDrive\Документы\GitHub\gpss\backend\GpssStudio.WebApi\Infrastructure\Persistence\Repositories\TebRepository.cs:line 28
         at GpssStudio.WebApi.Application.Tebs.Services.TebService.GetClassAsync(String libraryId, Guid classId, CancellationToken cancellationToken) in C:\Users\timur\OneDrive\Документы\GitHub\gpss\backend\GpssStudio.WebApi\Application\Tebs\Services\TebService.cs:line 22
         at GpssStudio.WebApi.Controllers.TebManagementController.GetClass(String libraryId, Guid classId, CancellationToken cancellationToken) in C:\Users\timur\OneDrive\Документы\GitHub\gpss\backend\GpssStudio.WebApi\Controllers\TebManagementController.cs:line 27
         at Microsoft.AspNetCore.Mvc.Infrastructure.ActionMethodExecutor.TaskOfIActionResultExecutor.Execute(ActionContext actionContext, IActionResultTypeMapper mapper, ObjectMethodExecutor executor, Object controller, Object[] arguments)
         at Microsoft.AspNetCore.Mvc.Infrastructure.ControllerActionInvoker.<InvokeActionMethodAsync>g__Awaited|12_0(ControllerActionInvoker invoker, ValueTask`1 actionResultValueTask)
         at Microsoft.AspNetCore.Mvc.Infrastructure.ControllerActionInvoker.<InvokeNextActionFilterAsync>g__Awaited|10_0(ControllerActionInvoker invoker, Task lastTask, State next, Scope scope, Object state, Boolean isCompleted)
         at Microsoft.AspNetCore.Mvc.Infrastructure.ControllerActionInvoker.Rethrow(ActionExecutedContextSealed context)
         at Microsoft.AspNetCore.Mvc.Infrastructure.ControllerActionInvoker.Next(State& next, Scope& scope, Object& state, Boolean& isCompleted)
         at Microsoft.AspNetCore.Mvc.Infrastructure.ControllerActionInvoker.<InvokeInnerFilterAsync>g__Awaited|13_0(ControllerActionInvoker invoker, Task lastTask, State next, Scope scope, Object state, Boolean isCompleted)
         at Microsoft.AspNetCore.Mvc.Infrastructure.ResourceInvoker.<InvokeFilterPipelineAsync>g__Awaited|20_0(ResourceInvoker invoker, Task lastTask, State next, Scope scope, Object state, Boolean isCompleted)
         at Microsoft.AspNetCore.Mvc.Infrastructure.ResourceInvoker.<InvokeAsync>g__Logged|17_1(ResourceInvoker invoker)
         at Microsoft.AspNetCore.Mvc.Infrastructure.ResourceInvoker.<InvokeAsync>g__Logged|17_1(ResourceInvoker invoker)
         at Microsoft.AspNetCore.Routing.EndpointMiddleware.<Invoke>g__AwaitRequestTask|7_0(Endpoint endpoint, Task requestTask, ILogger logger)
         at Microsoft.AspNetCore.Authorization.AuthorizationMiddleware.Invoke(HttpContext context)
         at Swashbuckle.AspNetCore.SwaggerUI.SwaggerUIMiddleware.Invoke(HttpContext httpContext)
         at Swashbuckle.AspNetCore.Swagger.SwaggerMiddleware.Invoke(HttpContext httpContext, ISwaggerProvider swaggerProvider)
         at Microsoft.AspNetCore.Authentication.AuthenticationMiddleware.Invoke(HttpContext context)
         at Microsoft.AspNetCore.Diagnostics.DeveloperExceptionPageMiddlewareImpl.Invoke(HttpContext context)
dbug: Microsoft.EntityFrameworkCore.Infrastructure[10407]
      'GpssStudioDbContext' disposed.
dbug: Microsoft.EntityFrameworkCore.Database.Connection[20007]
      Disposing connection to database 'gpss' on server 'tcp://localhost:5432'.
dbug: Microsoft.EntityFrameworkCore.Database.Connection[20008]
      Disposed connection to database 'gpss' on server 'tcp://localhost:5432' (0ms).
info: Microsoft.AspNetCore.Hosting.Diagnostics[2]
      Request finished HTTP/1.1 GET http://127.0.0.1:3001/api/alina-gpss/studio/tebs/libraries/0/classes/3ef71b95-07f7-41c6-b532-03d83d8a3973 - 500 - text/plain;+charset=utf-8 2027.1292ms
info: Microsoft.AspNetCore.Hosting.Diagnostics[1]
      Request starting HTTP/1.1 GET http://127.0.0.1:3001/api/alina-gpss/studio/tebs/libraries/0/classes/3ef71b95-07f7-41c6-b532-03d83d8a3973 - - -
info: Microsoft.AspNetCore.Routing.EndpointMiddleware[0]
      Executing endpoint 'GpssStudio.WebApi.Controllers.TebManagementController.GetClass (GpssStudio.WebApi)'
info: Microsoft.AspNetCore.Mvc.Infrastructure.ControllerActionInvoker[102]
      Route matched with {action = "GetClass", controller = "TebManagement"}. Executing controller action with signature System.Threading.Tasks.Task`1[Microsoft.AspNetCore.Mvc.IActionResult] GetClass(System.String, System.Guid, System.Threading.CancellationToken) on controller GpssStudio.WebApi.Controllers.TebManagementController (GpssStudio.WebApi).
dbug: Microsoft.EntityFrameworkCore.Infrastructure[10403]
      Entity Framework Core 8.0.8 initialized 'GpssStudioDbContext' using provider 'Npgsql.EntityFrameworkCore.PostgreSQL:8.0.8+55dd99eca42e9c6d6085961c60a0704373919a54' with options: None
dbug: Microsoft.EntityFrameworkCore.Database.Connection[20005]
      Creating DbConnection.
dbug: Microsoft.EntityFrameworkCore.Database.Connection[20006]
      Created DbConnection. (0ms).
dbug: Microsoft.EntityFrameworkCore.Database.Connection[20000]
      Opening connection to database 'gpss' on server 'tcp://localhost:5432'.
fail: Microsoft.EntityFrameworkCore.Database.Connection[20004]
      An error occurred using the connection to database 'gpss' on server 'tcp://localhost:5432'.
fail: Microsoft.EntityFrameworkCore.Query[10100]
      An exception occurred while iterating over the results of a query for context type 'GpssStudio.WebApi.Infrastructure.Persistence.GpssStudioDbContext'.
      System.InvalidOperationException: An exception has been raised that is likely due to a transient failure.
       ---> Npgsql.NpgsqlException (0x80004005): Failed to connect to 127.0.0.1:5432
       ---> System.Net.Sockets.SocketException (10061): Подключение не установлено, т.к. конечный компьютер отверг запрос на подключение.
         at System.Net.Sockets.Socket.AwaitableSocketAsyncEventArgs.ThrowException(SocketError error, CancellationToken cancellationToken)
         at System.Net.Sockets.Socket.AwaitableSocketAsyncEventArgs.System.Threading.Tasks.Sources.IValueTaskSource.GetResult(Int16 token)
         at System.Net.Sockets.Socket.<ConnectAsync>g__WaitForConnectWithCancellation|285_0(AwaitableSocketAsyncEventArgs saea, ValueTask connectTask, CancellationToken cancellationToken)
         at Npgsql.TaskTimeoutAndCancellation.ExecuteAsync(Func`2 getTaskFunc, NpgsqlTimeout timeout, CancellationToken cancellationToken)
         at Npgsql.Internal.NpgsqlConnector.ConnectAsync(NpgsqlTimeout timeout, CancellationToken cancellationToken)
         at Npgsql.Internal.NpgsqlConnector.ConnectAsync(NpgsqlTimeout timeout, CancellationToken cancellationToken)
         at Npgsql.Internal.NpgsqlConnector.RawOpen(SslMode sslMode, NpgsqlTimeout timeout, Boolean async, CancellationToken cancellationToken, Boolean isFirstAttempt)
         at Npgsql.Internal.NpgsqlConnector.<Open>g__OpenCore|213_1(NpgsqlConnector conn, SslMode sslMode, NpgsqlTimeout timeout, Boolean async, CancellationToken cancellationToken, Boolean isFirstAttempt)
         at Npgsql.Internal.NpgsqlConnector.Open(NpgsqlTimeout timeout, Boolean async, CancellationToken cancellationToken)
         at Npgsql.PoolingDataSource.OpenNewConnector(NpgsqlConnection conn, NpgsqlTimeout timeout, Boolean async, CancellationToken cancellationToken)
         at Npgsql.PoolingDataSource.<Get>g__RentAsync|33_0(NpgsqlConnection conn, NpgsqlTimeout timeout, Boolean async, CancellationToken cancellationToken)
         at Npgsql.NpgsqlConnection.<Open>g__OpenAsync|42_0(Boolean async, CancellationToken cancellationToken)
         at Microsoft.EntityFrameworkCore.Storage.RelationalConnection.OpenInternalAsync(Boolean errorsExpected, CancellationToken cancellationToken)
         at Microsoft.EntityFrameworkCore.Storage.RelationalConnection.OpenInternalAsync(Boolean errorsExpected, CancellationToken cancellationToken)
         at Microsoft.EntityFrameworkCore.Storage.RelationalConnection.OpenAsync(CancellationToken cancellationToken, Boolean errorsExpected)
         at Microsoft.EntityFrameworkCore.Storage.RelationalCommand.ExecuteReaderAsync(RelationalCommandParameterObject parameterObject, CancellationToken cancellationToken)
         at Microsoft.EntityFrameworkCore.Query.Internal.SingleQueryingEnumerable`1.AsyncEnumerator.InitializeReaderAsync(AsyncEnumerator enumerator, CancellationToken cancellationToken)
         at Npgsql.EntityFrameworkCore.PostgreSQL.Storage.Internal.NpgsqlExecutionStrategy.ExecuteAsync[TState,TResult](TState state, Func`4 operation, Func`4 verifySucceeded, CancellationToken cancellationToken)
         --- End of inner exception stack trace ---
         at Npgsql.EntityFrameworkCore.PostgreSQL.Storage.Internal.NpgsqlExecutionStrategy.ExecuteAsync[TState,TResult](TState state, Func`4 operation, Func`4 verifySucceeded, CancellationToken cancellationToken)
         at Microsoft.EntityFrameworkCore.Query.Internal.SingleQueryingEnumerable`1.AsyncEnumerator.MoveNextAsync()
      System.InvalidOperationException: An exception has been raised that is likely due to a transient failure.
       ---> Npgsql.NpgsqlException (0x80004005): Failed to connect to 127.0.0.1:5432
       ---> System.Net.Sockets.SocketException (10061): Подключение не установлено, т.к. конечный компьютер отверг запрос на подключение.
         at System.Net.Sockets.Socket.AwaitableSocketAsyncEventArgs.ThrowException(SocketError error, CancellationToken cancellationToken)
         at System.Net.Sockets.Socket.AwaitableSocketAsyncEventArgs.System.Threading.Tasks.Sources.IValueTaskSource.GetResult(Int16 token)
         at System.Net.Sockets.Socket.<ConnectAsync>g__WaitForConnectWithCancellation|285_0(AwaitableSocketAsyncEventArgs saea, ValueTask connectTask, CancellationToken cancellationToken)
         at Npgsql.TaskTimeoutAndCancellation.ExecuteAsync(Func`2 getTaskFunc, NpgsqlTimeout timeout, CancellationToken cancellationToken)
         at Npgsql.Internal.NpgsqlConnector.ConnectAsync(NpgsqlTimeout timeout, CancellationToken cancellationToken)
         at Npgsql.Internal.NpgsqlConnector.ConnectAsync(NpgsqlTimeout timeout, CancellationToken cancellationToken)
         at Npgsql.Internal.NpgsqlConnector.RawOpen(SslMode sslMode, NpgsqlTimeout timeout, Boolean async, CancellationToken cancellationToken, Boolean isFirstAttempt)
         at Npgsql.Internal.NpgsqlConnector.<Open>g__OpenCore|213_1(NpgsqlConnector conn, SslMode sslMode, NpgsqlTimeout timeout, Boolean async, CancellationToken cancellationToken, Boolean isFirstAttempt)
         at Npgsql.Internal.NpgsqlConnector.Open(NpgsqlTimeout timeout, Boolean async, CancellationToken cancellationToken)
         at Npgsql.PoolingDataSource.OpenNewConnector(NpgsqlConnection conn, NpgsqlTimeout timeout, Boolean async, CancellationToken cancellationToken)
         at Npgsql.PoolingDataSource.<Get>g__RentAsync|33_0(NpgsqlConnection conn, NpgsqlTimeout timeout, Boolean async, CancellationToken cancellationToken)
         at Npgsql.NpgsqlConnection.<Open>g__OpenAsync|42_0(Boolean async, CancellationToken cancellationToken)
         at Microsoft.EntityFrameworkCore.Storage.RelationalConnection.OpenInternalAsync(Boolean errorsExpected, CancellationToken cancellationToken)
         at Microsoft.EntityFrameworkCore.Storage.RelationalConnection.OpenInternalAsync(Boolean errorsExpected, CancellationToken cancellationToken)
         at Microsoft.EntityFrameworkCore.Storage.RelationalConnection.OpenAsync(CancellationToken cancellationToken, Boolean errorsExpected)
         at Microsoft.EntityFrameworkCore.Storage.RelationalCommand.ExecuteReaderAsync(RelationalCommandParameterObject parameterObject, CancellationToken cancellationToken)
         at Microsoft.EntityFrameworkCore.Query.Internal.SingleQueryingEnumerable`1.AsyncEnumerator.InitializeReaderAsync(AsyncEnumerator enumerator, CancellationToken cancellationToken)
         at Npgsql.EntityFrameworkCore.PostgreSQL.Storage.Internal.NpgsqlExecutionStrategy.ExecuteAsync[TState,TResult](TState state, Func`4 operation, Func`4 verifySucceeded, CancellationToken cancellationToken)
         --- End of inner exception stack trace ---
         at Npgsql.EntityFrameworkCore.PostgreSQL.Storage.Internal.NpgsqlExecutionStrategy.ExecuteAsync[TState,TResult](TState state, Func`4 operation, Func`4 verifySucceeded, CancellationToken cancellationToken)
         at Microsoft.EntityFrameworkCore.Query.Internal.SingleQueryingEnumerable`1.AsyncEnumerator.MoveNextAsync()
info: Microsoft.AspNetCore.Mvc.Infrastructure.ControllerActionInvoker[105]
      Executed action GpssStudio.WebApi.Controllers.TebManagementController.GetClass (GpssStudio.WebApi) in 2021.0514ms
info: Microsoft.AspNetCore.Routing.EndpointMiddleware[1]
      Executed endpoint 'GpssStudio.WebApi.Controllers.TebManagementController.GetClass (GpssStudio.WebApi)'
fail: Microsoft.AspNetCore.Diagnostics.DeveloperExceptionPageMiddleware[1]
      An unhandled exception has occurred while executing the request.
      System.InvalidOperationException: An exception has been raised that is likely due to a transient failure.
       ---> Npgsql.NpgsqlException (0x80004005): Failed to connect to 127.0.0.1:5432
       ---> System.Net.Sockets.SocketException (10061): Подключение не установлено, т.к. конечный компьютер отверг запрос на подключение.
         at System.Net.Sockets.Socket.AwaitableSocketAsyncEventArgs.ThrowException(SocketError error, CancellationToken cancellationToken)
         at System.Net.Sockets.Socket.AwaitableSocketAsyncEventArgs.System.Threading.Tasks.Sources.IValueTaskSource.GetResult(Int16 token)
         at System.Net.Sockets.Socket.<ConnectAsync>g__WaitForConnectWithCancellation|285_0(AwaitableSocketAsyncEventArgs saea, ValueTask connectTask, CancellationToken cancellationToken)
         at Npgsql.TaskTimeoutAndCancellation.ExecuteAsync(Func`2 getTaskFunc, NpgsqlTimeout timeout, CancellationToken cancellationToken)
         at Npgsql.Internal.NpgsqlConnector.ConnectAsync(NpgsqlTimeout timeout, CancellationToken cancellationToken)
         at Npgsql.Internal.NpgsqlConnector.ConnectAsync(NpgsqlTimeout timeout, CancellationToken cancellationToken)
         at Npgsql.Internal.NpgsqlConnector.RawOpen(SslMode sslMode, NpgsqlTimeout timeout, Boolean async, CancellationToken cancellationToken, Boolean isFirstAttempt)
         at Npgsql.Internal.NpgsqlConnector.<Open>g__OpenCore|213_1(NpgsqlConnector conn, SslMode sslMode, NpgsqlTimeout timeout, Boolean async, CancellationToken cancellationToken, Boolean isFirstAttempt)
         at Npgsql.Internal.NpgsqlConnector.Open(NpgsqlTimeout timeout, Boolean async, CancellationToken cancellationToken)
         at Npgsql.PoolingDataSource.OpenNewConnector(NpgsqlConnection conn, NpgsqlTimeout timeout, Boolean async, CancellationToken cancellationToken)
         at Npgsql.PoolingDataSource.<Get>g__RentAsync|33_0(NpgsqlConnection conn, NpgsqlTimeout timeout, Boolean async, CancellationToken cancellationToken)
         at Npgsql.NpgsqlConnection.<Open>g__OpenAsync|42_0(Boolean async, CancellationToken cancellationToken)
         at Microsoft.EntityFrameworkCore.Storage.RelationalConnection.OpenInternalAsync(Boolean errorsExpected, CancellationToken cancellationToken)
         at Microsoft.EntityFrameworkCore.Storage.RelationalConnection.OpenInternalAsync(Boolean errorsExpected, CancellationToken cancellationToken)
         at Microsoft.EntityFrameworkCore.Storage.RelationalConnection.OpenAsync(CancellationToken cancellationToken, Boolean errorsExpected)
         at Microsoft.EntityFrameworkCore.Storage.RelationalCommand.ExecuteReaderAsync(RelationalCommandParameterObject parameterObject, CancellationToken cancellationToken)
         at Microsoft.EntityFrameworkCore.Query.Internal.SingleQueryingEnumerable`1.AsyncEnumerator.InitializeReaderAsync(AsyncEnumerator enumerator, CancellationToken cancellationToken)
         at Npgsql.EntityFrameworkCore.PostgreSQL.Storage.Internal.NpgsqlExecutionStrategy.ExecuteAsync[TState,TResult](TState state, Func`4 operation, Func`4 verifySucceeded, CancellationToken cancellationToken)
         --- End of inner exception stack trace ---
         at Npgsql.EntityFrameworkCore.PostgreSQL.Storage.Internal.NpgsqlExecutionStrategy.ExecuteAsync[TState,TResult](TState state, Func`4 operation, Func`4 verifySucceeded, CancellationToken cancellationToken)
         at Microsoft.EntityFrameworkCore.Query.Internal.SingleQueryingEnumerable`1.AsyncEnumerator.MoveNextAsync()
         at Microsoft.EntityFrameworkCore.Query.ShapedQueryCompilingExpressionVisitor.SingleOrDefaultAsync[TSource](IAsyncEnumerable`1 asyncEnumerable, CancellationToken cancellationToken)
         at Microsoft.EntityFrameworkCore.Query.ShapedQueryCompilingExpressionVisitor.SingleOrDefaultAsync[TSource](IAsyncEnumerable`1 asyncEnumerable, CancellationToken cancellationToken)
         at GpssStudio.WebApi.Infrastructure.Persistence.Repositories.TebRepository.BuildAggregateAsync(String libraryId, Guid classId, CancellationToken cancellationToken) in C:\Users\timur\OneDrive\Документы\GitHub\gpss\backend\GpssStudio.WebApi\Infrastructure\Persistence\Repositories\TebRepository.cs:line 345
         at GpssStudio.WebApi.Infrastructure.Persistence.Repositories.TebRepository.GetClassAsync(String libraryId, Guid classId, CancellationToken cancellationToken) in C:\Users\timur\OneDrive\Документы\GitHub\gpss\backend\GpssStudio.WebApi\Infrastructure\Persistence\Repositories\TebRepository.cs:line 28
         at GpssStudio.WebApi.Application.Tebs.Services.TebService.GetClassAsync(String libraryId, Guid classId, CancellationToken cancellationToken) in C:\Users\timur\OneDrive\Документы\GitHub\gpss\backend\GpssStudio.WebApi\Application\Tebs\Services\TebService.cs:line 22
         at GpssStudio.WebApi.Controllers.TebManagementController.GetClass(String libraryId, Guid classId, CancellationToken cancellationToken) in C:\Users\timur\OneDrive\Документы\GitHub\gpss\backend\GpssStudio.WebApi\Controllers\TebManagementController.cs:line 27
         at Microsoft.AspNetCore.Mvc.Infrastructure.ActionMethodExecutor.TaskOfIActionResultExecutor.Execute(ActionContext actionContext, IActionResultTypeMapper mapper, ObjectMethodExecutor executor, Object controller, Object[] arguments)
         at Microsoft.AspNetCore.Mvc.Infrastructure.ControllerActionInvoker.<InvokeActionMethodAsync>g__Awaited|12_0(ControllerActionInvoker invoker, ValueTask`1 actionResultValueTask)
         at Microsoft.AspNetCore.Mvc.Infrastructure.ControllerActionInvoker.<InvokeNextActionFilterAsync>g__Awaited|10_0(ControllerActionInvoker invoker, Task lastTask, State next, Scope scope, Object state, Boolean isCompleted)
         at Microsoft.AspNetCore.Mvc.Infrastructure.ControllerActionInvoker.Rethrow(ActionExecutedContextSealed context)
         at Microsoft.AspNetCore.Mvc.Infrastructure.ControllerActionInvoker.Next(State& next, Scope& scope, Object& state, Boolean& isCompleted)
         at Microsoft.AspNetCore.Mvc.Infrastructure.ControllerActionInvoker.<InvokeInnerFilterAsync>g__Awaited|13_0(ControllerActionInvoker invoker, Task lastTask, State next, Scope scope, Object state, Boolean isCompleted)
         at Microsoft.AspNetCore.Mvc.Infrastructure.ResourceInvoker.<InvokeFilterPipelineAsync>g__Awaited|20_0(ResourceInvoker invoker, Task lastTask, State next, Scope scope, Object state, Boolean isCompleted)
         at Microsoft.AspNetCore.Mvc.Infrastructure.ResourceInvoker.<InvokeAsync>g__Logged|17_1(ResourceInvoker invoker)
         at Microsoft.AspNetCore.Mvc.Infrastructure.ResourceInvoker.<InvokeAsync>g__Logged|17_1(ResourceInvoker invoker)
         at Microsoft.AspNetCore.Routing.EndpointMiddleware.<Invoke>g__AwaitRequestTask|7_0(Endpoint endpoint, Task requestTask, ILogger logger)
         at Microsoft.AspNetCore.Authorization.AuthorizationMiddleware.Invoke(HttpContext context)
         at Swashbuckle.AspNetCore.SwaggerUI.SwaggerUIMiddleware.Invoke(HttpContext httpContext)
         at Swashbuckle.AspNetCore.Swagger.SwaggerMiddleware.Invoke(HttpContext httpContext, ISwaggerProvider swaggerProvider)
         at Microsoft.AspNetCore.Authentication.AuthenticationMiddleware.Invoke(HttpContext context)
         at Microsoft.AspNetCore.Diagnostics.DeveloperExceptionPageMiddlewareImpl.Invoke(HttpContext context)
dbug: Microsoft.EntityFrameworkCore.Infrastructure[10407]
      'GpssStudioDbContext' disposed.
dbug: Microsoft.EntityFrameworkCore.Database.Connection[20007]
      Disposing connection to database 'gpss' on server 'tcp://localhost:5432'.
dbug: Microsoft.EntityFrameworkCore.Database.Connection[20008]
      Disposed connection to database 'gpss' on server 'tcp://localhost:5432' (0ms).
info: Microsoft.AspNetCore.Hosting.Diagnostics[2]
      Request finished HTTP/1.1 GET http://127.0.0.1:3001/api/alina-gpss/studio/tebs/libraries/0/classes/3ef71b95-07f7-41c6-b532-03d83d8a3973 - 500 - text/plain;+charset=utf-8 2024.4542ms
info: Microsoft.AspNetCore.Hosting.Diagnostics[1]
      Request starting HTTP/1.1 GET http://127.0.0.1:3001/api/alina-gpss/studio/tebs/libraries/0/classes/3ef71b95-07f7-41c6-b532-03d83d8a3973 - - -
info: Microsoft.AspNetCore.Routing.EndpointMiddleware[0]
      Executing endpoint 'GpssStudio.WebApi.Controllers.TebManagementController.GetClass (GpssStudio.WebApi)'
info: Microsoft.AspNetCore.Mvc.Infrastructure.ControllerActionInvoker[102]
      Route matched with {action = "GetClass", controller = "TebManagement"}. Executing controller action with signature System.Threading.Tasks.Task`1[Microsoft.AspNetCore.Mvc.IActionResult] GetClass(System.String, System.Guid, System.Threading.CancellationToken) on controller GpssStudio.WebApi.Controllers.TebManagementController (GpssStudio.WebApi).
dbug: Microsoft.EntityFrameworkCore.Infrastructure[10403]
      Entity Framework Core 8.0.8 initialized 'GpssStudioDbContext' using provider 'Npgsql.EntityFrameworkCore.PostgreSQL:8.0.8+55dd99eca42e9c6d6085961c60a0704373919a54' with options: None
dbug: Microsoft.EntityFrameworkCore.Database.Connection[20005]
      Creating DbConnection.
dbug: Microsoft.EntityFrameworkCore.Database.Connection[20006]
      Created DbConnection. (0ms).
dbug: Microsoft.EntityFrameworkCore.Database.Connection[20000]
      Opening connection to database 'gpss' on server 'tcp://localhost:5432'.
fail: Microsoft.EntityFrameworkCore.Database.Connection[20004]
      An error occurred using the connection to database 'gpss' on server 'tcp://localhost:5432'.
fail: Microsoft.EntityFrameworkCore.Query[10100]
      An exception occurred while iterating over the results of a query for context type 'GpssStudio.WebApi.Infrastructure.Persistence.GpssStudioDbContext'.
      System.InvalidOperationException: An exception has been raised that is likely due to a transient failure.
       ---> Npgsql.NpgsqlException (0x80004005): Failed to connect to 127.0.0.1:5432
       ---> System.Net.Sockets.SocketException (10061): Подключение не установлено, т.к. конечный компьютер отверг запрос на подключение.
         at System.Net.Sockets.Socket.AwaitableSocketAsyncEventArgs.ThrowException(SocketError error, CancellationToken cancellationToken)
         at System.Net.Sockets.Socket.AwaitableSocketAsyncEventArgs.System.Threading.Tasks.Sources.IValueTaskSource.GetResult(Int16 token)
         at System.Net.Sockets.Socket.<ConnectAsync>g__WaitForConnectWithCancellation|285_0(AwaitableSocketAsyncEventArgs saea, ValueTask connectTask, CancellationToken cancellationToken)
         at Npgsql.TaskTimeoutAndCancellation.ExecuteAsync(Func`2 getTaskFunc, NpgsqlTimeout timeout, CancellationToken cancellationToken)
         at Npgsql.Internal.NpgsqlConnector.ConnectAsync(NpgsqlTimeout timeout, CancellationToken cancellationToken)
         at Npgsql.Internal.NpgsqlConnector.ConnectAsync(NpgsqlTimeout timeout, CancellationToken cancellationToken)
         at Npgsql.Internal.NpgsqlConnector.RawOpen(SslMode sslMode, NpgsqlTimeout timeout, Boolean async, CancellationToken cancellationToken, Boolean isFirstAttempt)
         at Npgsql.Internal.NpgsqlConnector.<Open>g__OpenCore|213_1(NpgsqlConnector conn, SslMode sslMode, NpgsqlTimeout timeout, Boolean async, CancellationToken cancellationToken, Boolean isFirstAttempt)
         at Npgsql.Internal.NpgsqlConnector.Open(NpgsqlTimeout timeout, Boolean async, CancellationToken cancellationToken)
         at Npgsql.PoolingDataSource.OpenNewConnector(NpgsqlConnection conn, NpgsqlTimeout timeout, Boolean async, CancellationToken cancellationToken)
         at Npgsql.PoolingDataSource.<Get>g__RentAsync|33_0(NpgsqlConnection conn, NpgsqlTimeout timeout, Boolean async, CancellationToken cancellationToken)
         at Npgsql.NpgsqlConnection.<Open>g__OpenAsync|42_0(Boolean async, CancellationToken cancellationToken)
         at Microsoft.EntityFrameworkCore.Storage.RelationalConnection.OpenInternalAsync(Boolean errorsExpected, CancellationToken cancellationToken)
         at Microsoft.EntityFrameworkCore.Storage.RelationalConnection.OpenInternalAsync(Boolean errorsExpected, CancellationToken cancellationToken)
         at Microsoft.EntityFrameworkCore.Storage.RelationalConnection.OpenAsync(CancellationToken cancellationToken, Boolean errorsExpected)
         at Microsoft.EntityFrameworkCore.Storage.RelationalCommand.ExecuteReaderAsync(RelationalCommandParameterObject parameterObject, CancellationToken cancellationToken)
         at Microsoft.EntityFrameworkCore.Query.Internal.SingleQueryingEnumerable`1.AsyncEnumerator.InitializeReaderAsync(AsyncEnumerator enumerator, CancellationToken cancellationToken)
         at Npgsql.EntityFrameworkCore.PostgreSQL.Storage.Internal.NpgsqlExecutionStrategy.ExecuteAsync[TState,TResult](TState state, Func`4 operation, Func`4 verifySucceeded, CancellationToken cancellationToken)
         --- End of inner exception stack trace ---
         at Npgsql.EntityFrameworkCore.PostgreSQL.Storage.Internal.NpgsqlExecutionStrategy.ExecuteAsync[TState,TResult](TState state, Func`4 operation, Func`4 verifySucceeded, CancellationToken cancellationToken)
         at Microsoft.EntityFrameworkCore.Query.Internal.SingleQueryingEnumerable`1.AsyncEnumerator.MoveNextAsync()
      System.InvalidOperationException: An exception has been raised that is likely due to a transient failure.
       ---> Npgsql.NpgsqlException (0x80004005): Failed to connect to 127.0.0.1:5432
       ---> System.Net.Sockets.SocketException (10061): Подключение не установлено, т.к. конечный компьютер отверг запрос на подключение.
         at System.Net.Sockets.Socket.AwaitableSocketAsyncEventArgs.ThrowException(SocketError error, CancellationToken cancellationToken)
         at System.Net.Sockets.Socket.AwaitableSocketAsyncEventArgs.System.Threading.Tasks.Sources.IValueTaskSource.GetResult(Int16 token)
         at System.Net.Sockets.Socket.<ConnectAsync>g__WaitForConnectWithCancellation|285_0(AwaitableSocketAsyncEventArgs saea, ValueTask connectTask, CancellationToken cancellationToken)
         at Npgsql.TaskTimeoutAndCancellation.ExecuteAsync(Func`2 getTaskFunc, NpgsqlTimeout timeout, CancellationToken cancellationToken)
         at Npgsql.Internal.NpgsqlConnector.ConnectAsync(NpgsqlTimeout timeout, CancellationToken cancellationToken)
         at Npgsql.Internal.NpgsqlConnector.ConnectAsync(NpgsqlTimeout timeout, CancellationToken cancellationToken)
         at Npgsql.Internal.NpgsqlConnector.RawOpen(SslMode sslMode, NpgsqlTimeout timeout, Boolean async, CancellationToken cancellationToken, Boolean isFirstAttempt)
         at Npgsql.Internal.NpgsqlConnector.<Open>g__OpenCore|213_1(NpgsqlConnector conn, SslMode sslMode, NpgsqlTimeout timeout, Boolean async, CancellationToken cancellationToken, Boolean isFirstAttempt)
         at Npgsql.Internal.NpgsqlConnector.Open(NpgsqlTimeout timeout, Boolean async, CancellationToken cancellationToken)
         at Npgsql.PoolingDataSource.OpenNewConnector(NpgsqlConnection conn, NpgsqlTimeout timeout, Boolean async, CancellationToken cancellationToken)
         at Npgsql.PoolingDataSource.<Get>g__RentAsync|33_0(NpgsqlConnection conn, NpgsqlTimeout timeout, Boolean async, CancellationToken cancellationToken)
         at Npgsql.NpgsqlConnection.<Open>g__OpenAsync|42_0(Boolean async, CancellationToken cancellationToken)
         at Microsoft.EntityFrameworkCore.Storage.RelationalConnection.OpenInternalAsync(Boolean errorsExpected, CancellationToken cancellationToken)
         at Microsoft.EntityFrameworkCore.Storage.RelationalConnection.OpenInternalAsync(Boolean errorsExpected, CancellationToken cancellationToken)
         at Microsoft.EntityFrameworkCore.Storage.RelationalConnection.OpenAsync(CancellationToken cancellationToken, Boolean errorsExpected)
         at Microsoft.EntityFrameworkCore.Storage.RelationalCommand.ExecuteReaderAsync(RelationalCommandParameterObject parameterObject, CancellationToken cancellationToken)
         at Microsoft.EntityFrameworkCore.Query.Internal.SingleQueryingEnumerable`1.AsyncEnumerator.InitializeReaderAsync(AsyncEnumerator enumerator, CancellationToken cancellationToken)
         at Npgsql.EntityFrameworkCore.PostgreSQL.Storage.Internal.NpgsqlExecutionStrategy.ExecuteAsync[TState,TResult](TState state, Func`4 operation, Func`4 verifySucceeded, CancellationToken cancellationToken)
         --- End of inner exception stack trace ---
         at Npgsql.EntityFrameworkCore.PostgreSQL.Storage.Internal.NpgsqlExecutionStrategy.ExecuteAsync[TState,TResult](TState state, Func`4 operation, Func`4 verifySucceeded, CancellationToken cancellationToken)
         at Microsoft.EntityFrameworkCore.Query.Internal.SingleQueryingEnumerable`1.AsyncEnumerator.MoveNextAsync()
info: Microsoft.AspNetCore.Mvc.Infrastructure.ControllerActionInvoker[105]
      Executed action GpssStudio.WebApi.Controllers.TebManagementController.GetClass (GpssStudio.WebApi) in 2016.5282ms
info: Microsoft.AspNetCore.Routing.EndpointMiddleware[1]
      Executed endpoint 'GpssStudio.WebApi.Controllers.TebManagementController.GetClass (GpssStudio.WebApi)'
fail: Microsoft.AspNetCore.Diagnostics.DeveloperExceptionPageMiddleware[1]
      An unhandled exception has occurred while executing the request.
      System.InvalidOperationException: An exception has been raised that is likely due to a transient failure.
       ---> Npgsql.NpgsqlException (0x80004005): Failed to connect to 127.0.0.1:5432
       ---> System.Net.Sockets.SocketException (10061): Подключение не установлено, т.к. конечный компьютер отверг запрос на подключение.
         at System.Net.Sockets.Socket.AwaitableSocketAsyncEventArgs.ThrowException(SocketError error, CancellationToken cancellationToken)
         at System.Net.Sockets.Socket.AwaitableSocketAsyncEventArgs.System.Threading.Tasks.Sources.IValueTaskSource.GetResult(Int16 token)
         at System.Net.Sockets.Socket.<ConnectAsync>g__WaitForConnectWithCancellation|285_0(AwaitableSocketAsyncEventArgs saea, ValueTask connectTask, CancellationToken cancellationToken)
         at Npgsql.TaskTimeoutAndCancellation.ExecuteAsync(Func`2 getTaskFunc, NpgsqlTimeout timeout, CancellationToken cancellationToken)
         at Npgsql.Internal.NpgsqlConnector.ConnectAsync(NpgsqlTimeout timeout, CancellationToken cancellationToken)
         at Npgsql.Internal.NpgsqlConnector.ConnectAsync(NpgsqlTimeout timeout, CancellationToken cancellationToken)
         at Npgsql.Internal.NpgsqlConnector.RawOpen(SslMode sslMode, NpgsqlTimeout timeout, Boolean async, CancellationToken cancellationToken, Boolean isFirstAttempt)
         at Npgsql.Internal.NpgsqlConnector.<Open>g__OpenCore|213_1(NpgsqlConnector conn, SslMode sslMode, NpgsqlTimeout timeout, Boolean async, CancellationToken cancellationToken, Boolean isFirstAttempt)
         at Npgsql.Internal.NpgsqlConnector.Open(NpgsqlTimeout timeout, Boolean async, CancellationToken cancellationToken)
         at Npgsql.PoolingDataSource.OpenNewConnector(NpgsqlConnection conn, NpgsqlTimeout timeout, Boolean async, CancellationToken cancellationToken)
         at Npgsql.PoolingDataSource.<Get>g__RentAsync|33_0(NpgsqlConnection conn, NpgsqlTimeout timeout, Boolean async, CancellationToken cancellationToken)
         at Npgsql.NpgsqlConnection.<Open>g__OpenAsync|42_0(Boolean async, CancellationToken cancellationToken)
         at Microsoft.EntityFrameworkCore.Storage.RelationalConnection.OpenInternalAsync(Boolean errorsExpected, CancellationToken cancellationToken)
         at Microsoft.EntityFrameworkCore.Storage.RelationalConnection.OpenInternalAsync(Boolean errorsExpected, CancellationToken cancellationToken)
         at Microsoft.EntityFrameworkCore.Storage.RelationalConnection.OpenAsync(CancellationToken cancellationToken, Boolean errorsExpected)
         at Microsoft.EntityFrameworkCore.Storage.RelationalCommand.ExecuteReaderAsync(RelationalCommandParameterObject parameterObject, CancellationToken cancellationToken)
         at Microsoft.EntityFrameworkCore.Query.Internal.SingleQueryingEnumerable`1.AsyncEnumerator.InitializeReaderAsync(AsyncEnumerator enumerator, CancellationToken cancellationToken)
         at Npgsql.EntityFrameworkCore.PostgreSQL.Storage.Internal.NpgsqlExecutionStrategy.ExecuteAsync[TState,TResult](TState state, Func`4 operation, Func`4 verifySucceeded, CancellationToken cancellationToken)
         --- End of inner exception stack trace ---
         at Npgsql.EntityFrameworkCore.PostgreSQL.Storage.Internal.NpgsqlExecutionStrategy.ExecuteAsync[TState,TResult](TState state, Func`4 operation, Func`4 verifySucceeded, CancellationToken cancellationToken)
         at Microsoft.EntityFrameworkCore.Query.Internal.SingleQueryingEnumerable`1.AsyncEnumerator.MoveNextAsync()
         at Microsoft.EntityFrameworkCore.Query.ShapedQueryCompilingExpressionVisitor.SingleOrDefaultAsync[TSource](IAsyncEnumerable`1 asyncEnumerable, CancellationToken cancellationToken)
         at Microsoft.EntityFrameworkCore.Query.ShapedQueryCompilingExpressionVisitor.SingleOrDefaultAsync[TSource](IAsyncEnumerable`1 asyncEnumerable, CancellationToken cancellationToken)
         at GpssStudio.WebApi.Infrastructure.Persistence.Repositories.TebRepository.BuildAggregateAsync(String libraryId, Guid classId, CancellationToken cancellationToken) in C:\Users\timur\OneDrive\Документы\GitHub\gpss\backend\GpssStudio.WebApi\Infrastructure\Persistence\Repositories\TebRepository.cs:line 345
         at GpssStudio.WebApi.Infrastructure.Persistence.Repositories.TebRepository.GetClassAsync(String libraryId, Guid classId, CancellationToken cancellationToken) in C:\Users\timur\OneDrive\Документы\GitHub\gpss\backend\GpssStudio.WebApi\Infrastructure\Persistence\Repositories\TebRepository.cs:line 28
         at GpssStudio.WebApi.Application.Tebs.Services.TebService.GetClassAsync(String libraryId, Guid classId, CancellationToken cancellationToken) in C:\Users\timur\OneDrive\Документы\GitHub\gpss\backend\GpssStudio.WebApi\Application\Tebs\Services\TebService.cs:line 22
         at GpssStudio.WebApi.Controllers.TebManagementController.GetClass(String libraryId, Guid classId, CancellationToken cancellationToken) in C:\Users\timur\OneDrive\Документы\GitHub\gpss\backend\GpssStudio.WebApi\Controllers\TebManagementController.cs:line 27
         at Microsoft.AspNetCore.Mvc.Infrastructure.ActionMethodExecutor.TaskOfIActionResultExecutor.Execute(ActionContext actionContext, IActionResultTypeMapper mapper, ObjectMethodExecutor executor, Object controller, Object[] arguments)
         at Microsoft.AspNetCore.Mvc.Infrastructure.ControllerActionInvoker.<InvokeActionMethodAsync>g__Awaited|12_0(ControllerActionInvoker invoker, ValueTask`1 actionResultValueTask)
         at Microsoft.AspNetCore.Mvc.Infrastructure.ControllerActionInvoker.<InvokeNextActionFilterAsync>g__Awaited|10_0(ControllerActionInvoker invoker, Task lastTask, State next, Scope scope, Object state, Boolean isCompleted)
         at Microsoft.AspNetCore.Mvc.Infrastructure.ControllerActionInvoker.Rethrow(ActionExecutedContextSealed context)
         at Microsoft.AspNetCore.Mvc.Infrastructure.ControllerActionInvoker.Next(State& next, Scope& scope, Object& state, Boolean& isCompleted)
         at Microsoft.AspNetCore.Mvc.Infrastructure.ControllerActionInvoker.<InvokeInnerFilterAsync>g__Awaited|13_0(ControllerActionInvoker invoker, Task lastTask, State next, Scope scope, Object state, Boolean isCompleted)
         at Microsoft.AspNetCore.Mvc.Infrastructure.ResourceInvoker.<InvokeFilterPipelineAsync>g__Awaited|20_0(ResourceInvoker invoker, Task lastTask, State next, Scope scope, Object state, Boolean isCompleted)
         at Microsoft.AspNetCore.Mvc.Infrastructure.ResourceInvoker.<InvokeAsync>g__Logged|17_1(ResourceInvoker invoker)
         at Microsoft.AspNetCore.Mvc.Infrastructure.ResourceInvoker.<InvokeAsync>g__Logged|17_1(ResourceInvoker invoker)
         at Microsoft.AspNetCore.Routing.EndpointMiddleware.<Invoke>g__AwaitRequestTask|7_0(Endpoint endpoint, Task requestTask, ILogger logger)
         at Microsoft.AspNetCore.Authorization.AuthorizationMiddleware.Invoke(HttpContext context)
         at Swashbuckle.AspNetCore.SwaggerUI.SwaggerUIMiddleware.Invoke(HttpContext httpContext)
         at Swashbuckle.AspNetCore.Swagger.SwaggerMiddleware.Invoke(HttpContext httpContext, ISwaggerProvider swaggerProvider)
         at Microsoft.AspNetCore.Authentication.AuthenticationMiddleware.Invoke(HttpContext context)
         at Microsoft.AspNetCore.Diagnostics.DeveloperExceptionPageMiddlewareImpl.Invoke(HttpContext context)
dbug: Microsoft.EntityFrameworkCore.Infrastructure[10407]
      'GpssStudioDbContext' disposed.
dbug: Microsoft.EntityFrameworkCore.Database.Connection[20007]
      Disposing connection to database 'gpss' on server 'tcp://localhost:5432'.
dbug: Microsoft.EntityFrameworkCore.Database.Connection[20008]
      Disposed connection to database 'gpss' on server 'tcp://localhost:5432' (0ms).
info: Microsoft.AspNetCore.Hosting.Diagnostics[2]
      Request finished HTTP/1.1 GET http://127.0.0.1:3001/api/alina-gpss/studio/tebs/libraries/0/classes/3ef71b95-07f7-41c6-b532-03d83d8a3973 - 500 - text/plain;+charset=utf-8 2019.7063ms
info: Microsoft.AspNetCore.Hosting.Diagnostics[1]
      Request starting HTTP/1.1 GET http://127.0.0.1:3001/api/alina-gpss/studio/tebs/libraries/0/classes/3ef71b95-07f7-41c6-b532-03d83d8a3973 - - -
info: Microsoft.AspNetCore.Routing.EndpointMiddleware[0]
      Executing endpoint 'GpssStudio.WebApi.Controllers.TebManagementController.GetClass (GpssStudio.WebApi)'
info: Microsoft.AspNetCore.Mvc.Infrastructure.ControllerActionInvoker[102]
      Route matched with {action = "GetClass", controller = "TebManagement"}. Executing controller action with signature System.Threading.Tasks.Task`1[Microsoft.AspNetCore.Mvc.IActionResult] GetClass(System.String, System.Guid, System.Threading.CancellationToken) on controller GpssStudio.WebApi.Controllers.TebManagementController (GpssStudio.WebApi).
dbug: Microsoft.EntityFrameworkCore.Infrastructure[10403]
      Entity Framework Core 8.0.8 initialized 'GpssStudioDbContext' using provider 'Npgsql.EntityFrameworkCore.PostgreSQL:8.0.8+55dd99eca42e9c6d6085961c60a0704373919a54' with options: None
dbug: Microsoft.EntityFrameworkCore.Database.Connection[20005]
      Creating DbConnection.
dbug: Microsoft.EntityFrameworkCore.Database.Connection[20006]
      Created DbConnection. (0ms).
dbug: Microsoft.EntityFrameworkCore.Database.Connection[20000]
      Opening connection to database 'gpss' on server 'tcp://localhost:5432'.
fail: Microsoft.EntityFrameworkCore.Database.Connection[20004]
      An error occurred using the connection to database 'gpss' on server 'tcp://localhost:5432'.
fail: Microsoft.EntityFrameworkCore.Query[10100]
      An exception occurred while iterating over the results of a query for context type 'GpssStudio.WebApi.Infrastructure.Persistence.GpssStudioDbContext'.
      System.InvalidOperationException: An exception has been raised that is likely due to a transient failure.
       ---> Npgsql.NpgsqlException (0x80004005): Failed to connect to 127.0.0.1:5432
       ---> System.Net.Sockets.SocketException (10061): Подключение не установлено, т.к. конечный компьютер отверг запрос на подключение.
         at System.Net.Sockets.Socket.AwaitableSocketAsyncEventArgs.ThrowException(SocketError error, CancellationToken cancellationToken)
         at System.Net.Sockets.Socket.AwaitableSocketAsyncEventArgs.System.Threading.Tasks.Sources.IValueTaskSource.GetResult(Int16 token)
         at System.Net.Sockets.Socket.<ConnectAsync>g__WaitForConnectWithCancellation|285_0(AwaitableSocketAsyncEventArgs saea, ValueTask connectTask, CancellationToken cancellationToken)
         at Npgsql.TaskTimeoutAndCancellation.ExecuteAsync(Func`2 getTaskFunc, NpgsqlTimeout timeout, CancellationToken cancellationToken)
         at Npgsql.Internal.NpgsqlConnector.ConnectAsync(NpgsqlTimeout timeout, CancellationToken cancellationToken)
         at Npgsql.Internal.NpgsqlConnector.ConnectAsync(NpgsqlTimeout timeout, CancellationToken cancellationToken)
         at Npgsql.Internal.NpgsqlConnector.RawOpen(SslMode sslMode, NpgsqlTimeout timeout, Boolean async, CancellationToken cancellationToken, Boolean isFirstAttempt)
         at Npgsql.Internal.NpgsqlConnector.<Open>g__OpenCore|213_1(NpgsqlConnector conn, SslMode sslMode, NpgsqlTimeout timeout, Boolean async, CancellationToken cancellationToken, Boolean isFirstAttempt)
         at Npgsql.Internal.NpgsqlConnector.Open(NpgsqlTimeout timeout, Boolean async, CancellationToken cancellationToken)
         at Npgsql.PoolingDataSource.OpenNewConnector(NpgsqlConnection conn, NpgsqlTimeout timeout, Boolean async, CancellationToken cancellationToken)
         at Npgsql.PoolingDataSource.<Get>g__RentAsync|33_0(NpgsqlConnection conn, NpgsqlTimeout timeout, Boolean async, CancellationToken cancellationToken)
         at Npgsql.NpgsqlConnection.<Open>g__OpenAsync|42_0(Boolean async, CancellationToken cancellationToken)
         at Microsoft.EntityFrameworkCore.Storage.RelationalConnection.OpenInternalAsync(Boolean errorsExpected, CancellationToken cancellationToken)
         at Microsoft.EntityFrameworkCore.Storage.RelationalConnection.OpenInternalAsync(Boolean errorsExpected, CancellationToken cancellationToken)
         at Microsoft.EntityFrameworkCore.Storage.RelationalConnection.OpenAsync(CancellationToken cancellationToken, Boolean errorsExpected)
         at Microsoft.EntityFrameworkCore.Storage.RelationalCommand.ExecuteReaderAsync(RelationalCommandParameterObject parameterObject, CancellationToken cancellationToken)
         at Microsoft.EntityFrameworkCore.Query.Internal.SingleQueryingEnumerable`1.AsyncEnumerator.InitializeReaderAsync(AsyncEnumerator enumerator, CancellationToken cancellationToken)
         at Npgsql.EntityFrameworkCore.PostgreSQL.Storage.Internal.NpgsqlExecutionStrategy.ExecuteAsync[TState,TResult](TState state, Func`4 operation, Func`4 verifySucceeded, CancellationToken cancellationToken)
         --- End of inner exception stack trace ---
         at Npgsql.EntityFrameworkCore.PostgreSQL.Storage.Internal.NpgsqlExecutionStrategy.ExecuteAsync[TState,TResult](TState state, Func`4 operation, Func`4 verifySucceeded, CancellationToken cancellationToken)
         at Microsoft.EntityFrameworkCore.Query.Internal.SingleQueryingEnumerable`1.AsyncEnumerator.MoveNextAsync()
      System.InvalidOperationException: An exception has been raised that is likely due to a transient failure.
       ---> Npgsql.NpgsqlException (0x80004005): Failed to connect to 127.0.0.1:5432
       ---> System.Net.Sockets.SocketException (10061): Подключение не установлено, т.к. конечный компьютер отверг запрос на подключение.
         at System.Net.Sockets.Socket.AwaitableSocketAsyncEventArgs.ThrowException(SocketError error, CancellationToken cancellationToken)
         at System.Net.Sockets.Socket.AwaitableSocketAsyncEventArgs.System.Threading.Tasks.Sources.IValueTaskSource.GetResult(Int16 token)
         at System.Net.Sockets.Socket.<ConnectAsync>g__WaitForConnectWithCancellation|285_0(AwaitableSocketAsyncEventArgs saea, ValueTask connectTask, CancellationToken cancellationToken)
         at Npgsql.TaskTimeoutAndCancellation.ExecuteAsync(Func`2 getTaskFunc, NpgsqlTimeout timeout, CancellationToken cancellationToken)
         at Npgsql.Internal.NpgsqlConnector.ConnectAsync(NpgsqlTimeout timeout, CancellationToken cancellationToken)
         at Npgsql.Internal.NpgsqlConnector.ConnectAsync(NpgsqlTimeout timeout, CancellationToken cancellationToken)
         at Npgsql.Internal.NpgsqlConnector.RawOpen(SslMode sslMode, NpgsqlTimeout timeout, Boolean async, CancellationToken cancellationToken, Boolean isFirstAttempt)
         at Npgsql.Internal.NpgsqlConnector.<Open>g__OpenCore|213_1(NpgsqlConnector conn, SslMode sslMode, NpgsqlTimeout timeout, Boolean async, CancellationToken cancellationToken, Boolean isFirstAttempt)
         at Npgsql.Internal.NpgsqlConnector.Open(NpgsqlTimeout timeout, Boolean async, CancellationToken cancellationToken)
         at Npgsql.PoolingDataSource.OpenNewConnector(NpgsqlConnection conn, NpgsqlTimeout timeout, Boolean async, CancellationToken cancellationToken)
         at Npgsql.PoolingDataSource.<Get>g__RentAsync|33_0(NpgsqlConnection conn, NpgsqlTimeout timeout, Boolean async, CancellationToken cancellationToken)
         at Npgsql.NpgsqlConnection.<Open>g__OpenAsync|42_0(Boolean async, CancellationToken cancellationToken)
         at Microsoft.EntityFrameworkCore.Storage.RelationalConnection.OpenInternalAsync(Boolean errorsExpected, CancellationToken cancellationToken)
         at Microsoft.EntityFrameworkCore.Storage.RelationalConnection.OpenInternalAsync(Boolean errorsExpected, CancellationToken cancellationToken)
         at Microsoft.EntityFrameworkCore.Storage.RelationalConnection.OpenAsync(CancellationToken cancellationToken, Boolean errorsExpected)
         at Microsoft.EntityFrameworkCore.Storage.RelationalCommand.ExecuteReaderAsync(RelationalCommandParameterObject parameterObject, CancellationToken cancellationToken)
         at Microsoft.EntityFrameworkCore.Query.Internal.SingleQueryingEnumerable`1.AsyncEnumerator.InitializeReaderAsync(AsyncEnumerator enumerator, CancellationToken cancellationToken)
         at Npgsql.EntityFrameworkCore.PostgreSQL.Storage.Internal.NpgsqlExecutionStrategy.ExecuteAsync[TState,TResult](TState state, Func`4 operation, Func`4 verifySucceeded, CancellationToken cancellationToken)
         --- End of inner exception stack trace ---
         at Npgsql.EntityFrameworkCore.PostgreSQL.Storage.Internal.NpgsqlExecutionStrategy.ExecuteAsync[TState,TResult](TState state, Func`4 operation, Func`4 verifySucceeded, CancellationToken cancellationToken)
         at Microsoft.EntityFrameworkCore.Query.Internal.SingleQueryingEnumerable`1.AsyncEnumerator.MoveNextAsync()
info: Microsoft.AspNetCore.Mvc.Infrastructure.ControllerActionInvoker[105]
      Executed action GpssStudio.WebApi.Controllers.TebManagementController.GetClass (GpssStudio.WebApi) in 2024.7929ms
info: Microsoft.AspNetCore.Routing.EndpointMiddleware[1]
      Executed endpoint 'GpssStudio.WebApi.Controllers.TebManagementController.GetClass (GpssStudio.WebApi)'
fail: Microsoft.AspNetCore.Diagnostics.DeveloperExceptionPageMiddleware[1]
      An unhandled exception has occurred while executing the request.
      System.InvalidOperationException: An exception has been raised that is likely due to a transient failure.
       ---> Npgsql.NpgsqlException (0x80004005): Failed to connect to 127.0.0.1:5432
       ---> System.Net.Sockets.SocketException (10061): Подключение не установлено, т.к. конечный компьютер отверг запрос на подключение.
         at System.Net.Sockets.Socket.AwaitableSocketAsyncEventArgs.ThrowException(SocketError error, CancellationToken cancellationToken)
         at System.Net.Sockets.Socket.AwaitableSocketAsyncEventArgs.System.Threading.Tasks.Sources.IValueTaskSource.GetResult(Int16 token)
         at System.Net.Sockets.Socket.<ConnectAsync>g__WaitForConnectWithCancellation|285_0(AwaitableSocketAsyncEventArgs saea, ValueTask connectTask, CancellationToken cancellationToken)
         at Npgsql.TaskTimeoutAndCancellation.ExecuteAsync(Func`2 getTaskFunc, NpgsqlTimeout timeout, CancellationToken cancellationToken)
         at Npgsql.Internal.NpgsqlConnector.ConnectAsync(NpgsqlTimeout timeout, CancellationToken cancellationToken)
         at Npgsql.Internal.NpgsqlConnector.ConnectAsync(NpgsqlTimeout timeout, CancellationToken cancellationToken)
         at Npgsql.Internal.NpgsqlConnector.RawOpen(SslMode sslMode, NpgsqlTimeout timeout, Boolean async, CancellationToken cancellationToken, Boolean isFirstAttempt)
         at Npgsql.Internal.NpgsqlConnector.<Open>g__OpenCore|213_1(NpgsqlConnector conn, SslMode sslMode, NpgsqlTimeout timeout, Boolean async, CancellationToken cancellationToken, Boolean isFirstAttempt)
         at Npgsql.Internal.NpgsqlConnector.Open(NpgsqlTimeout timeout, Boolean async, CancellationToken cancellationToken)
         at Npgsql.PoolingDataSource.OpenNewConnector(NpgsqlConnection conn, NpgsqlTimeout timeout, Boolean async, CancellationToken cancellationToken)
         at Npgsql.PoolingDataSource.<Get>g__RentAsync|33_0(NpgsqlConnection conn, NpgsqlTimeout timeout, Boolean async, CancellationToken cancellationToken)
         at Npgsql.NpgsqlConnection.<Open>g__OpenAsync|42_0(Boolean async, CancellationToken cancellationToken)
         at Microsoft.EntityFrameworkCore.Storage.RelationalConnection.OpenInternalAsync(Boolean errorsExpected, CancellationToken cancellationToken)
         at Microsoft.EntityFrameworkCore.Storage.RelationalConnection.OpenInternalAsync(Boolean errorsExpected, CancellationToken cancellationToken)
         at Microsoft.EntityFrameworkCore.Storage.RelationalConnection.OpenAsync(CancellationToken cancellationToken, Boolean errorsExpected)
         at Microsoft.EntityFrameworkCore.Storage.RelationalCommand.ExecuteReaderAsync(RelationalCommandParameterObject parameterObject, CancellationToken cancellationToken)
         at Microsoft.EntityFrameworkCore.Query.Internal.SingleQueryingEnumerable`1.AsyncEnumerator.InitializeReaderAsync(AsyncEnumerator enumerator, CancellationToken cancellationToken)
         at Npgsql.EntityFrameworkCore.PostgreSQL.Storage.Internal.NpgsqlExecutionStrategy.ExecuteAsync[TState,TResult](TState state, Func`4 operation, Func`4 verifySucceeded, CancellationToken cancellationToken)
         --- End of inner exception stack trace ---
         at Npgsql.EntityFrameworkCore.PostgreSQL.Storage.Internal.NpgsqlExecutionStrategy.ExecuteAsync[TState,TResult](TState state, Func`4 operation, Func`4 verifySucceeded, CancellationToken cancellationToken)
         at Microsoft.EntityFrameworkCore.Query.Internal.SingleQueryingEnumerable`1.AsyncEnumerator.MoveNextAsync()
         at Microsoft.EntityFrameworkCore.Query.ShapedQueryCompilingExpressionVisitor.SingleOrDefaultAsync[TSource](IAsyncEnumerable`1 asyncEnumerable, CancellationToken cancellationToken)
         at Microsoft.EntityFrameworkCore.Query.ShapedQueryCompilingExpressionVisitor.SingleOrDefaultAsync[TSource](IAsyncEnumerable`1 asyncEnumerable, CancellationToken cancellationToken)
         at GpssStudio.WebApi.Infrastructure.Persistence.Repositories.TebRepository.BuildAggregateAsync(String libraryId, Guid classId, CancellationToken cancellationToken) in C:\Users\timur\OneDrive\Документы\GitHub\gpss\backend\GpssStudio.WebApi\Infrastructure\Persistence\Repositories\TebRepository.cs:line 345
         at GpssStudio.WebApi.Infrastructure.Persistence.Repositories.TebRepository.GetClassAsync(String libraryId, Guid classId, CancellationToken cancellationToken) in C:\Users\timur\OneDrive\Документы\GitHub\gpss\backend\GpssStudio.WebApi\Infrastructure\Persistence\Repositories\TebRepository.cs:line 28
         at GpssStudio.WebApi.Application.Tebs.Services.TebService.GetClassAsync(String libraryId, Guid classId, CancellationToken cancellationToken) in C:\Users\timur\OneDrive\Документы\GitHub\gpss\backend\GpssStudio.WebApi\Application\Tebs\Services\TebService.cs:line 22
         at GpssStudio.WebApi.Controllers.TebManagementController.GetClass(String libraryId, Guid classId, CancellationToken cancellationToken) in C:\Users\timur\OneDrive\Документы\GitHub\gpss\backend\GpssStudio.WebApi\Controllers\TebManagementController.cs:line 27
         at Microsoft.AspNetCore.Mvc.Infrastructure.ActionMethodExecutor.TaskOfIActionResultExecutor.Execute(ActionContext actionContext, IActionResultTypeMapper mapper, ObjectMethodExecutor executor, Object controller, Object[] arguments)
         at Microsoft.AspNetCore.Mvc.Infrastructure.ControllerActionInvoker.<InvokeActionMethodAsync>g__Awaited|12_0(ControllerActionInvoker invoker, ValueTask`1 actionResultValueTask)
         at Microsoft.AspNetCore.Mvc.Infrastructure.ControllerActionInvoker.<InvokeNextActionFilterAsync>g__Awaited|10_0(ControllerActionInvoker invoker, Task lastTask, State next, Scope scope, Object state, Boolean isCompleted)
         at Microsoft.AspNetCore.Mvc.Infrastructure.ControllerActionInvoker.Rethrow(ActionExecutedContextSealed context)
         at Microsoft.AspNetCore.Mvc.Infrastructure.ControllerActionInvoker.Next(State& next, Scope& scope, Object& state, Boolean& isCompleted)
         at Microsoft.AspNetCore.Mvc.Infrastructure.ControllerActionInvoker.<InvokeInnerFilterAsync>g__Awaited|13_0(ControllerActionInvoker invoker, Task lastTask, State next, Scope scope, Object state, Boolean isCompleted)
         at Microsoft.AspNetCore.Mvc.Infrastructure.ResourceInvoker.<InvokeFilterPipelineAsync>g__Awaited|20_0(ResourceInvoker invoker, Task lastTask, State next, Scope scope, Object state, Boolean isCompleted)
         at Microsoft.AspNetCore.Mvc.Infrastructure.ResourceInvoker.<InvokeAsync>g__Logged|17_1(ResourceInvoker invoker)
         at Microsoft.AspNetCore.Mvc.Infrastructure.ResourceInvoker.<InvokeAsync>g__Logged|17_1(ResourceInvoker invoker)
         at Microsoft.AspNetCore.Routing.EndpointMiddleware.<Invoke>g__AwaitRequestTask|7_0(Endpoint endpoint, Task requestTask, ILogger logger)
         at Microsoft.AspNetCore.Authorization.AuthorizationMiddleware.Invoke(HttpContext context)
         at Swashbuckle.AspNetCore.SwaggerUI.SwaggerUIMiddleware.Invoke(HttpContext httpContext)
         at Swashbuckle.AspNetCore.Swagger.SwaggerMiddleware.Invoke(HttpContext httpContext, ISwaggerProvider swaggerProvider)
         at Microsoft.AspNetCore.Authentication.AuthenticationMiddleware.Invoke(HttpContext context)
         at Microsoft.AspNetCore.Diagnostics.DeveloperExceptionPageMiddlewareImpl.Invoke(HttpContext context)
dbug: Microsoft.EntityFrameworkCore.Infrastructure[10407]
      'GpssStudioDbContext' disposed.
dbug: Microsoft.EntityFrameworkCore.Database.Connection[20007]
      Disposing connection to database 'gpss' on server 'tcp://localhost:5432'.
dbug: Microsoft.EntityFrameworkCore.Database.Connection[20008]
      Disposed connection to database 'gpss' on server 'tcp://localhost:5432' (0ms).
info: Microsoft.AspNetCore.Hosting.Diagnostics[2]
      Request finished HTTP/1.1 GET http://127.0.0.1:3001/api/alina-gpss/studio/tebs/libraries/0/classes/3ef71b95-07f7-41c6-b532-03d83d8a3973 - 500 - text/plain;+charset=utf-8 2030.8682ms
info: Microsoft.AspNetCore.Hosting.Diagnostics[1]
      Request starting HTTP/1.1 GET http://127.0.0.1:3001/api/alina-gpss/studio/tebs/libraries/0/classes/3ef71b95-07f7-41c6-b532-03d83d8a3973 - - -
info: Microsoft.AspNetCore.Routing.EndpointMiddleware[0]
      Executing endpoint 'GpssStudio.WebApi.Controllers.TebManagementController.GetClass (GpssStudio.WebApi)'
info: Microsoft.AspNetCore.Mvc.Infrastructure.ControllerActionInvoker[102]
      Route matched with {action = "GetClass", controller = "TebManagement"}. Executing controller action with signature System.Threading.Tasks.Task`1[Microsoft.AspNetCore.Mvc.IActionResult] GetClass(System.String, System.Guid, System.Threading.CancellationToken) on controller GpssStudio.WebApi.Controllers.TebManagementController (GpssStudio.WebApi).
dbug: Microsoft.EntityFrameworkCore.Infrastructure[10403]
      Entity Framework Core 8.0.8 initialized 'GpssStudioDbContext' using provider 'Npgsql.EntityFrameworkCore.PostgreSQL:8.0.8+55dd99eca42e9c6d6085961c60a0704373919a54' with options: None
dbug: Microsoft.EntityFrameworkCore.Database.Connection[20005]
      Creating DbConnection.
dbug: Microsoft.EntityFrameworkCore.Database.Connection[20006]
      Created DbConnection. (0ms).
dbug: Microsoft.EntityFrameworkCore.Database.Connection[20000]
      Opening connection to database 'gpss' on server 'tcp://localhost:5432'.
fail: Microsoft.EntityFrameworkCore.Database.Connection[20004]
      An error occurred using the connection to database 'gpss' on server 'tcp://localhost:5432'.
fail: Microsoft.EntityFrameworkCore.Query[10100]
      An exception occurred while iterating over the results of a query for context type 'GpssStudio.WebApi.Infrastructure.Persistence.GpssStudioDbContext'.
      System.InvalidOperationException: An exception has been raised that is likely due to a transient failure.
       ---> Npgsql.NpgsqlException (0x80004005): Failed to connect to 127.0.0.1:5432
       ---> System.Net.Sockets.SocketException (10061): Подключение не установлено, т.к. конечный компьютер отверг запрос на подключение.
         at System.Net.Sockets.Socket.AwaitableSocketAsyncEventArgs.ThrowException(SocketError error, CancellationToken cancellationToken)
         at System.Net.Sockets.Socket.AwaitableSocketAsyncEventArgs.System.Threading.Tasks.Sources.IValueTaskSource.GetResult(Int16 token)
         at System.Net.Sockets.Socket.<ConnectAsync>g__WaitForConnectWithCancellation|285_0(AwaitableSocketAsyncEventArgs saea, ValueTask connectTask, CancellationToken cancellationToken)
         at Npgsql.TaskTimeoutAndCancellation.ExecuteAsync(Func`2 getTaskFunc, NpgsqlTimeout timeout, CancellationToken cancellationToken)
         at Npgsql.Internal.NpgsqlConnector.ConnectAsync(NpgsqlTimeout timeout, CancellationToken cancellationToken)
         at Npgsql.Internal.NpgsqlConnector.ConnectAsync(NpgsqlTimeout timeout, CancellationToken cancellationToken)
         at Npgsql.Internal.NpgsqlConnector.RawOpen(SslMode sslMode, NpgsqlTimeout timeout, Boolean async, CancellationToken cancellationToken, Boolean isFirstAttempt)
         at Npgsql.Internal.NpgsqlConnector.<Open>g__OpenCore|213_1(NpgsqlConnector conn, SslMode sslMode, NpgsqlTimeout timeout, Boolean async, CancellationToken cancellationToken, Boolean isFirstAttempt)
         at Npgsql.Internal.NpgsqlConnector.Open(NpgsqlTimeout timeout, Boolean async, CancellationToken cancellationToken)
         at Npgsql.PoolingDataSource.OpenNewConnector(NpgsqlConnection conn, NpgsqlTimeout timeout, Boolean async, CancellationToken cancellationToken)
         at Npgsql.PoolingDataSource.<Get>g__RentAsync|33_0(NpgsqlConnection conn, NpgsqlTimeout timeout, Boolean async, CancellationToken cancellationToken)
         at Npgsql.NpgsqlConnection.<Open>g__OpenAsync|42_0(Boolean async, CancellationToken cancellationToken)
         at Microsoft.EntityFrameworkCore.Storage.RelationalConnection.OpenInternalAsync(Boolean errorsExpected, CancellationToken cancellationToken)
         at Microsoft.EntityFrameworkCore.Storage.RelationalConnection.OpenInternalAsync(Boolean errorsExpected, CancellationToken cancellationToken)
         at Microsoft.EntityFrameworkCore.Storage.RelationalConnection.OpenAsync(CancellationToken cancellationToken, Boolean errorsExpected)
         at Microsoft.EntityFrameworkCore.Storage.RelationalCommand.ExecuteReaderAsync(RelationalCommandParameterObject parameterObject, CancellationToken cancellationToken)
         at Microsoft.EntityFrameworkCore.Query.Internal.SingleQueryingEnumerable`1.AsyncEnumerator.InitializeReaderAsync(AsyncEnumerator enumerator, CancellationToken cancellationToken)
         at Npgsql.EntityFrameworkCore.PostgreSQL.Storage.Internal.NpgsqlExecutionStrategy.ExecuteAsync[TState,TResult](TState state, Func`4 operation, Func`4 verifySucceeded, CancellationToken cancellationToken)
         --- End of inner exception stack trace ---
         at Npgsql.EntityFrameworkCore.PostgreSQL.Storage.Internal.NpgsqlExecutionStrategy.ExecuteAsync[TState,TResult](TState state, Func`4 operation, Func`4 verifySucceeded, CancellationToken cancellationToken)
         at Microsoft.EntityFrameworkCore.Query.Internal.SingleQueryingEnumerable`1.AsyncEnumerator.MoveNextAsync()
      System.InvalidOperationException: An exception has been raised that is likely due to a transient failure.
       ---> Npgsql.NpgsqlException (0x80004005): Failed to connect to 127.0.0.1:5432
       ---> System.Net.Sockets.SocketException (10061): Подключение не установлено, т.к. конечный компьютер отверг запрос на подключение.
         at System.Net.Sockets.Socket.AwaitableSocketAsyncEventArgs.ThrowException(SocketError error, CancellationToken cancellationToken)
         at System.Net.Sockets.Socket.AwaitableSocketAsyncEventArgs.System.Threading.Tasks.Sources.IValueTaskSource.GetResult(Int16 token)
         at System.Net.Sockets.Socket.<ConnectAsync>g__WaitForConnectWithCancellation|285_0(AwaitableSocketAsyncEventArgs saea, ValueTask connectTask, CancellationToken cancellationToken)
         at Npgsql.TaskTimeoutAndCancellation.ExecuteAsync(Func`2 getTaskFunc, NpgsqlTimeout timeout, CancellationToken cancellationToken)
         at Npgsql.Internal.NpgsqlConnector.ConnectAsync(NpgsqlTimeout timeout, CancellationToken cancellationToken)
         at Npgsql.Internal.NpgsqlConnector.ConnectAsync(NpgsqlTimeout timeout, CancellationToken cancellationToken)
         at Npgsql.Internal.NpgsqlConnector.RawOpen(SslMode sslMode, NpgsqlTimeout timeout, Boolean async, CancellationToken cancellationToken, Boolean isFirstAttempt)
         at Npgsql.Internal.NpgsqlConnector.<Open>g__OpenCore|213_1(NpgsqlConnector conn, SslMode sslMode, NpgsqlTimeout timeout, Boolean async, CancellationToken cancellationToken, Boolean isFirstAttempt)
         at Npgsql.Internal.NpgsqlConnector.Open(NpgsqlTimeout timeout, Boolean async, CancellationToken cancellationToken)
         at Npgsql.PoolingDataSource.OpenNewConnector(NpgsqlConnection conn, NpgsqlTimeout timeout, Boolean async, CancellationToken cancellationToken)
         at Npgsql.PoolingDataSource.<Get>g__RentAsync|33_0(NpgsqlConnection conn, NpgsqlTimeout timeout, Boolean async, CancellationToken cancellationToken)
         at Npgsql.NpgsqlConnection.<Open>g__OpenAsync|42_0(Boolean async, CancellationToken cancellationToken)
         at Microsoft.EntityFrameworkCore.Storage.RelationalConnection.OpenInternalAsync(Boolean errorsExpected, CancellationToken cancellationToken)
         at Microsoft.EntityFrameworkCore.Storage.RelationalConnection.OpenInternalAsync(Boolean errorsExpected, CancellationToken cancellationToken)
         at Microsoft.EntityFrameworkCore.Storage.RelationalConnection.OpenAsync(CancellationToken cancellationToken, Boolean errorsExpected)
         at Microsoft.EntityFrameworkCore.Storage.RelationalCommand.ExecuteReaderAsync(RelationalCommandParameterObject parameterObject, CancellationToken cancellationToken)
         at Microsoft.EntityFrameworkCore.Query.Internal.SingleQueryingEnumerable`1.AsyncEnumerator.InitializeReaderAsync(AsyncEnumerator enumerator, CancellationToken cancellationToken)
         at Npgsql.EntityFrameworkCore.PostgreSQL.Storage.Internal.NpgsqlExecutionStrategy.ExecuteAsync[TState,TResult](TState state, Func`4 operation, Func`4 verifySucceeded, CancellationToken cancellationToken)
         --- End of inner exception stack trace ---
         at Npgsql.EntityFrameworkCore.PostgreSQL.Storage.Internal.NpgsqlExecutionStrategy.ExecuteAsync[TState,TResult](TState state, Func`4 operation, Func`4 verifySucceeded, CancellationToken cancellationToken)
         at Microsoft.EntityFrameworkCore.Query.Internal.SingleQueryingEnumerable`1.AsyncEnumerator.MoveNextAsync()
info: Microsoft.AspNetCore.Mvc.Infrastructure.ControllerActionInvoker[105]
      Executed action GpssStudio.WebApi.Controllers.TebManagementController.GetClass (GpssStudio.WebApi) in 2065.0314ms
info: Microsoft.AspNetCore.Routing.EndpointMiddleware[1]
      Executed endpoint 'GpssStudio.WebApi.Controllers.TebManagementController.GetClass (GpssStudio.WebApi)'
fail: Microsoft.AspNetCore.Diagnostics.DeveloperExceptionPageMiddleware[1]
      An unhandled exception has occurred while executing the request.
      System.InvalidOperationException: An exception has been raised that is likely due to a transient failure.
       ---> Npgsql.NpgsqlException (0x80004005): Failed to connect to 127.0.0.1:5432
       ---> System.Net.Sockets.SocketException (10061): Подключение не установлено, т.к. конечный компьютер отверг запрос на подключение.
         at System.Net.Sockets.Socket.AwaitableSocketAsyncEventArgs.ThrowException(SocketError error, CancellationToken cancellationToken)
         at System.Net.Sockets.Socket.AwaitableSocketAsyncEventArgs.System.Threading.Tasks.Sources.IValueTaskSource.GetResult(Int16 token)
         at System.Net.Sockets.Socket.<ConnectAsync>g__WaitForConnectWithCancellation|285_0(AwaitableSocketAsyncEventArgs saea, ValueTask connectTask, CancellationToken cancellationToken)
         at Npgsql.TaskTimeoutAndCancellation.ExecuteAsync(Func`2 getTaskFunc, NpgsqlTimeout timeout, CancellationToken cancellationToken)
         at Npgsql.Internal.NpgsqlConnector.ConnectAsync(NpgsqlTimeout timeout, CancellationToken cancellationToken)
         at Npgsql.Internal.NpgsqlConnector.ConnectAsync(NpgsqlTimeout timeout, CancellationToken cancellationToken)
         at Npgsql.Internal.NpgsqlConnector.RawOpen(SslMode sslMode, NpgsqlTimeout timeout, Boolean async, CancellationToken cancellationToken, Boolean isFirstAttempt)
         at Npgsql.Internal.NpgsqlConnector.<Open>g__OpenCore|213_1(NpgsqlConnector conn, SslMode sslMode, NpgsqlTimeout timeout, Boolean async, CancellationToken cancellationToken, Boolean isFirstAttempt)
         at Npgsql.Internal.NpgsqlConnector.Open(NpgsqlTimeout timeout, Boolean async, CancellationToken cancellationToken)
         at Npgsql.PoolingDataSource.OpenNewConnector(NpgsqlConnection conn, NpgsqlTimeout timeout, Boolean async, CancellationToken cancellationToken)
         at Npgsql.PoolingDataSource.<Get>g__RentAsync|33_0(NpgsqlConnection conn, NpgsqlTimeout timeout, Boolean async, CancellationToken cancellationToken)
         at Npgsql.NpgsqlConnection.<Open>g__OpenAsync|42_0(Boolean async, CancellationToken cancellationToken)
         at Microsoft.EntityFrameworkCore.Storage.RelationalConnection.OpenInternalAsync(Boolean errorsExpected, CancellationToken cancellationToken)
         at Microsoft.EntityFrameworkCore.Storage.RelationalConnection.OpenInternalAsync(Boolean errorsExpected, CancellationToken cancellationToken)
         at Microsoft.EntityFrameworkCore.Storage.RelationalConnection.OpenAsync(CancellationToken cancellationToken, Boolean errorsExpected)
         at Microsoft.EntityFrameworkCore.Storage.RelationalCommand.ExecuteReaderAsync(RelationalCommandParameterObject parameterObject, CancellationToken cancellationToken)
         at Microsoft.EntityFrameworkCore.Query.Internal.SingleQueryingEnumerable`1.AsyncEnumerator.InitializeReaderAsync(AsyncEnumerator enumerator, CancellationToken cancellationToken)
         at Npgsql.EntityFrameworkCore.PostgreSQL.Storage.Internal.NpgsqlExecutionStrategy.ExecuteAsync[TState,TResult](TState state, Func`4 operation, Func`4 verifySucceeded, CancellationToken cancellationToken)
         --- End of inner exception stack trace ---
         at Npgsql.EntityFrameworkCore.PostgreSQL.Storage.Internal.NpgsqlExecutionStrategy.ExecuteAsync[TState,TResult](TState state, Func`4 operation, Func`4 verifySucceeded, CancellationToken cancellationToken)
         at Microsoft.EntityFrameworkCore.Query.Internal.SingleQueryingEnumerable`1.AsyncEnumerator.MoveNextAsync()
         at Microsoft.EntityFrameworkCore.Query.ShapedQueryCompilingExpressionVisitor.SingleOrDefaultAsync[TSource](IAsyncEnumerable`1 asyncEnumerable, CancellationToken cancellationToken)
         at Microsoft.EntityFrameworkCore.Query.ShapedQueryCompilingExpressionVisitor.SingleOrDefaultAsync[TSource](IAsyncEnumerable`1 asyncEnumerable, CancellationToken cancellationToken)
         at GpssStudio.WebApi.Infrastructure.Persistence.Repositories.TebRepository.BuildAggregateAsync(String libraryId, Guid classId, CancellationToken cancellationToken) in C:\Users\timur\OneDrive\Документы\GitHub\gpss\backend\GpssStudio.WebApi\Infrastructure\Persistence\Repositories\TebRepository.cs:line 345
         at GpssStudio.WebApi.Infrastructure.Persistence.Repositories.TebRepository.GetClassAsync(String libraryId, Guid classId, CancellationToken cancellationToken) in C:\Users\timur\OneDrive\Документы\GitHub\gpss\backend\GpssStudio.WebApi\Infrastructure\Persistence\Repositories\TebRepository.cs:line 28
         at GpssStudio.WebApi.Application.Tebs.Services.TebService.GetClassAsync(String libraryId, Guid classId, CancellationToken cancellationToken) in C:\Users\timur\OneDrive\Документы\GitHub\gpss\backend\GpssStudio.WebApi\Application\Tebs\Services\TebService.cs:line 22
         at GpssStudio.WebApi.Controllers.TebManagementController.GetClass(String libraryId, Guid classId, CancellationToken cancellationToken) in C:\Users\timur\OneDrive\Документы\GitHub\gpss\backend\GpssStudio.WebApi\Controllers\TebManagementController.cs:line 27
         at Microsoft.AspNetCore.Mvc.Infrastructure.ActionMethodExecutor.TaskOfIActionResultExecutor.Execute(ActionContext actionContext, IActionResultTypeMapper mapper, ObjectMethodExecutor executor, Object controller, Object[] arguments)
         at Microsoft.AspNetCore.Mvc.Infrastructure.ControllerActionInvoker.<InvokeActionMethodAsync>g__Awaited|12_0(ControllerActionInvoker invoker, ValueTask`1 actionResultValueTask)
         at Microsoft.AspNetCore.Mvc.Infrastructure.ControllerActionInvoker.<InvokeNextActionFilterAsync>g__Awaited|10_0(ControllerActionInvoker invoker, Task lastTask, State next, Scope scope, Object state, Boolean isCompleted)
         at Microsoft.AspNetCore.Mvc.Infrastructure.ControllerActionInvoker.Rethrow(ActionExecutedContextSealed context)
         at Microsoft.AspNetCore.Mvc.Infrastructure.ControllerActionInvoker.Next(State& next, Scope& scope, Object& state, Boolean& isCompleted)
         at Microsoft.AspNetCore.Mvc.Infrastructure.ControllerActionInvoker.<InvokeInnerFilterAsync>g__Awaited|13_0(ControllerActionInvoker invoker, Task lastTask, State next, Scope scope, Object state, Boolean isCompleted)
         at Microsoft.AspNetCore.Mvc.Infrastructure.ResourceInvoker.<InvokeFilterPipelineAsync>g__Awaited|20_0(ResourceInvoker invoker, Task lastTask, State next, Scope scope, Object state, Boolean isCompleted)
         at Microsoft.AspNetCore.Mvc.Infrastructure.ResourceInvoker.<InvokeAsync>g__Logged|17_1(ResourceInvoker invoker)
         at Microsoft.AspNetCore.Mvc.Infrastructure.ResourceInvoker.<InvokeAsync>g__Logged|17_1(ResourceInvoker invoker)
         at Microsoft.AspNetCore.Routing.EndpointMiddleware.<Invoke>g__AwaitRequestTask|7_0(Endpoint endpoint, Task requestTask, ILogger logger)
         at Microsoft.AspNetCore.Authorization.AuthorizationMiddleware.Invoke(HttpContext context)
         at Swashbuckle.AspNetCore.SwaggerUI.SwaggerUIMiddleware.Invoke(HttpContext httpContext)
         at Swashbuckle.AspNetCore.Swagger.SwaggerMiddleware.Invoke(HttpContext httpContext, ISwaggerProvider swaggerProvider)
         at Microsoft.AspNetCore.Authentication.AuthenticationMiddleware.Invoke(HttpContext context)
         at Microsoft.AspNetCore.Diagnostics.DeveloperExceptionPageMiddlewareImpl.Invoke(HttpContext context)
dbug: Microsoft.EntityFrameworkCore.Infrastructure[10407]
      'GpssStudioDbContext' disposed.
dbug: Microsoft.EntityFrameworkCore.Database.Connection[20007]
      Disposing connection to database 'gpss' on server 'tcp://localhost:5432'.
dbug: Microsoft.EntityFrameworkCore.Database.Connection[20008]
      Disposed connection to database 'gpss' on server 'tcp://localhost:5432' (0ms).
info: Microsoft.AspNetCore.Hosting.Diagnostics[2]
      Request finished HTTP/1.1 GET http://127.0.0.1:3001/api/alina-gpss/studio/tebs/libraries/0/classes/3ef71b95-07f7-41c6-b532-03d83d8a3973 - 500 - text/plain;+charset=utf-8 2072.6419ms
info: Microsoft.AspNetCore.Hosting.Diagnostics[1]
      Request starting HTTP/1.1 GET http://127.0.0.1:3001/api/alina-gpss/studio/tebs/libraries/0/classes/3ef71b95-07f7-41c6-b532-03d83d8a3973 - - -
info: Microsoft.AspNetCore.Routing.EndpointMiddleware[0]
      Executing endpoint 'GpssStudio.WebApi.Controllers.TebManagementController.GetClass (GpssStudio.WebApi)'
info: Microsoft.AspNetCore.Mvc.Infrastructure.ControllerActionInvoker[102]
      Route matched with {action = "GetClass", controller = "TebManagement"}. Executing controller action with signature System.Threading.Tasks.Task`1[Microsoft.AspNetCore.Mvc.IActionResult] GetClass(System.String, System.Guid, System.Threading.CancellationToken) on controller GpssStudio.WebApi.Controllers.TebManagementController (GpssStudio.WebApi).
dbug: Microsoft.EntityFrameworkCore.Infrastructure[10403]
      Entity Framework Core 8.0.8 initialized 'GpssStudioDbContext' using provider 'Npgsql.EntityFrameworkCore.PostgreSQL:8.0.8+55dd99eca42e9c6d6085961c60a0704373919a54' with options: None
dbug: Microsoft.EntityFrameworkCore.Database.Connection[20005]
      Creating DbConnection.
dbug: Microsoft.EntityFrameworkCore.Database.Connection[20006]
      Created DbConnection. (0ms).
dbug: Microsoft.EntityFrameworkCore.Database.Connection[20000]
      Opening connection to database 'gpss' on server 'tcp://localhost:5432'.
fail: Microsoft.EntityFrameworkCore.Database.Connection[20004]
      An error occurred using the connection to database 'gpss' on server 'tcp://localhost:5432'.
fail: Microsoft.EntityFrameworkCore.Query[10100]
      An exception occurred while iterating over the results of a query for context type 'GpssStudio.WebApi.Infrastructure.Persistence.GpssStudioDbContext'.
      System.InvalidOperationException: An exception has been raised that is likely due to a transient failure.
       ---> Npgsql.NpgsqlException (0x80004005): Failed to connect to 127.0.0.1:5432
       ---> System.Net.Sockets.SocketException (10061): Подключение не установлено, т.к. конечный компьютер отверг запрос на подключение.
         at System.Net.Sockets.Socket.AwaitableSocketAsyncEventArgs.ThrowException(SocketError error, CancellationToken cancellationToken)
         at System.Net.Sockets.Socket.AwaitableSocketAsyncEventArgs.System.Threading.Tasks.Sources.IValueTaskSource.GetResult(Int16 token)
         at System.Net.Sockets.Socket.<ConnectAsync>g__WaitForConnectWithCancellation|285_0(AwaitableSocketAsyncEventArgs saea, ValueTask connectTask, CancellationToken cancellationToken)
         at Npgsql.TaskTimeoutAndCancellation.ExecuteAsync(Func`2 getTaskFunc, NpgsqlTimeout timeout, CancellationToken cancellationToken)
         at Npgsql.Internal.NpgsqlConnector.ConnectAsync(NpgsqlTimeout timeout, CancellationToken cancellationToken)
         at Npgsql.Internal.NpgsqlConnector.ConnectAsync(NpgsqlTimeout timeout, CancellationToken cancellationToken)
         at Npgsql.Internal.NpgsqlConnector.RawOpen(SslMode sslMode, NpgsqlTimeout timeout, Boolean async, CancellationToken cancellationToken, Boolean isFirstAttempt)
         at Npgsql.Internal.NpgsqlConnector.<Open>g__OpenCore|213_1(NpgsqlConnector conn, SslMode sslMode, NpgsqlTimeout timeout, Boolean async, CancellationToken cancellationToken, Boolean isFirstAttempt)
         at Npgsql.Internal.NpgsqlConnector.Open(NpgsqlTimeout timeout, Boolean async, CancellationToken cancellationToken)
         at Npgsql.PoolingDataSource.OpenNewConnector(NpgsqlConnection conn, NpgsqlTimeout timeout, Boolean async, CancellationToken cancellationToken)
         at Npgsql.PoolingDataSource.<Get>g__RentAsync|33_0(NpgsqlConnection conn, NpgsqlTimeout timeout, Boolean async, CancellationToken cancellationToken)
         at Npgsql.NpgsqlConnection.<Open>g__OpenAsync|42_0(Boolean async, CancellationToken cancellationToken)
         at Microsoft.EntityFrameworkCore.Storage.RelationalConnection.OpenInternalAsync(Boolean errorsExpected, CancellationToken cancellationToken)
         at Microsoft.EntityFrameworkCore.Storage.RelationalConnection.OpenInternalAsync(Boolean errorsExpected, CancellationToken cancellationToken)
         at Microsoft.EntityFrameworkCore.Storage.RelationalConnection.OpenAsync(CancellationToken cancellationToken, Boolean errorsExpected)
         at Microsoft.EntityFrameworkCore.Storage.RelationalCommand.ExecuteReaderAsync(RelationalCommandParameterObject parameterObject, CancellationToken cancellationToken)
         at Microsoft.EntityFrameworkCore.Query.Internal.SingleQueryingEnumerable`1.AsyncEnumerator.InitializeReaderAsync(AsyncEnumerator enumerator, CancellationToken cancellationToken)
         at Npgsql.EntityFrameworkCore.PostgreSQL.Storage.Internal.NpgsqlExecutionStrategy.ExecuteAsync[TState,TResult](TState state, Func`4 operation, Func`4 verifySucceeded, CancellationToken cancellationToken)
         --- End of inner exception stack trace ---
         at Npgsql.EntityFrameworkCore.PostgreSQL.Storage.Internal.NpgsqlExecutionStrategy.ExecuteAsync[TState,TResult](TState state, Func`4 operation, Func`4 verifySucceeded, CancellationToken cancellationToken)
         at Microsoft.EntityFrameworkCore.Query.Internal.SingleQueryingEnumerable`1.AsyncEnumerator.MoveNextAsync()
      System.InvalidOperationException: An exception has been raised that is likely due to a transient failure.
       ---> Npgsql.NpgsqlException (0x80004005): Failed to connect to 127.0.0.1:5432
       ---> System.Net.Sockets.SocketException (10061): Подключение не установлено, т.к. конечный компьютер отверг запрос на подключение.
         at System.Net.Sockets.Socket.AwaitableSocketAsyncEventArgs.ThrowException(SocketError error, CancellationToken cancellationToken)
         at System.Net.Sockets.Socket.AwaitableSocketAsyncEventArgs.System.Threading.Tasks.Sources.IValueTaskSource.GetResult(Int16 token)
         at System.Net.Sockets.Socket.<ConnectAsync>g__WaitForConnectWithCancellation|285_0(AwaitableSocketAsyncEventArgs saea, ValueTask connectTask, CancellationToken cancellationToken)
         at Npgsql.TaskTimeoutAndCancellation.ExecuteAsync(Func`2 getTaskFunc, NpgsqlTimeout timeout, CancellationToken cancellationToken)
         at Npgsql.Internal.NpgsqlConnector.ConnectAsync(NpgsqlTimeout timeout, CancellationToken cancellationToken)
         at Npgsql.Internal.NpgsqlConnector.ConnectAsync(NpgsqlTimeout timeout, CancellationToken cancellationToken)
         at Npgsql.Internal.NpgsqlConnector.RawOpen(SslMode sslMode, NpgsqlTimeout timeout, Boolean async, CancellationToken cancellationToken, Boolean isFirstAttempt)
         at Npgsql.Internal.NpgsqlConnector.<Open>g__OpenCore|213_1(NpgsqlConnector conn, SslMode sslMode, NpgsqlTimeout timeout, Boolean async, CancellationToken cancellationToken, Boolean isFirstAttempt)
         at Npgsql.Internal.NpgsqlConnector.Open(NpgsqlTimeout timeout, Boolean async, CancellationToken cancellationToken)
         at Npgsql.PoolingDataSource.OpenNewConnector(NpgsqlConnection conn, NpgsqlTimeout timeout, Boolean async, CancellationToken cancellationToken)
         at Npgsql.PoolingDataSource.<Get>g__RentAsync|33_0(NpgsqlConnection conn, NpgsqlTimeout timeout, Boolean async, CancellationToken cancellationToken)
         at Npgsql.NpgsqlConnection.<Open>g__OpenAsync|42_0(Boolean async, CancellationToken cancellationToken)
         at Microsoft.EntityFrameworkCore.Storage.RelationalConnection.OpenInternalAsync(Boolean errorsExpected, CancellationToken cancellationToken)
         at Microsoft.EntityFrameworkCore.Storage.RelationalConnection.OpenInternalAsync(Boolean errorsExpected, CancellationToken cancellationToken)
         at Microsoft.EntityFrameworkCore.Storage.RelationalConnection.OpenAsync(CancellationToken cancellationToken, Boolean errorsExpected)
         at Microsoft.EntityFrameworkCore.Storage.RelationalCommand.ExecuteReaderAsync(RelationalCommandParameterObject parameterObject, CancellationToken cancellationToken)
         at Microsoft.EntityFrameworkCore.Query.Internal.SingleQueryingEnumerable`1.AsyncEnumerator.InitializeReaderAsync(AsyncEnumerator enumerator, CancellationToken cancellationToken)
         at Npgsql.EntityFrameworkCore.PostgreSQL.Storage.Internal.NpgsqlExecutionStrategy.ExecuteAsync[TState,TResult](TState state, Func`4 operation, Func`4 verifySucceeded, CancellationToken cancellationToken)
         --- End of inner exception stack trace ---
         at Npgsql.EntityFrameworkCore.PostgreSQL.Storage.Internal.NpgsqlExecutionStrategy.ExecuteAsync[TState,TResult](TState state, Func`4 operation, Func`4 verifySucceeded, CancellationToken cancellationToken)
         at Microsoft.EntityFrameworkCore.Query.Internal.SingleQueryingEnumerable`1.AsyncEnumerator.MoveNextAsync()
info: Microsoft.AspNetCore.Mvc.Infrastructure.ControllerActionInvoker[105]
      Executed action GpssStudio.WebApi.Controllers.TebManagementController.GetClass (GpssStudio.WebApi) in 2049.5703ms
info: Microsoft.AspNetCore.Routing.EndpointMiddleware[1]
      Executed endpoint 'GpssStudio.WebApi.Controllers.TebManagementController.GetClass (GpssStudio.WebApi)'
fail: Microsoft.AspNetCore.Diagnostics.DeveloperExceptionPageMiddleware[1]
      An unhandled exception has occurred while executing the request.
      System.InvalidOperationException: An exception has been raised that is likely due to a transient failure.
       ---> Npgsql.NpgsqlException (0x80004005): Failed to connect to 127.0.0.1:5432
       ---> System.Net.Sockets.SocketException (10061): Подключение не установлено, т.к. конечный компьютер отверг запрос на подключение.
         at System.Net.Sockets.Socket.AwaitableSocketAsyncEventArgs.ThrowException(SocketError error, CancellationToken cancellationToken)
         at System.Net.Sockets.Socket.AwaitableSocketAsyncEventArgs.System.Threading.Tasks.Sources.IValueTaskSource.GetResult(Int16 token)
         at System.Net.Sockets.Socket.<ConnectAsync>g__WaitForConnectWithCancellation|285_0(AwaitableSocketAsyncEventArgs saea, ValueTask connectTask, CancellationToken cancellationToken)
         at Npgsql.TaskTimeoutAndCancellation.ExecuteAsync(Func`2 getTaskFunc, NpgsqlTimeout timeout, CancellationToken cancellationToken)
         at Npgsql.Internal.NpgsqlConnector.ConnectAsync(NpgsqlTimeout timeout, CancellationToken cancellationToken)
         at Npgsql.Internal.NpgsqlConnector.ConnectAsync(NpgsqlTimeout timeout, CancellationToken cancellationToken)
         at Npgsql.Internal.NpgsqlConnector.RawOpen(SslMode sslMode, NpgsqlTimeout timeout, Boolean async, CancellationToken cancellationToken, Boolean isFirstAttempt)
         at Npgsql.Internal.NpgsqlConnector.<Open>g__OpenCore|213_1(NpgsqlConnector conn, SslMode sslMode, NpgsqlTimeout timeout, Boolean async, CancellationToken cancellationToken, Boolean isFirstAttempt)
         at Npgsql.Internal.NpgsqlConnector.Open(NpgsqlTimeout timeout, Boolean async, CancellationToken cancellationToken)
         at Npgsql.PoolingDataSource.OpenNewConnector(NpgsqlConnection conn, NpgsqlTimeout timeout, Boolean async, CancellationToken cancellationToken)
         at Npgsql.PoolingDataSource.<Get>g__RentAsync|33_0(NpgsqlConnection conn, NpgsqlTimeout timeout, Boolean async, CancellationToken cancellationToken)
         at Npgsql.NpgsqlConnection.<Open>g__OpenAsync|42_0(Boolean async, CancellationToken cancellationToken)
         at Microsoft.EntityFrameworkCore.Storage.RelationalConnection.OpenInternalAsync(Boolean errorsExpected, CancellationToken cancellationToken)
         at Microsoft.EntityFrameworkCore.Storage.RelationalConnection.OpenInternalAsync(Boolean errorsExpected, CancellationToken cancellationToken)
         at Microsoft.EntityFrameworkCore.Storage.RelationalConnection.OpenAsync(CancellationToken cancellationToken, Boolean errorsExpected)
         at Microsoft.EntityFrameworkCore.Storage.RelationalCommand.ExecuteReaderAsync(RelationalCommandParameterObject parameterObject, CancellationToken cancellationToken)
         at Microsoft.EntityFrameworkCore.Query.Internal.SingleQueryingEnumerable`1.AsyncEnumerator.InitializeReaderAsync(AsyncEnumerator enumerator, CancellationToken cancellationToken)
         at Npgsql.EntityFrameworkCore.PostgreSQL.Storage.Internal.NpgsqlExecutionStrategy.ExecuteAsync[TState,TResult](TState state, Func`4 operation, Func`4 verifySucceeded, CancellationToken cancellationToken)
         --- End of inner exception stack trace ---
         at Npgsql.EntityFrameworkCore.PostgreSQL.Storage.Internal.NpgsqlExecutionStrategy.ExecuteAsync[TState,TResult](TState state, Func`4 operation, Func`4 verifySucceeded, CancellationToken cancellationToken)
         at Microsoft.EntityFrameworkCore.Query.Internal.SingleQueryingEnumerable`1.AsyncEnumerator.MoveNextAsync()
         at Microsoft.EntityFrameworkCore.Query.ShapedQueryCompilingExpressionVisitor.SingleOrDefaultAsync[TSource](IAsyncEnumerable`1 asyncEnumerable, CancellationToken cancellationToken)
         at Microsoft.EntityFrameworkCore.Query.ShapedQueryCompilingExpressionVisitor.SingleOrDefaultAsync[TSource](IAsyncEnumerable`1 asyncEnumerable, CancellationToken cancellationToken)
         at GpssStudio.WebApi.Infrastructure.Persistence.Repositories.TebRepository.BuildAggregateAsync(String libraryId, Guid classId, CancellationToken cancellationToken) in C:\Users\timur\OneDrive\Документы\GitHub\gpss\backend\GpssStudio.WebApi\Infrastructure\Persistence\Repositories\TebRepository.cs:line 345
         at GpssStudio.WebApi.Infrastructure.Persistence.Repositories.TebRepository.GetClassAsync(String libraryId, Guid classId, CancellationToken cancellationToken) in C:\Users\timur\OneDrive\Документы\GitHub\gpss\backend\GpssStudio.WebApi\Infrastructure\Persistence\Repositories\TebRepository.cs:line 28
         at GpssStudio.WebApi.Application.Tebs.Services.TebService.GetClassAsync(String libraryId, Guid classId, CancellationToken cancellationToken) in C:\Users\timur\OneDrive\Документы\GitHub\gpss\backend\GpssStudio.WebApi\Application\Tebs\Services\TebService.cs:line 22
         at GpssStudio.WebApi.Controllers.TebManagementController.GetClass(String libraryId, Guid classId, CancellationToken cancellationToken) in C:\Users\timur\OneDrive\Документы\GitHub\gpss\backend\GpssStudio.WebApi\Controllers\TebManagementController.cs:line 27
         at Microsoft.AspNetCore.Mvc.Infrastructure.ActionMethodExecutor.TaskOfIActionResultExecutor.Execute(ActionContext actionContext, IActionResultTypeMapper mapper, ObjectMethodExecutor executor, Object controller, Object[] arguments)
         at Microsoft.AspNetCore.Mvc.Infrastructure.ControllerActionInvoker.<InvokeActionMethodAsync>g__Awaited|12_0(ControllerActionInvoker invoker, ValueTask`1 actionResultValueTask)
         at Microsoft.AspNetCore.Mvc.Infrastructure.ControllerActionInvoker.<InvokeNextActionFilterAsync>g__Awaited|10_0(ControllerActionInvoker invoker, Task lastTask, State next, Scope scope, Object state, Boolean isCompleted)
         at Microsoft.AspNetCore.Mvc.Infrastructure.ControllerActionInvoker.Rethrow(ActionExecutedContextSealed context)
         at Microsoft.AspNetCore.Mvc.Infrastructure.ControllerActionInvoker.Next(State& next, Scope& scope, Object& state, Boolean& isCompleted)
         at Microsoft.AspNetCore.Mvc.Infrastructure.ControllerActionInvoker.<InvokeInnerFilterAsync>g__Awaited|13_0(ControllerActionInvoker invoker, Task lastTask, State next, Scope scope, Object state, Boolean isCompleted)
         at Microsoft.AspNetCore.Mvc.Infrastructure.ResourceInvoker.<InvokeFilterPipelineAsync>g__Awaited|20_0(ResourceInvoker invoker, Task lastTask, State next, Scope scope, Object state, Boolean isCompleted)
         at Microsoft.AspNetCore.Mvc.Infrastructure.ResourceInvoker.<InvokeAsync>g__Logged|17_1(ResourceInvoker invoker)
         at Microsoft.AspNetCore.Mvc.Infrastructure.ResourceInvoker.<InvokeAsync>g__Logged|17_1(ResourceInvoker invoker)
         at Microsoft.AspNetCore.Routing.EndpointMiddleware.<Invoke>g__AwaitRequestTask|7_0(Endpoint endpoint, Task requestTask, ILogger logger)
         at Microsoft.AspNetCore.Authorization.AuthorizationMiddleware.Invoke(HttpContext context)
         at Swashbuckle.AspNetCore.SwaggerUI.SwaggerUIMiddleware.Invoke(HttpContext httpContext)
         at Swashbuckle.AspNetCore.Swagger.SwaggerMiddleware.Invoke(HttpContext httpContext, ISwaggerProvider swaggerProvider)
         at Microsoft.AspNetCore.Authentication.AuthenticationMiddleware.Invoke(HttpContext context)
         at Microsoft.AspNetCore.Diagnostics.DeveloperExceptionPageMiddlewareImpl.Invoke(HttpContext context)
dbug: Microsoft.EntityFrameworkCore.Infrastructure[10407]
      'GpssStudioDbContext' disposed.
dbug: Microsoft.EntityFrameworkCore.Database.Connection[20007]
      Disposing connection to database 'gpss' on server 'tcp://localhost:5432'.
dbug: Microsoft.EntityFrameworkCore.Database.Connection[20008]
      Disposed connection to database 'gpss' on server 'tcp://localhost:5432' (0ms).
info: Microsoft.AspNetCore.Hosting.Diagnostics[2]
      Request finished HTTP/1.1 GET http://127.0.0.1:3001/api/alina-gpss/studio/tebs/libraries/0/classes/3ef71b95-07f7-41c6-b532-03d83d8a3973 - 500 - text/plain;+charset=utf-8 2054.7042ms
info: Microsoft.AspNetCore.Hosting.Diagnostics[1]
      Request starting HTTP/1.1 GET http://127.0.0.1:3001/api/alina-gpss/studio/tebs/libraries/0/classes/3ef71b95-07f7-41c6-b532-03d83d8a3973 - - -
info: Microsoft.AspNetCore.Routing.EndpointMiddleware[0]
      Executing endpoint 'GpssStudio.WebApi.Controllers.TebManagementController.GetClass (GpssStudio.WebApi)'
info: Microsoft.AspNetCore.Mvc.Infrastructure.ControllerActionInvoker[102]
      Route matched with {action = "GetClass", controller = "TebManagement"}. Executing controller action with signature System.Threading.Tasks.Task`1[Microsoft.AspNetCore.Mvc.IActionResult] GetClass(System.String, System.Guid, System.Threading.CancellationToken) on controller GpssStudio.WebApi.Controllers.TebManagementController (GpssStudio.WebApi).
dbug: Microsoft.EntityFrameworkCore.Infrastructure[10403]
      Entity Framework Core 8.0.8 initialized 'GpssStudioDbContext' using provider 'Npgsql.EntityFrameworkCore.PostgreSQL:8.0.8+55dd99eca42e9c6d6085961c60a0704373919a54' with options: None
dbug: Microsoft.EntityFrameworkCore.Database.Connection[20005]
      Creating DbConnection.
dbug: Microsoft.EntityFrameworkCore.Database.Connection[20006]
      Created DbConnection. (0ms).
dbug: Microsoft.EntityFrameworkCore.Database.Connection[20000]
      Opening connection to database 'gpss' on server 'tcp://localhost:5432'.
fail: Microsoft.EntityFrameworkCore.Database.Connection[20004]
      An error occurred using the connection to database 'gpss' on server 'tcp://localhost:5432'.
fail: Microsoft.EntityFrameworkCore.Query[10100]
      An exception occurred while iterating over the results of a query for context type 'GpssStudio.WebApi.Infrastructure.Persistence.GpssStudioDbContext'.
      System.InvalidOperationException: An exception has been raised that is likely due to a transient failure.
       ---> Npgsql.NpgsqlException (0x80004005): Failed to connect to 127.0.0.1:5432
       ---> System.Net.Sockets.SocketException (10061): Подключение не установлено, т.к. конечный компьютер отверг запрос на подключение.
         at System.Net.Sockets.Socket.AwaitableSocketAsyncEventArgs.ThrowException(SocketError error, CancellationToken cancellationToken)
         at System.Net.Sockets.Socket.AwaitableSocketAsyncEventArgs.System.Threading.Tasks.Sources.IValueTaskSource.GetResult(Int16 token)
         at System.Net.Sockets.Socket.<ConnectAsync>g__WaitForConnectWithCancellation|285_0(AwaitableSocketAsyncEventArgs saea, ValueTask connectTask, CancellationToken cancellationToken)
         at Npgsql.TaskTimeoutAndCancellation.ExecuteAsync(Func`2 getTaskFunc, NpgsqlTimeout timeout, CancellationToken cancellationToken)
         at Npgsql.Internal.NpgsqlConnector.ConnectAsync(NpgsqlTimeout timeout, CancellationToken cancellationToken)
         at Npgsql.Internal.NpgsqlConnector.ConnectAsync(NpgsqlTimeout timeout, CancellationToken cancellationToken)
         at Npgsql.Internal.NpgsqlConnector.RawOpen(SslMode sslMode, NpgsqlTimeout timeout, Boolean async, CancellationToken cancellationToken, Boolean isFirstAttempt)
         at Npgsql.Internal.NpgsqlConnector.<Open>g__OpenCore|213_1(NpgsqlConnector conn, SslMode sslMode, NpgsqlTimeout timeout, Boolean async, CancellationToken cancellationToken, Boolean isFirstAttempt)
         at Npgsql.Internal.NpgsqlConnector.Open(NpgsqlTimeout timeout, Boolean async, CancellationToken cancellationToken)
         at Npgsql.PoolingDataSource.OpenNewConnector(NpgsqlConnection conn, NpgsqlTimeout timeout, Boolean async, CancellationToken cancellationToken)
         at Npgsql.PoolingDataSource.<Get>g__RentAsync|33_0(NpgsqlConnection conn, NpgsqlTimeout timeout, Boolean async, CancellationToken cancellationToken)
         at Npgsql.NpgsqlConnection.<Open>g__OpenAsync|42_0(Boolean async, CancellationToken cancellationToken)
         at Microsoft.EntityFrameworkCore.Storage.RelationalConnection.OpenInternalAsync(Boolean errorsExpected, CancellationToken cancellationToken)
         at Microsoft.EntityFrameworkCore.Storage.RelationalConnection.OpenInternalAsync(Boolean errorsExpected, CancellationToken cancellationToken)
         at Microsoft.EntityFrameworkCore.Storage.RelationalConnection.OpenAsync(CancellationToken cancellationToken, Boolean errorsExpected)
         at Microsoft.EntityFrameworkCore.Storage.RelationalCommand.ExecuteReaderAsync(RelationalCommandParameterObject parameterObject, CancellationToken cancellationToken)
         at Microsoft.EntityFrameworkCore.Query.Internal.SingleQueryingEnumerable`1.AsyncEnumerator.InitializeReaderAsync(AsyncEnumerator enumerator, CancellationToken cancellationToken)
         at Npgsql.EntityFrameworkCore.PostgreSQL.Storage.Internal.NpgsqlExecutionStrategy.ExecuteAsync[TState,TResult](TState state, Func`4 operation, Func`4 verifySucceeded, CancellationToken cancellationToken)
         --- End of inner exception stack trace ---
         at Npgsql.EntityFrameworkCore.PostgreSQL.Storage.Internal.NpgsqlExecutionStrategy.ExecuteAsync[TState,TResult](TState state, Func`4 operation, Func`4 verifySucceeded, CancellationToken cancellationToken)
         at Microsoft.EntityFrameworkCore.Query.Internal.SingleQueryingEnumerable`1.AsyncEnumerator.MoveNextAsync()
      System.InvalidOperationException: An exception has been raised that is likely due to a transient failure.
       ---> Npgsql.NpgsqlException (0x80004005): Failed to connect to 127.0.0.1:5432
       ---> System.Net.Sockets.SocketException (10061): Подключение не установлено, т.к. конечный компьютер отверг запрос на подключение.
         at System.Net.Sockets.Socket.AwaitableSocketAsyncEventArgs.ThrowException(SocketError error, CancellationToken cancellationToken)
         at System.Net.Sockets.Socket.AwaitableSocketAsyncEventArgs.System.Threading.Tasks.Sources.IValueTaskSource.GetResult(Int16 token)
         at System.Net.Sockets.Socket.<ConnectAsync>g__WaitForConnectWithCancellation|285_0(AwaitableSocketAsyncEventArgs saea, ValueTask connectTask, CancellationToken cancellationToken)
         at Npgsql.TaskTimeoutAndCancellation.ExecuteAsync(Func`2 getTaskFunc, NpgsqlTimeout timeout, CancellationToken cancellationToken)
         at Npgsql.Internal.NpgsqlConnector.ConnectAsync(NpgsqlTimeout timeout, CancellationToken cancellationToken)
         at Npgsql.Internal.NpgsqlConnector.ConnectAsync(NpgsqlTimeout timeout, CancellationToken cancellationToken)
         at Npgsql.Internal.NpgsqlConnector.RawOpen(SslMode sslMode, NpgsqlTimeout timeout, Boolean async, CancellationToken cancellationToken, Boolean isFirstAttempt)
         at Npgsql.Internal.NpgsqlConnector.<Open>g__OpenCore|213_1(NpgsqlConnector conn, SslMode sslMode, NpgsqlTimeout timeout, Boolean async, CancellationToken cancellationToken, Boolean isFirstAttempt)
         at Npgsql.Internal.NpgsqlConnector.Open(NpgsqlTimeout timeout, Boolean async, CancellationToken cancellationToken)
         at Npgsql.PoolingDataSource.OpenNewConnector(NpgsqlConnection conn, NpgsqlTimeout timeout, Boolean async, CancellationToken cancellationToken)
         at Npgsql.PoolingDataSource.<Get>g__RentAsync|33_0(NpgsqlConnection conn, NpgsqlTimeout timeout, Boolean async, CancellationToken cancellationToken)
         at Npgsql.NpgsqlConnection.<Open>g__OpenAsync|42_0(Boolean async, CancellationToken cancellationToken)
         at Microsoft.EntityFrameworkCore.Storage.RelationalConnection.OpenInternalAsync(Boolean errorsExpected, CancellationToken cancellationToken)
         at Microsoft.EntityFrameworkCore.Storage.RelationalConnection.OpenInternalAsync(Boolean errorsExpected, CancellationToken cancellationToken)
         at Microsoft.EntityFrameworkCore.Storage.RelationalConnection.OpenAsync(CancellationToken cancellationToken, Boolean errorsExpected)
         at Microsoft.EntityFrameworkCore.Storage.RelationalCommand.ExecuteReaderAsync(RelationalCommandParameterObject parameterObject, CancellationToken cancellationToken)
         at Microsoft.EntityFrameworkCore.Query.Internal.SingleQueryingEnumerable`1.AsyncEnumerator.InitializeReaderAsync(AsyncEnumerator enumerator, CancellationToken cancellationToken)
         at Npgsql.EntityFrameworkCore.PostgreSQL.Storage.Internal.NpgsqlExecutionStrategy.ExecuteAsync[TState,TResult](TState state, Func`4 operation, Func`4 verifySucceeded, CancellationToken cancellationToken)
         --- End of inner exception stack trace ---
         at Npgsql.EntityFrameworkCore.PostgreSQL.Storage.Internal.NpgsqlExecutionStrategy.ExecuteAsync[TState,TResult](TState state, Func`4 operation, Func`4 verifySucceeded, CancellationToken cancellationToken)
         at Microsoft.EntityFrameworkCore.Query.Internal.SingleQueryingEnumerable`1.AsyncEnumerator.MoveNextAsync()
info: Microsoft.AspNetCore.Mvc.Infrastructure.ControllerActionInvoker[105]
      Executed action GpssStudio.WebApi.Controllers.TebManagementController.GetClass (GpssStudio.WebApi) in 2079.7195ms
info: Microsoft.AspNetCore.Routing.EndpointMiddleware[1]
      Executed endpoint 'GpssStudio.WebApi.Controllers.TebManagementController.GetClass (GpssStudio.WebApi)'
fail: Microsoft.AspNetCore.Diagnostics.DeveloperExceptionPageMiddleware[1]
      An unhandled exception has occurred while executing the request.
      System.InvalidOperationException: An exception has been raised that is likely due to a transient failure.
       ---> Npgsql.NpgsqlException (0x80004005): Failed to connect to 127.0.0.1:5432
       ---> System.Net.Sockets.SocketException (10061): Подключение не установлено, т.к. конечный компьютер отверг запрос на подключение.
         at System.Net.Sockets.Socket.AwaitableSocketAsyncEventArgs.ThrowException(SocketError error, CancellationToken cancellationToken)
         at System.Net.Sockets.Socket.AwaitableSocketAsyncEventArgs.System.Threading.Tasks.Sources.IValueTaskSource.GetResult(Int16 token)
         at System.Net.Sockets.Socket.<ConnectAsync>g__WaitForConnectWithCancellation|285_0(AwaitableSocketAsyncEventArgs saea, ValueTask connectTask, CancellationToken cancellationToken)
         at Npgsql.TaskTimeoutAndCancellation.ExecuteAsync(Func`2 getTaskFunc, NpgsqlTimeout timeout, CancellationToken cancellationToken)
         at Npgsql.Internal.NpgsqlConnector.ConnectAsync(NpgsqlTimeout timeout, CancellationToken cancellationToken)
         at Npgsql.Internal.NpgsqlConnector.ConnectAsync(NpgsqlTimeout timeout, CancellationToken cancellationToken)
         at Npgsql.Internal.NpgsqlConnector.RawOpen(SslMode sslMode, NpgsqlTimeout timeout, Boolean async, CancellationToken cancellationToken, Boolean isFirstAttempt)
         at Npgsql.Internal.NpgsqlConnector.<Open>g__OpenCore|213_1(NpgsqlConnector conn, SslMode sslMode, NpgsqlTimeout timeout, Boolean async, CancellationToken cancellationToken, Boolean isFirstAttempt)
         at Npgsql.Internal.NpgsqlConnector.Open(NpgsqlTimeout timeout, Boolean async, CancellationToken cancellationToken)
         at Npgsql.PoolingDataSource.OpenNewConnector(NpgsqlConnection conn, NpgsqlTimeout timeout, Boolean async, CancellationToken cancellationToken)
         at Npgsql.PoolingDataSource.<Get>g__RentAsync|33_0(NpgsqlConnection conn, NpgsqlTimeout timeout, Boolean async, CancellationToken cancellationToken)
         at Npgsql.NpgsqlConnection.<Open>g__OpenAsync|42_0(Boolean async, CancellationToken cancellationToken)
         at Microsoft.EntityFrameworkCore.Storage.RelationalConnection.OpenInternalAsync(Boolean errorsExpected, CancellationToken cancellationToken)
         at Microsoft.EntityFrameworkCore.Storage.RelationalConnection.OpenInternalAsync(Boolean errorsExpected, CancellationToken cancellationToken)
         at Microsoft.EntityFrameworkCore.Storage.RelationalConnection.OpenAsync(CancellationToken cancellationToken, Boolean errorsExpected)
         at Microsoft.EntityFrameworkCore.Storage.RelationalCommand.ExecuteReaderAsync(RelationalCommandParameterObject parameterObject, CancellationToken cancellationToken)
         at Microsoft.EntityFrameworkCore.Query.Internal.SingleQueryingEnumerable`1.AsyncEnumerator.InitializeReaderAsync(AsyncEnumerator enumerator, CancellationToken cancellationToken)
         at Npgsql.EntityFrameworkCore.PostgreSQL.Storage.Internal.NpgsqlExecutionStrategy.ExecuteAsync[TState,TResult](TState state, Func`4 operation, Func`4 verifySucceeded, CancellationToken cancellationToken)
         --- End of inner exception stack trace ---
         at Npgsql.EntityFrameworkCore.PostgreSQL.Storage.Internal.NpgsqlExecutionStrategy.ExecuteAsync[TState,TResult](TState state, Func`4 operation, Func`4 verifySucceeded, CancellationToken cancellationToken)
         at Microsoft.EntityFrameworkCore.Query.Internal.SingleQueryingEnumerable`1.AsyncEnumerator.MoveNextAsync()
         at Microsoft.EntityFrameworkCore.Query.ShapedQueryCompilingExpressionVisitor.SingleOrDefaultAsync[TSource](IAsyncEnumerable`1 asyncEnumerable, CancellationToken cancellationToken)
         at Microsoft.EntityFrameworkCore.Query.ShapedQueryCompilingExpressionVisitor.SingleOrDefaultAsync[TSource](IAsyncEnumerable`1 asyncEnumerable, CancellationToken cancellationToken)
         at GpssStudio.WebApi.Infrastructure.Persistence.Repositories.TebRepository.BuildAggregateAsync(String libraryId, Guid classId, CancellationToken cancellationToken) in C:\Users\timur\OneDrive\Документы\GitHub\gpss\backend\GpssStudio.WebApi\Infrastructure\Persistence\Repositories\TebRepository.cs:line 345
         at GpssStudio.WebApi.Infrastructure.Persistence.Repositories.TebRepository.GetClassAsync(String libraryId, Guid classId, CancellationToken cancellationToken) in C:\Users\timur\OneDrive\Документы\GitHub\gpss\backend\GpssStudio.WebApi\Infrastructure\Persistence\Repositories\TebRepository.cs:line 28
         at GpssStudio.WebApi.Application.Tebs.Services.TebService.GetClassAsync(String libraryId, Guid classId, CancellationToken cancellationToken) in C:\Users\timur\OneDrive\Документы\GitHub\gpss\backend\GpssStudio.WebApi\Application\Tebs\Services\TebService.cs:line 22
         at GpssStudio.WebApi.Controllers.TebManagementController.GetClass(String libraryId, Guid classId, CancellationToken cancellationToken) in C:\Users\timur\OneDrive\Документы\GitHub\gpss\backend\GpssStudio.WebApi\Controllers\TebManagementController.cs:line 27
         at Microsoft.AspNetCore.Mvc.Infrastructure.ActionMethodExecutor.TaskOfIActionResultExecutor.Execute(ActionContext actionContext, IActionResultTypeMapper mapper, ObjectMethodExecutor executor, Object controller, Object[] arguments)
         at Microsoft.AspNetCore.Mvc.Infrastructure.ControllerActionInvoker.<InvokeActionMethodAsync>g__Awaited|12_0(ControllerActionInvoker invoker, ValueTask`1 actionResultValueTask)
         at Microsoft.AspNetCore.Mvc.Infrastructure.ControllerActionInvoker.<InvokeNextActionFilterAsync>g__Awaited|10_0(ControllerActionInvoker invoker, Task lastTask, State next, Scope scope, Object state, Boolean isCompleted)
         at Microsoft.AspNetCore.Mvc.Infrastructure.ControllerActionInvoker.Rethrow(ActionExecutedContextSealed context)
         at Microsoft.AspNetCore.Mvc.Infrastructure.ControllerActionInvoker.Next(State& next, Scope& scope, Object& state, Boolean& isCompleted)
         at Microsoft.AspNetCore.Mvc.Infrastructure.ControllerActionInvoker.<InvokeInnerFilterAsync>g__Awaited|13_0(ControllerActionInvoker invoker, Task lastTask, State next, Scope scope, Object state, Boolean isCompleted)
         at Microsoft.AspNetCore.Mvc.Infrastructure.ResourceInvoker.<InvokeFilterPipelineAsync>g__Awaited|20_0(ResourceInvoker invoker, Task lastTask, State next, Scope scope, Object state, Boolean isCompleted)
         at Microsoft.AspNetCore.Mvc.Infrastructure.ResourceInvoker.<InvokeAsync>g__Logged|17_1(ResourceInvoker invoker)
         at Microsoft.AspNetCore.Mvc.Infrastructure.ResourceInvoker.<InvokeAsync>g__Logged|17_1(ResourceInvoker invoker)
         at Microsoft.AspNetCore.Routing.EndpointMiddleware.<Invoke>g__AwaitRequestTask|7_0(Endpoint endpoint, Task requestTask, ILogger logger)
         at Microsoft.AspNetCore.Authorization.AuthorizationMiddleware.Invoke(HttpContext context)
         at Swashbuckle.AspNetCore.SwaggerUI.SwaggerUIMiddleware.Invoke(HttpContext httpContext)
         at Swashbuckle.AspNetCore.Swagger.SwaggerMiddleware.Invoke(HttpContext httpContext, ISwaggerProvider swaggerProvider)
         at Microsoft.AspNetCore.Authentication.AuthenticationMiddleware.Invoke(HttpContext context)
         at Microsoft.AspNetCore.Diagnostics.DeveloperExceptionPageMiddlewareImpl.Invoke(HttpContext context)
dbug: Microsoft.EntityFrameworkCore.Infrastructure[10407]
      'GpssStudioDbContext' disposed.
dbug: Microsoft.EntityFrameworkCore.Database.Connection[20007]
      Disposing connection to database 'gpss' on server 'tcp://localhost:5432'.
dbug: Microsoft.EntityFrameworkCore.Database.Connection[20008]
      Disposed connection to database 'gpss' on server 'tcp://localhost:5432' (0ms).
info: Microsoft.AspNetCore.Hosting.Diagnostics[2]
      Request finished HTTP/1.1 GET http://127.0.0.1:3001/api/alina-gpss/studio/tebs/libraries/0/classes/3ef71b95-07f7-41c6-b532-03d83d8a3973 - 500 - text/plain;+charset=utf-8 2086.9233ms
info: Microsoft.AspNetCore.Hosting.Diagnostics[1]
      Request starting HTTP/1.1 GET http://127.0.0.1:3001/api/alina-gpss/studio/tebs/libraries/0/classes/3ef71b95-07f7-41c6-b532-03d83d8a3973 - - -
info: Microsoft.AspNetCore.Routing.EndpointMiddleware[0]
      Executing endpoint 'GpssStudio.WebApi.Controllers.TebManagementController.GetClass (GpssStudio.WebApi)'
info: Microsoft.AspNetCore.Mvc.Infrastructure.ControllerActionInvoker[102]
      Route matched with {action = "GetClass", controller = "TebManagement"}. Executing controller action with signature System.Threading.Tasks.Task`1[Microsoft.AspNetCore.Mvc.IActionResult] GetClass(System.String, System.Guid, System.Threading.CancellationToken) on controller GpssStudio.WebApi.Controllers.TebManagementController (GpssStudio.WebApi).
dbug: Microsoft.EntityFrameworkCore.Infrastructure[10403]
      Entity Framework Core 8.0.8 initialized 'GpssStudioDbContext' using provider 'Npgsql.EntityFrameworkCore.PostgreSQL:8.0.8+55dd99eca42e9c6d6085961c60a0704373919a54' with options: None
dbug: Microsoft.EntityFrameworkCore.Database.Connection[20005]
      Creating DbConnection.
dbug: Microsoft.EntityFrameworkCore.Database.Connection[20006]
      Created DbConnection. (0ms).
dbug: Microsoft.EntityFrameworkCore.Database.Connection[20000]
      Opening connection to database 'gpss' on server 'tcp://localhost:5432'.
info: Microsoft.AspNetCore.Hosting.Diagnostics[1]
      Request starting HTTP/1.1 GET http://127.0.0.1:3001/api/alina-gpss/studio/tebs/libraries/0/classes/3ef71b95-07f7-41c6-b532-03d83d8a3973 - - -
info: Microsoft.AspNetCore.Routing.EndpointMiddleware[0]
      Executing endpoint 'GpssStudio.WebApi.Controllers.TebManagementController.GetClass (GpssStudio.WebApi)'
info: Microsoft.AspNetCore.Mvc.Infrastructure.ControllerActionInvoker[102]
      Route matched with {action = "GetClass", controller = "TebManagement"}. Executing controller action with signature System.Threading.Tasks.Task`1[Microsoft.AspNetCore.Mvc.IActionResult] GetClass(System.String, System.Guid, System.Threading.CancellationToken) on controller GpssStudio.WebApi.Controllers.TebManagementController (GpssStudio.WebApi).
dbug: Microsoft.EntityFrameworkCore.Infrastructure[10403]
      Entity Framework Core 8.0.8 initialized 'GpssStudioDbContext' using provider 'Npgsql.EntityFrameworkCore.PostgreSQL:8.0.8+55dd99eca42e9c6d6085961c60a0704373919a54' with options: None
dbug: Microsoft.EntityFrameworkCore.Database.Connection[20005]
      Creating DbConnection.
dbug: Microsoft.EntityFrameworkCore.Database.Connection[20006]
      Created DbConnection. (0ms).
dbug: Microsoft.EntityFrameworkCore.Database.Connection[20000]
      Opening connection to database 'gpss' on server 'tcp://localhost:5432'.
fail: Microsoft.EntityFrameworkCore.Database.Connection[20004]
      An error occurred using the connection to database 'gpss' on server 'tcp://localhost:5432'.
fail: Microsoft.EntityFrameworkCore.Query[10100]
      An exception occurred while iterating over the results of a query for context type 'GpssStudio.WebApi.Infrastructure.Persistence.GpssStudioDbContext'.
      System.InvalidOperationException: An exception has been raised that is likely due to a transient failure.
       ---> Npgsql.NpgsqlException (0x80004005): Failed to connect to 127.0.0.1:5432
       ---> System.Net.Sockets.SocketException (10061): Подключение не установлено, т.к. конечный компьютер отверг запрос на подключение.
         at System.Net.Sockets.Socket.AwaitableSocketAsyncEventArgs.ThrowException(SocketError error, CancellationToken cancellationToken)
         at System.Net.Sockets.Socket.AwaitableSocketAsyncEventArgs.System.Threading.Tasks.Sources.IValueTaskSource.GetResult(Int16 token)
         at System.Net.Sockets.Socket.<ConnectAsync>g__WaitForConnectWithCancellation|285_0(AwaitableSocketAsyncEventArgs saea, ValueTask connectTask, CancellationToken cancellationToken)
         at Npgsql.TaskTimeoutAndCancellation.ExecuteAsync(Func`2 getTaskFunc, NpgsqlTimeout timeout, CancellationToken cancellationToken)
         at Npgsql.Internal.NpgsqlConnector.ConnectAsync(NpgsqlTimeout timeout, CancellationToken cancellationToken)
         at Npgsql.Internal.NpgsqlConnector.ConnectAsync(NpgsqlTimeout timeout, CancellationToken cancellationToken)
         at Npgsql.Internal.NpgsqlConnector.RawOpen(SslMode sslMode, NpgsqlTimeout timeout, Boolean async, CancellationToken cancellationToken, Boolean isFirstAttempt)
         at Npgsql.Internal.NpgsqlConnector.<Open>g__OpenCore|213_1(NpgsqlConnector conn, SslMode sslMode, NpgsqlTimeout timeout, Boolean async, CancellationToken cancellationToken, Boolean isFirstAttempt)
         at Npgsql.Internal.NpgsqlConnector.Open(NpgsqlTimeout timeout, Boolean async, CancellationToken cancellationToken)
         at Npgsql.PoolingDataSource.OpenNewConnector(NpgsqlConnection conn, NpgsqlTimeout timeout, Boolean async, CancellationToken cancellationToken)
         at Npgsql.PoolingDataSource.<Get>g__RentAsync|33_0(NpgsqlConnection conn, NpgsqlTimeout timeout, Boolean async, CancellationToken cancellationToken)
         at Npgsql.NpgsqlConnection.<Open>g__OpenAsync|42_0(Boolean async, CancellationToken cancellationToken)
         at Microsoft.EntityFrameworkCore.Storage.RelationalConnection.OpenInternalAsync(Boolean errorsExpected, CancellationToken cancellationToken)
         at Microsoft.EntityFrameworkCore.Storage.RelationalConnection.OpenInternalAsync(Boolean errorsExpected, CancellationToken cancellationToken)
         at Microsoft.EntityFrameworkCore.Storage.RelationalConnection.OpenAsync(CancellationToken cancellationToken, Boolean errorsExpected)
         at Microsoft.EntityFrameworkCore.Storage.RelationalCommand.ExecuteReaderAsync(RelationalCommandParameterObject parameterObject, CancellationToken cancellationToken)
         at Microsoft.EntityFrameworkCore.Query.Internal.SingleQueryingEnumerable`1.AsyncEnumerator.InitializeReaderAsync(AsyncEnumerator enumerator, CancellationToken cancellationToken)
         at Npgsql.EntityFrameworkCore.PostgreSQL.Storage.Internal.NpgsqlExecutionStrategy.ExecuteAsync[TState,TResult](TState state, Func`4 operation, Func`4 verifySucceeded, CancellationToken cancellationToken)
         --- End of inner exception stack trace ---
         at Npgsql.EntityFrameworkCore.PostgreSQL.Storage.Internal.NpgsqlExecutionStrategy.ExecuteAsync[TState,TResult](TState state, Func`4 operation, Func`4 verifySucceeded, CancellationToken cancellationToken)
         at Microsoft.EntityFrameworkCore.Query.Internal.SingleQueryingEnumerable`1.AsyncEnumerator.MoveNextAsync()
      System.InvalidOperationException: An exception has been raised that is likely due to a transient failure.
       ---> Npgsql.NpgsqlException (0x80004005): Failed to connect to 127.0.0.1:5432
       ---> System.Net.Sockets.SocketException (10061): Подключение не установлено, т.к. конечный компьютер отверг запрос на подключение.
         at System.Net.Sockets.Socket.AwaitableSocketAsyncEventArgs.ThrowException(SocketError error, CancellationToken cancellationToken)
         at System.Net.Sockets.Socket.AwaitableSocketAsyncEventArgs.System.Threading.Tasks.Sources.IValueTaskSource.GetResult(Int16 token)
         at System.Net.Sockets.Socket.<ConnectAsync>g__WaitForConnectWithCancellation|285_0(AwaitableSocketAsyncEventArgs saea, ValueTask connectTask, CancellationToken cancellationToken)
         at Npgsql.TaskTimeoutAndCancellation.ExecuteAsync(Func`2 getTaskFunc, NpgsqlTimeout timeout, CancellationToken cancellationToken)
         at Npgsql.Internal.NpgsqlConnector.ConnectAsync(NpgsqlTimeout timeout, CancellationToken cancellationToken)
         at Npgsql.Internal.NpgsqlConnector.ConnectAsync(NpgsqlTimeout timeout, CancellationToken cancellationToken)
         at Npgsql.Internal.NpgsqlConnector.RawOpen(SslMode sslMode, NpgsqlTimeout timeout, Boolean async, CancellationToken cancellationToken, Boolean isFirstAttempt)
         at Npgsql.Internal.NpgsqlConnector.<Open>g__OpenCore|213_1(NpgsqlConnector conn, SslMode sslMode, NpgsqlTimeout timeout, Boolean async, CancellationToken cancellationToken, Boolean isFirstAttempt)
         at Npgsql.Internal.NpgsqlConnector.Open(NpgsqlTimeout timeout, Boolean async, CancellationToken cancellationToken)
         at Npgsql.PoolingDataSource.OpenNewConnector(NpgsqlConnection conn, NpgsqlTimeout timeout, Boolean async, CancellationToken cancellationToken)
         at Npgsql.PoolingDataSource.<Get>g__RentAsync|33_0(NpgsqlConnection conn, NpgsqlTimeout timeout, Boolean async, CancellationToken cancellationToken)
         at Npgsql.NpgsqlConnection.<Open>g__OpenAsync|42_0(Boolean async, CancellationToken cancellationToken)
         at Microsoft.EntityFrameworkCore.Storage.RelationalConnection.OpenInternalAsync(Boolean errorsExpected, CancellationToken cancellationToken)
         at Microsoft.EntityFrameworkCore.Storage.RelationalConnection.OpenInternalAsync(Boolean errorsExpected, CancellationToken cancellationToken)
         at Microsoft.EntityFrameworkCore.Storage.RelationalConnection.OpenAsync(CancellationToken cancellationToken, Boolean errorsExpected)
         at Microsoft.EntityFrameworkCore.Storage.RelationalCommand.ExecuteReaderAsync(RelationalCommandParameterObject parameterObject, CancellationToken cancellationToken)
         at Microsoft.EntityFrameworkCore.Query.Internal.SingleQueryingEnumerable`1.AsyncEnumerator.InitializeReaderAsync(AsyncEnumerator enumerator, CancellationToken cancellationToken)
         at Npgsql.EntityFrameworkCore.PostgreSQL.Storage.Internal.NpgsqlExecutionStrategy.ExecuteAsync[TState,TResult](TState state, Func`4 operation, Func`4 verifySucceeded, CancellationToken cancellationToken)
         --- End of inner exception stack trace ---
         at Npgsql.EntityFrameworkCore.PostgreSQL.Storage.Internal.NpgsqlExecutionStrategy.ExecuteAsync[TState,TResult](TState state, Func`4 operation, Func`4 verifySucceeded, CancellationToken cancellationToken)
         at Microsoft.EntityFrameworkCore.Query.Internal.SingleQueryingEnumerable`1.AsyncEnumerator.MoveNextAsync()
info: Microsoft.AspNetCore.Mvc.Infrastructure.ControllerActionInvoker[105]
      Executed action GpssStudio.WebApi.Controllers.TebManagementController.GetClass (GpssStudio.WebApi) in 2023.4108ms
info: Microsoft.AspNetCore.Routing.EndpointMiddleware[1]
      Executed endpoint 'GpssStudio.WebApi.Controllers.TebManagementController.GetClass (GpssStudio.WebApi)'
fail: Microsoft.AspNetCore.Diagnostics.DeveloperExceptionPageMiddleware[1]
      An unhandled exception has occurred while executing the request.
      System.InvalidOperationException: An exception has been raised that is likely due to a transient failure.
       ---> Npgsql.NpgsqlException (0x80004005): Failed to connect to 127.0.0.1:5432
       ---> System.Net.Sockets.SocketException (10061): Подключение не установлено, т.к. конечный компьютер отверг запрос на подключение.
         at System.Net.Sockets.Socket.AwaitableSocketAsyncEventArgs.ThrowException(SocketError error, CancellationToken cancellationToken)
         at System.Net.Sockets.Socket.AwaitableSocketAsyncEventArgs.System.Threading.Tasks.Sources.IValueTaskSource.GetResult(Int16 token)
         at System.Net.Sockets.Socket.<ConnectAsync>g__WaitForConnectWithCancellation|285_0(AwaitableSocketAsyncEventArgs saea, ValueTask connectTask, CancellationToken cancellationToken)
         at Npgsql.TaskTimeoutAndCancellation.ExecuteAsync(Func`2 getTaskFunc, NpgsqlTimeout timeout, CancellationToken cancellationToken)
         at Npgsql.Internal.NpgsqlConnector.ConnectAsync(NpgsqlTimeout timeout, CancellationToken cancellationToken)
         at Npgsql.Internal.NpgsqlConnector.ConnectAsync(NpgsqlTimeout timeout, CancellationToken cancellationToken)
         at Npgsql.Internal.NpgsqlConnector.RawOpen(SslMode sslMode, NpgsqlTimeout timeout, Boolean async, CancellationToken cancellationToken, Boolean isFirstAttempt)
         at Npgsql.Internal.NpgsqlConnector.<Open>g__OpenCore|213_1(NpgsqlConnector conn, SslMode sslMode, NpgsqlTimeout timeout, Boolean async, CancellationToken cancellationToken, Boolean isFirstAttempt)
         at Npgsql.Internal.NpgsqlConnector.Open(NpgsqlTimeout timeout, Boolean async, CancellationToken cancellationToken)
         at Npgsql.PoolingDataSource.OpenNewConnector(NpgsqlConnection conn, NpgsqlTimeout timeout, Boolean async, CancellationToken cancellationToken)
         at Npgsql.PoolingDataSource.<Get>g__RentAsync|33_0(NpgsqlConnection conn, NpgsqlTimeout timeout, Boolean async, CancellationToken cancellationToken)
         at Npgsql.NpgsqlConnection.<Open>g__OpenAsync|42_0(Boolean async, CancellationToken cancellationToken)
         at Microsoft.EntityFrameworkCore.Storage.RelationalConnection.OpenInternalAsync(Boolean errorsExpected, CancellationToken cancellationToken)
         at Microsoft.EntityFrameworkCore.Storage.RelationalConnection.OpenInternalAsync(Boolean errorsExpected, CancellationToken cancellationToken)
         at Microsoft.EntityFrameworkCore.Storage.RelationalConnection.OpenAsync(CancellationToken cancellationToken, Boolean errorsExpected)
         at Microsoft.EntityFrameworkCore.Storage.RelationalCommand.ExecuteReaderAsync(RelationalCommandParameterObject parameterObject, CancellationToken cancellationToken)
         at Microsoft.EntityFrameworkCore.Query.Internal.SingleQueryingEnumerable`1.AsyncEnumerator.InitializeReaderAsync(AsyncEnumerator enumerator, CancellationToken cancellationToken)
         at Npgsql.EntityFrameworkCore.PostgreSQL.Storage.Internal.NpgsqlExecutionStrategy.ExecuteAsync[TState,TResult](TState state, Func`4 operation, Func`4 verifySucceeded, CancellationToken cancellationToken)
         --- End of inner exception stack trace ---
         at Npgsql.EntityFrameworkCore.PostgreSQL.Storage.Internal.NpgsqlExecutionStrategy.ExecuteAsync[TState,TResult](TState state, Func`4 operation, Func`4 verifySucceeded, CancellationToken cancellationToken)
         at Microsoft.EntityFrameworkCore.Query.Internal.SingleQueryingEnumerable`1.AsyncEnumerator.MoveNextAsync()
         at Microsoft.EntityFrameworkCore.Query.ShapedQueryCompilingExpressionVisitor.SingleOrDefaultAsync[TSource](IAsyncEnumerable`1 asyncEnumerable, CancellationToken cancellationToken)
         at Microsoft.EntityFrameworkCore.Query.ShapedQueryCompilingExpressionVisitor.SingleOrDefaultAsync[TSource](IAsyncEnumerable`1 asyncEnumerable, CancellationToken cancellationToken)
         at GpssStudio.WebApi.Infrastructure.Persistence.Repositories.TebRepository.BuildAggregateAsync(String libraryId, Guid classId, CancellationToken cancellationToken) in C:\Users\timur\OneDrive\Документы\GitHub\gpss\backend\GpssStudio.WebApi\Infrastructure\Persistence\Repositories\TebRepository.cs:line 345
         at GpssStudio.WebApi.Infrastructure.Persistence.Repositories.TebRepository.GetClassAsync(String libraryId, Guid classId, CancellationToken cancellationToken) in C:\Users\timur\OneDrive\Документы\GitHub\gpss\backend\GpssStudio.WebApi\Infrastructure\Persistence\Repositories\TebRepository.cs:line 28
         at GpssStudio.WebApi.Application.Tebs.Services.TebService.GetClassAsync(String libraryId, Guid classId, CancellationToken cancellationToken) in C:\Users\timur\OneDrive\Документы\GitHub\gpss\backend\GpssStudio.WebApi\Application\Tebs\Services\TebService.cs:line 22
         at GpssStudio.WebApi.Controllers.TebManagementController.GetClass(String libraryId, Guid classId, CancellationToken cancellationToken) in C:\Users\timur\OneDrive\Документы\GitHub\gpss\backend\GpssStudio.WebApi\Controllers\TebManagementController.cs:line 27
         at Microsoft.AspNetCore.Mvc.Infrastructure.ActionMethodExecutor.TaskOfIActionResultExecutor.Execute(ActionContext actionContext, IActionResultTypeMapper mapper, ObjectMethodExecutor executor, Object controller, Object[] arguments)
         at Microsoft.AspNetCore.Mvc.Infrastructure.ControllerActionInvoker.<InvokeActionMethodAsync>g__Awaited|12_0(ControllerActionInvoker invoker, ValueTask`1 actionResultValueTask)
         at Microsoft.AspNetCore.Mvc.Infrastructure.ControllerActionInvoker.<InvokeNextActionFilterAsync>g__Awaited|10_0(ControllerActionInvoker invoker, Task lastTask, State next, Scope scope, Object state, Boolean isCompleted)
         at Microsoft.AspNetCore.Mvc.Infrastructure.ControllerActionInvoker.Rethrow(ActionExecutedContextSealed context)
         at Microsoft.AspNetCore.Mvc.Infrastructure.ControllerActionInvoker.Next(State& next, Scope& scope, Object& state, Boolean& isCompleted)
         at Microsoft.AspNetCore.Mvc.Infrastructure.ControllerActionInvoker.<InvokeInnerFilterAsync>g__Awaited|13_0(ControllerActionInvoker invoker, Task lastTask, State next, Scope scope, Object state, Boolean isCompleted)
         at Microsoft.AspNetCore.Mvc.Infrastructure.ResourceInvoker.<InvokeFilterPipelineAsync>g__Awaited|20_0(ResourceInvoker invoker, Task lastTask, State next, Scope scope, Object state, Boolean isCompleted)
         at Microsoft.AspNetCore.Mvc.Infrastructure.ResourceInvoker.<InvokeAsync>g__Logged|17_1(ResourceInvoker invoker)
         at Microsoft.AspNetCore.Mvc.Infrastructure.ResourceInvoker.<InvokeAsync>g__Logged|17_1(ResourceInvoker invoker)
         at Microsoft.AspNetCore.Routing.EndpointMiddleware.<Invoke>g__AwaitRequestTask|7_0(Endpoint endpoint, Task requestTask, ILogger logger)
         at Microsoft.AspNetCore.Authorization.AuthorizationMiddleware.Invoke(HttpContext context)
         at Swashbuckle.AspNetCore.SwaggerUI.SwaggerUIMiddleware.Invoke(HttpContext httpContext)
         at Swashbuckle.AspNetCore.Swagger.SwaggerMiddleware.Invoke(HttpContext httpContext, ISwaggerProvider swaggerProvider)
         at Microsoft.AspNetCore.Authentication.AuthenticationMiddleware.Invoke(HttpContext context)
         at Microsoft.AspNetCore.Diagnostics.DeveloperExceptionPageMiddlewareImpl.Invoke(HttpContext context)
dbug: Microsoft.EntityFrameworkCore.Infrastructure[10407]
      'GpssStudioDbContext' disposed.
dbug: Microsoft.EntityFrameworkCore.Database.Connection[20007]
      Disposing connection to database 'gpss' on server 'tcp://localhost:5432'.
dbug: Microsoft.EntityFrameworkCore.Database.Connection[20008]
      Disposed connection to database 'gpss' on server 'tcp://localhost:5432' (0ms).
info: Microsoft.AspNetCore.Hosting.Diagnostics[2]
      Request finished HTTP/1.1 GET http://127.0.0.1:3001/api/alina-gpss/studio/tebs/libraries/0/classes/3ef71b95-07f7-41c6-b532-03d83d8a3973 - 500 - text/plain;+charset=utf-8 2032.4959ms
fail: Microsoft.EntityFrameworkCore.Database.Connection[20004]
      An error occurred using the connection to database 'gpss' on server 'tcp://localhost:5432'.
fail: Microsoft.EntityFrameworkCore.Query[10100]
      An exception occurred while iterating over the results of a query for context type 'GpssStudio.WebApi.Infrastructure.Persistence.GpssStudioDbContext'.
      System.InvalidOperationException: An exception has been raised that is likely due to a transient failure.
       ---> Npgsql.NpgsqlException (0x80004005): Failed to connect to 127.0.0.1:5432
       ---> System.Net.Sockets.SocketException (10061): Подключение не установлено, т.к. конечный компьютер отверг запрос на подключение.
         at System.Net.Sockets.Socket.AwaitableSocketAsyncEventArgs.ThrowException(SocketError error, CancellationToken cancellationToken)
         at System.Net.Sockets.Socket.AwaitableSocketAsyncEventArgs.System.Threading.Tasks.Sources.IValueTaskSource.GetResult(Int16 token)
         at System.Net.Sockets.Socket.<ConnectAsync>g__WaitForConnectWithCancellation|285_0(AwaitableSocketAsyncEventArgs saea, ValueTask connectTask, CancellationToken cancellationToken)
         at Npgsql.TaskTimeoutAndCancellation.ExecuteAsync(Func`2 getTaskFunc, NpgsqlTimeout timeout, CancellationToken cancellationToken)
         at Npgsql.Internal.NpgsqlConnector.ConnectAsync(NpgsqlTimeout timeout, CancellationToken cancellationToken)
         at Npgsql.Internal.NpgsqlConnector.ConnectAsync(NpgsqlTimeout timeout, CancellationToken cancellationToken)
         at Npgsql.Internal.NpgsqlConnector.RawOpen(SslMode sslMode, NpgsqlTimeout timeout, Boolean async, CancellationToken cancellationToken, Boolean isFirstAttempt)
         at Npgsql.Internal.NpgsqlConnector.<Open>g__OpenCore|213_1(NpgsqlConnector conn, SslMode sslMode, NpgsqlTimeout timeout, Boolean async, CancellationToken cancellationToken, Boolean isFirstAttempt)
         at Npgsql.Internal.NpgsqlConnector.Open(NpgsqlTimeout timeout, Boolean async, CancellationToken cancellationToken)
         at Npgsql.PoolingDataSource.OpenNewConnector(NpgsqlConnection conn, NpgsqlTimeout timeout, Boolean async, CancellationToken cancellationToken)
         at Npgsql.PoolingDataSource.<Get>g__RentAsync|33_0(NpgsqlConnection conn, NpgsqlTimeout timeout, Boolean async, CancellationToken cancellationToken)
         at Npgsql.NpgsqlConnection.<Open>g__OpenAsync|42_0(Boolean async, CancellationToken cancellationToken)
         at Microsoft.EntityFrameworkCore.Storage.RelationalConnection.OpenInternalAsync(Boolean errorsExpected, CancellationToken cancellationToken)
         at Microsoft.EntityFrameworkCore.Storage.RelationalConnection.OpenInternalAsync(Boolean errorsExpected, CancellationToken cancellationToken)
         at Microsoft.EntityFrameworkCore.Storage.RelationalConnection.OpenAsync(CancellationToken cancellationToken, Boolean errorsExpected)
         at Microsoft.EntityFrameworkCore.Storage.RelationalCommand.ExecuteReaderAsync(RelationalCommandParameterObject parameterObject, CancellationToken cancellationToken)
         at Microsoft.EntityFrameworkCore.Query.Internal.SingleQueryingEnumerable`1.AsyncEnumerator.InitializeReaderAsync(AsyncEnumerator enumerator, CancellationToken cancellationToken)
         at Npgsql.EntityFrameworkCore.PostgreSQL.Storage.Internal.NpgsqlExecutionStrategy.ExecuteAsync[TState,TResult](TState state, Func`4 operation, Func`4 verifySucceeded, CancellationToken cancellationToken)
         --- End of inner exception stack trace ---
         at Npgsql.EntityFrameworkCore.PostgreSQL.Storage.Internal.NpgsqlExecutionStrategy.ExecuteAsync[TState,TResult](TState state, Func`4 operation, Func`4 verifySucceeded, CancellationToken cancellationToken)
         at Microsoft.EntityFrameworkCore.Query.Internal.SingleQueryingEnumerable`1.AsyncEnumerator.MoveNextAsync()
      System.InvalidOperationException: An exception has been raised that is likely due to a transient failure.
       ---> Npgsql.NpgsqlException (0x80004005): Failed to connect to 127.0.0.1:5432
       ---> System.Net.Sockets.SocketException (10061): Подключение не установлено, т.к. конечный компьютер отверг запрос на подключение.
         at System.Net.Sockets.Socket.AwaitableSocketAsyncEventArgs.ThrowException(SocketError error, CancellationToken cancellationToken)
         at System.Net.Sockets.Socket.AwaitableSocketAsyncEventArgs.System.Threading.Tasks.Sources.IValueTaskSource.GetResult(Int16 token)
         at System.Net.Sockets.Socket.<ConnectAsync>g__WaitForConnectWithCancellation|285_0(AwaitableSocketAsyncEventArgs saea, ValueTask connectTask, CancellationToken cancellationToken)
         at Npgsql.TaskTimeoutAndCancellation.ExecuteAsync(Func`2 getTaskFunc, NpgsqlTimeout timeout, CancellationToken cancellationToken)
         at Npgsql.Internal.NpgsqlConnector.ConnectAsync(NpgsqlTimeout timeout, CancellationToken cancellationToken)
         at Npgsql.Internal.NpgsqlConnector.ConnectAsync(NpgsqlTimeout timeout, CancellationToken cancellationToken)
         at Npgsql.Internal.NpgsqlConnector.RawOpen(SslMode sslMode, NpgsqlTimeout timeout, Boolean async, CancellationToken cancellationToken, Boolean isFirstAttempt)
         at Npgsql.Internal.NpgsqlConnector.<Open>g__OpenCore|213_1(NpgsqlConnector conn, SslMode sslMode, NpgsqlTimeout timeout, Boolean async, CancellationToken cancellationToken, Boolean isFirstAttempt)
         at Npgsql.Internal.NpgsqlConnector.Open(NpgsqlTimeout timeout, Boolean async, CancellationToken cancellationToken)
         at Npgsql.PoolingDataSource.OpenNewConnector(NpgsqlConnection conn, NpgsqlTimeout timeout, Boolean async, CancellationToken cancellationToken)
         at Npgsql.PoolingDataSource.<Get>g__RentAsync|33_0(NpgsqlConnection conn, NpgsqlTimeout timeout, Boolean async, CancellationToken cancellationToken)
         at Npgsql.NpgsqlConnection.<Open>g__OpenAsync|42_0(Boolean async, CancellationToken cancellationToken)
         at Microsoft.EntityFrameworkCore.Storage.RelationalConnection.OpenInternalAsync(Boolean errorsExpected, CancellationToken cancellationToken)
         at Microsoft.EntityFrameworkCore.Storage.RelationalConnection.OpenInternalAsync(Boolean errorsExpected, CancellationToken cancellationToken)
         at Microsoft.EntityFrameworkCore.Storage.RelationalConnection.OpenAsync(CancellationToken cancellationToken, Boolean errorsExpected)
         at Microsoft.EntityFrameworkCore.Storage.RelationalCommand.ExecuteReaderAsync(RelationalCommandParameterObject parameterObject, CancellationToken cancellationToken)
         at Microsoft.EntityFrameworkCore.Query.Internal.SingleQueryingEnumerable`1.AsyncEnumerator.InitializeReaderAsync(AsyncEnumerator enumerator, CancellationToken cancellationToken)
         at Npgsql.EntityFrameworkCore.PostgreSQL.Storage.Internal.NpgsqlExecutionStrategy.ExecuteAsync[TState,TResult](TState state, Func`4 operation, Func`4 verifySucceeded, CancellationToken cancellationToken)
         --- End of inner exception stack trace ---
         at Npgsql.EntityFrameworkCore.PostgreSQL.Storage.Internal.NpgsqlExecutionStrategy.ExecuteAsync[TState,TResult](TState state, Func`4 operation, Func`4 verifySucceeded, CancellationToken cancellationToken)
         at Microsoft.EntityFrameworkCore.Query.Internal.SingleQueryingEnumerable`1.AsyncEnumerator.MoveNextAsync()
info: Microsoft.AspNetCore.Mvc.Infrastructure.ControllerActionInvoker[105]
      Executed action GpssStudio.WebApi.Controllers.TebManagementController.GetClass (GpssStudio.WebApi) in 2028.3357ms
info: Microsoft.AspNetCore.Routing.EndpointMiddleware[1]
      Executed endpoint 'GpssStudio.WebApi.Controllers.TebManagementController.GetClass (GpssStudio.WebApi)'
fail: Microsoft.AspNetCore.Diagnostics.DeveloperExceptionPageMiddleware[1]
      An unhandled exception has occurred while executing the request.
      System.InvalidOperationException: An exception has been raised that is likely due to a transient failure.
       ---> Npgsql.NpgsqlException (0x80004005): Failed to connect to 127.0.0.1:5432
       ---> System.Net.Sockets.SocketException (10061): Подключение не установлено, т.к. конечный компьютер отверг запрос на подключение.
         at System.Net.Sockets.Socket.AwaitableSocketAsyncEventArgs.ThrowException(SocketError error, CancellationToken cancellationToken)
         at System.Net.Sockets.Socket.AwaitableSocketAsyncEventArgs.System.Threading.Tasks.Sources.IValueTaskSource.GetResult(Int16 token)
         at System.Net.Sockets.Socket.<ConnectAsync>g__WaitForConnectWithCancellation|285_0(AwaitableSocketAsyncEventArgs saea, ValueTask connectTask, CancellationToken cancellationToken)
         at Npgsql.TaskTimeoutAndCancellation.ExecuteAsync(Func`2 getTaskFunc, NpgsqlTimeout timeout, CancellationToken cancellationToken)
         at Npgsql.Internal.NpgsqlConnector.ConnectAsync(NpgsqlTimeout timeout, CancellationToken cancellationToken)
         at Npgsql.Internal.NpgsqlConnector.ConnectAsync(NpgsqlTimeout timeout, CancellationToken cancellationToken)
         at Npgsql.Internal.NpgsqlConnector.RawOpen(SslMode sslMode, NpgsqlTimeout timeout, Boolean async, CancellationToken cancellationToken, Boolean isFirstAttempt)
         at Npgsql.Internal.NpgsqlConnector.<Open>g__OpenCore|213_1(NpgsqlConnector conn, SslMode sslMode, NpgsqlTimeout timeout, Boolean async, CancellationToken cancellationToken, Boolean isFirstAttempt)
         at Npgsql.Internal.NpgsqlConnector.Open(NpgsqlTimeout timeout, Boolean async, CancellationToken cancellationToken)
         at Npgsql.PoolingDataSource.OpenNewConnector(NpgsqlConnection conn, NpgsqlTimeout timeout, Boolean async, CancellationToken cancellationToken)
         at Npgsql.PoolingDataSource.<Get>g__RentAsync|33_0(NpgsqlConnection conn, NpgsqlTimeout timeout, Boolean async, CancellationToken cancellationToken)
         at Npgsql.NpgsqlConnection.<Open>g__OpenAsync|42_0(Boolean async, CancellationToken cancellationToken)
         at Microsoft.EntityFrameworkCore.Storage.RelationalConnection.OpenInternalAsync(Boolean errorsExpected, CancellationToken cancellationToken)
         at Microsoft.EntityFrameworkCore.Storage.RelationalConnection.OpenInternalAsync(Boolean errorsExpected, CancellationToken cancellationToken)
         at Microsoft.EntityFrameworkCore.Storage.RelationalConnection.OpenAsync(CancellationToken cancellationToken, Boolean errorsExpected)
         at Microsoft.EntityFrameworkCore.Storage.RelationalCommand.ExecuteReaderAsync(RelationalCommandParameterObject parameterObject, CancellationToken cancellationToken)
         at Microsoft.EntityFrameworkCore.Query.Internal.SingleQueryingEnumerable`1.AsyncEnumerator.InitializeReaderAsync(AsyncEnumerator enumerator, CancellationToken cancellationToken)
         at Npgsql.EntityFrameworkCore.PostgreSQL.Storage.Internal.NpgsqlExecutionStrategy.ExecuteAsync[TState,TResult](TState state, Func`4 operation, Func`4 verifySucceeded, CancellationToken cancellationToken)
         --- End of inner exception stack trace ---
         at Npgsql.EntityFrameworkCore.PostgreSQL.Storage.Internal.NpgsqlExecutionStrategy.ExecuteAsync[TState,TResult](TState state, Func`4 operation, Func`4 verifySucceeded, CancellationToken cancellationToken)
         at Microsoft.EntityFrameworkCore.Query.Internal.SingleQueryingEnumerable`1.AsyncEnumerator.MoveNextAsync()
         at Microsoft.EntityFrameworkCore.Query.ShapedQueryCompilingExpressionVisitor.SingleOrDefaultAsync[TSource](IAsyncEnumerable`1 asyncEnumerable, CancellationToken cancellationToken)
         at Microsoft.EntityFrameworkCore.Query.ShapedQueryCompilingExpressionVisitor.SingleOrDefaultAsync[TSource](IAsyncEnumerable`1 asyncEnumerable, CancellationToken cancellationToken)
         at GpssStudio.WebApi.Infrastructure.Persistence.Repositories.TebRepository.BuildAggregateAsync(String libraryId, Guid classId, CancellationToken cancellationToken) in C:\Users\timur\OneDrive\Документы\GitHub\gpss\backend\GpssStudio.WebApi\Infrastructure\Persistence\Repositories\TebRepository.cs:line 345
         at GpssStudio.WebApi.Infrastructure.Persistence.Repositories.TebRepository.GetClassAsync(String libraryId, Guid classId, CancellationToken cancellationToken) in C:\Users\timur\OneDrive\Документы\GitHub\gpss\backend\GpssStudio.WebApi\Infrastructure\Persistence\Repositories\TebRepository.cs:line 28
         at GpssStudio.WebApi.Application.Tebs.Services.TebService.GetClassAsync(String libraryId, Guid classId, CancellationToken cancellationToken) in C:\Users\timur\OneDrive\Документы\GitHub\gpss\backend\GpssStudio.WebApi\Application\Tebs\Services\TebService.cs:line 22
         at GpssStudio.WebApi.Controllers.TebManagementController.GetClass(String libraryId, Guid classId, CancellationToken cancellationToken) in C:\Users\timur\OneDrive\Документы\GitHub\gpss\backend\GpssStudio.WebApi\Controllers\TebManagementController.cs:line 27
         at Microsoft.AspNetCore.Mvc.Infrastructure.ActionMethodExecutor.TaskOfIActionResultExecutor.Execute(ActionContext actionContext, IActionResultTypeMapper mapper, ObjectMethodExecutor executor, Object controller, Object[] arguments)
         at Microsoft.AspNetCore.Mvc.Infrastructure.ControllerActionInvoker.<InvokeActionMethodAsync>g__Awaited|12_0(ControllerActionInvoker invoker, ValueTask`1 actionResultValueTask)
         at Microsoft.AspNetCore.Mvc.Infrastructure.ControllerActionInvoker.<InvokeNextActionFilterAsync>g__Awaited|10_0(ControllerActionInvoker invoker, Task lastTask, State next, Scope scope, Object state, Boolean isCompleted)
         at Microsoft.AspNetCore.Mvc.Infrastructure.ControllerActionInvoker.Rethrow(ActionExecutedContextSealed context)
         at Microsoft.AspNetCore.Mvc.Infrastructure.ControllerActionInvoker.Next(State& next, Scope& scope, Object& state, Boolean& isCompleted)
         at Microsoft.AspNetCore.Mvc.Infrastructure.ControllerActionInvoker.<InvokeInnerFilterAsync>g__Awaited|13_0(ControllerActionInvoker invoker, Task lastTask, State next, Scope scope, Object state, Boolean isCompleted)
         at Microsoft.AspNetCore.Mvc.Infrastructure.ResourceInvoker.<InvokeFilterPipelineAsync>g__Awaited|20_0(ResourceInvoker invoker, Task lastTask, State next, Scope scope, Object state, Boolean isCompleted)
         at Microsoft.AspNetCore.Mvc.Infrastructure.ResourceInvoker.<InvokeAsync>g__Logged|17_1(ResourceInvoker invoker)
         at Microsoft.AspNetCore.Mvc.Infrastructure.ResourceInvoker.<InvokeAsync>g__Logged|17_1(ResourceInvoker invoker)
         at Microsoft.AspNetCore.Routing.EndpointMiddleware.<Invoke>g__AwaitRequestTask|7_0(Endpoint endpoint, Task requestTask, ILogger logger)
         at Microsoft.AspNetCore.Authorization.AuthorizationMiddleware.Invoke(HttpContext context)
         at Swashbuckle.AspNetCore.SwaggerUI.SwaggerUIMiddleware.Invoke(HttpContext httpContext)
         at Swashbuckle.AspNetCore.Swagger.SwaggerMiddleware.Invoke(HttpContext httpContext, ISwaggerProvider swaggerProvider)
         at Microsoft.AspNetCore.Authentication.AuthenticationMiddleware.Invoke(HttpContext context)
         at Microsoft.AspNetCore.Diagnostics.DeveloperExceptionPageMiddlewareImpl.Invoke(HttpContext context)
dbug: Microsoft.EntityFrameworkCore.Infrastructure[10407]
      'GpssStudioDbContext' disposed.
dbug: Microsoft.EntityFrameworkCore.Database.Connection[20007]
      Disposing connection to database 'gpss' on server 'tcp://localhost:5432'.
dbug: Microsoft.EntityFrameworkCore.Database.Connection[20008]
      Disposed connection to database 'gpss' on server 'tcp://localhost:5432' (0ms).
info: Microsoft.AspNetCore.Hosting.Diagnostics[2]
      Request finished HTTP/1.1 GET http://127.0.0.1:3001/api/alina-gpss/studio/tebs/libraries/0/classes/3ef71b95-07f7-41c6-b532-03d83d8a3973 - 500 - text/plain;+charset=utf-8 2033.1679ms
