[2m00:47:35[22m [31m[1m[vite][22m[39m [31m[2m(client)[22m[39m Pre-transform error: Failed to load url /src/features/teb-editor/model/sampleData.ts (resolved id: C:/Users/timur/OneDrive/Документы/GitHub/gpss/src/features/teb-editor/model/sampleData.ts) in C:/Users/timur/OneDrive/Документы/GitHub/gpss/src/features/teb-editor/store/useTebEditorStore.ts. Does the file exist?
[2m12:51:57[22m [31m[1m[vite][22m[39m [31m[2m(client)[22m[39m Pre-transform error: Failed to load url /src/widgets/desktop-shell/Ribbon.tsx (resolved id: C:/Users/timur/OneDrive/Документы/GitHub/gpss/src/widgets/desktop-shell/Ribbon.tsx) in C:/Users/timur/OneDrive/Документы/GitHub/gpss/src/app/App.tsx. Does the file exist?
[2m13:31:23[22m [31m[1m[vite][22m[39m [31m[2m(client)[22m[39m Pre-transform error: Failed to load url /src/widgets/desktop-shell/Ribbon.tsx (resolved id: C:/Users/timur/OneDrive/Документы/GitHub/gpss/src/widgets/desktop-shell/Ribbon.tsx) in C:/Users/timur/OneDrive/Документы/GitHub/gpss/src/app/App.tsx. Does the file exist?
[2m13:35:21[22m [31m[1m[vite][22m[39m [31mInternal server error: Failed to resolve import "./App.css" from "src/app/App.tsx". Does the file exist?[39m
  Plugin: [35mvite:import-analysis[39m
  File: [36mC:/Users/timur/OneDrive/Документы/GitHub/gpss/src/app/App.tsx[39m:12:7
[33m  12 |  import { ProjectExplorer } from "../widgets/desktop-shell/ProjectExplorer";
  13 |  import { Ribbon } from "../widgets/desktop-shell/Ribbon";
  14 |  import "./App.css";
     |          ^
  15 |  function ActiveDocumentView() {
  16 |    _s();[39m
      at TransformPluginContext._formatLog (file:///C:/Users/timur/OneDrive/%D0%94%D0%BE%D0%BA%D1%83%D0%BC%D0%B5%D0%BD%D1%82%D1%8B/GitHub/gpss/node_modules/vite/dist/node/chunks/config.js:29003:43)
      at TransformPluginContext.error (file:///C:/Users/timur/OneDrive/%D0%94%D0%BE%D0%BA%D1%83%D0%BC%D0%B5%D0%BD%D1%82%D1%8B/GitHub/gpss/node_modules/vite/dist/node/chunks/config.js:29000:14)
      at normalizeUrl (file:///C:/Users/timur/OneDrive/%D0%94%D0%BE%D0%BA%D1%83%D0%BC%D0%B5%D0%BD%D1%82%D1%8B/GitHub/gpss/node_modules/vite/dist/node/chunks/config.js:27123:18)
      at process.processTicksAndRejections (node:internal/process/task_queues:104:5)
      at async file:///C:/Users/timur/OneDrive/%D0%94%D0%BE%D0%BA%D1%83%D0%BC%D0%B5%D0%BD%D1%82%D1%8B/GitHub/gpss/node_modules/vite/dist/node/chunks/config.js:27181:32
      at async Promise.all (index 12)
      at async TransformPluginContext.transform (file:///C:/Users/timur/OneDrive/%D0%94%D0%BE%D0%BA%D1%83%D0%BC%D0%B5%D0%BD%D1%82%D1%8B/GitHub/gpss/node_modules/vite/dist/node/chunks/config.js:27149:4)
      at async EnvironmentPluginContainer.transform (file:///C:/Users/timur/OneDrive/%D0%94%D0%BE%D0%BA%D1%83%D0%BC%D0%B5%D0%BD%D1%82%D1%8B/GitHub/gpss/node_modules/vite/dist/node/chunks/config.js:28801:14)
      at async loadAndTransform (file:///C:/Users/timur/OneDrive/%D0%94%D0%BE%D0%BA%D1%83%D0%BC%D0%B5%D0%BD%D1%82%D1%8B/GitHub/gpss/node_modules/vite/dist/node/chunks/config.js:22670:26)
[2m13:35:21[22m [31m[1m[vite][22m[39m [31mInternal server error: Failed to resolve import "./App.css" from "src/app/App.tsx". Does the file exist?[39m
  Plugin: [35mvite:import-analysis[39m
  File: [36mC:/Users/timur/OneDrive/Документы/GitHub/gpss/src/app/App.tsx[39m:12:7
[33m  12 |  import { ProjectExplorer } from "../widgets/desktop-shell/ProjectExplorer";
  13 |  import { Ribbon } from "../widgets/desktop-shell/Ribbon";
  14 |  import "./App.css";
     |          ^
  15 |  function ActiveDocumentView() {
  16 |    _s();[39m
      at TransformPluginContext._formatLog (file:///C:/Users/timur/OneDrive/%D0%94%D0%BE%D0%BA%D1%83%D0%BC%D0%B5%D0%BD%D1%82%D1%8B/GitHub/gpss/node_modules/vite/dist/node/chunks/config.js:29003:43)
      at TransformPluginContext.error (file:///C:/Users/timur/OneDrive/%D0%94%D0%BE%D0%BA%D1%83%D0%BC%D0%B5%D0%BD%D1%82%D1%8B/GitHub/gpss/node_modules/vite/dist/node/chunks/config.js:29000:14)
      at normalizeUrl (file:///C:/Users/timur/OneDrive/%D0%94%D0%BE%D0%BA%D1%83%D0%BC%D0%B5%D0%BD%D1%82%D1%8B/GitHub/gpss/node_modules/vite/dist/node/chunks/config.js:27123:18)
      at process.processTicksAndRejections (node:internal/process/task_queues:104:5)
      at async file:///C:/Users/timur/OneDrive/%D0%94%D0%BE%D0%BA%D1%83%D0%BC%D0%B5%D0%BD%D1%82%D1%8B/GitHub/gpss/node_modules/vite/dist/node/chunks/config.js:27181:32
      at async Promise.all (index 12)
      at async TransformPluginContext.transform (file:///C:/Users/timur/OneDrive/%D0%94%D0%BE%D0%BA%D1%83%D0%BC%D0%B5%D0%BD%D1%82%D1%8B/GitHub/gpss/node_modules/vite/dist/node/chunks/config.js:27149:4)
      at async EnvironmentPluginContainer.transform (file:///C:/Users/timur/OneDrive/%D0%94%D0%BE%D0%BA%D1%83%D0%BC%D0%B5%D0%BD%D1%82%D1%8B/GitHub/gpss/node_modules/vite/dist/node/chunks/config.js:28801:14)
      at async loadAndTransform (file:///C:/Users/timur/OneDrive/%D0%94%D0%BE%D0%BA%D1%83%D0%BC%D0%B5%D0%BD%D1%82%D1%8B/GitHub/gpss/node_modules/vite/dist/node/chunks/config.js:22670:26)
[2m13:35:21[22m [31m[1m[vite][22m[39m [31m[2m(client)[22m[39m Pre-transform error: Failed to resolve import "./BaseDocument.css" from "src/features/teb-editor/ui/ModelLogDocument.tsx". Does the file exist?
  Plugin: [35mvite:import-analysis[39m
  File: [36mC:/Users/timur/OneDrive/Документы/GitHub/gpss/src/features/teb-editor/ui/ModelLogDocument.tsx[39m:3:7
[33m  3  |  import { IconButton } from "../../../shared/ui/IconButton";
  4  |  import { useTebEditorStore } from "../store/useTebEditorStore";
  5  |  import "./BaseDocument.css";
     |          ^
  6  |  import "./ModelLogDocument.css";
  7  |  export function ModelLogDocument() {[39m
[2m13:35:21[22m [31m[1m[vite][22m[39m [31m[2m(client)[22m[39m Pre-transform error: Failed to resolve import "./DocumentTabs.css" from "src/widgets/desktop-shell/DocumentTabs.tsx". Does the file exist?
  Plugin: [35mvite:import-analysis[39m
  File: [36mC:/Users/timur/OneDrive/Документы/GitHub/gpss/src/widgets/desktop-shell/DocumentTabs.tsx[39m:2:7
[33m  1  |  import { jsxDEV } from "react/jsx-dev-runtime";
  2  |  import "./DocumentTabs.css";
     |          ^
  3  |  const documentLabels = {
  4  |    editor: "Редактор ТЭБа",[39m
[2m13:35:21[22m [31m[1m[vite][22m[39m [31m[2m(client)[22m[39m Pre-transform error: Failed to resolve import "./StartPageDocument.css" from "src/features/teb-editor/ui/StartPageDocument.tsx". Does the file exist?
  Plugin: [35mvite:import-analysis[39m
  File: [36mC:/Users/timur/OneDrive/Документы/GitHub/gpss/src/features/teb-editor/ui/StartPageDocument.tsx[39m:6:7
[33m  6  |  import exampleGas from "../../../shared/assets/start-page/example-gas.png";
  7  |  import examplePort from "../../../shared/assets/start-page/example-port.png";
  8  |  import "./StartPageDocument.css";
     |          ^
  9  |  const exampleProjects = [
  10 |    {[39m
[2m13:35:21[22m [31m[1m[vite][22m[39m [31m[2m(client)[22m[39m Pre-transform error: Failed to resolve import "./BaseDocument.css" from "src/features/teb-editor/ui/SchemeDocument.tsx". Does the file exist?
  Plugin: [35mvite:import-analysis[39m
  File: [36mC:/Users/timur/OneDrive/Документы/GitHub/gpss/src/features/teb-editor/ui/SchemeDocument.tsx[39m:3:7
[33m  3  |  import { IconButton } from "../../../shared/ui/IconButton";
  4  |  import { useTebEditorStore } from "../store/useTebEditorStore";
  5  |  import "./BaseDocument.css";
     |          ^
  6  |  import "./SchemeDocument.css";
  7  |  export function SchemeDocument() {[39m
[2m13:35:21[22m [31m[1m[vite][22m[39m [31m[2m(client)[22m[39m Pre-transform error: Failed to resolve import "./BaseDocument.css" from "src/features/teb-editor/ui/ModelTextDocument.tsx". Does the file exist?
  Plugin: [35mvite:import-analysis[39m
  File: [36mC:/Users/timur/OneDrive/Документы/GitHub/gpss/src/features/teb-editor/ui/ModelTextDocument.tsx[39m:4:7
[33m  4  |  import { IconButton } from "../../../shared/ui/IconButton";
  5  |  import { useTebEditorStore } from "../store/useTebEditorStore";
  6  |  import "./BaseDocument.css";
     |          ^
  7  |  import "./ModelTextDocument.css";
  8  |  export function ModelTextDocument() {[39m
[2m13:35:21[22m [31m[1m[vite][22m[39m [31m[2m(client)[22m[39m Pre-transform error: Failed to resolve import "./TebEditorDocument.css" from "src/features/teb-editor/ui/TebEditorDocument.tsx". Does the file exist?
  Plugin: [35mvite:import-analysis[39m
  File: [36mC:/Users/timur/OneDrive/Документы/GitHub/gpss/src/features/teb-editor/ui/TebEditorDocument.tsx[39m:11:7
[33m  11 |  import { PortsTab } from "./tabs/PortsTab";
  12 |  import { StatesTab } from "./tabs/StatesTab";
  13 |  import "./TebEditorDocument.css";
     |          ^
  14 |  function renderPanel(activeTab) {
  15 |    switch (activeTab) {[39m
[2m13:35:21[22m [31m[1m[vite][22m[39m [31m[2m(client)[22m[39m Pre-transform error: Failed to resolve import "./BaseDocument.css" from "src/features/teb-editor/ui/StandardReportDocument.tsx". Does the file exist?
  Plugin: [35mvite:import-analysis[39m
  File: [36mC:/Users/timur/OneDrive/Документы/GitHub/gpss/src/features/teb-editor/ui/StandardReportDocument.tsx[39m:4:7
[33m  4  |  import { IconButton } from "../../../shared/ui/IconButton";
  5  |  import { useTebEditorStore } from "../store/useTebEditorStore";
  6  |  import "./BaseDocument.css";
     |          ^
  7  |  import "./StandardReportDocument.css";
  8  |  export function StandardReportDocument() {[39m
[2m13:35:21[22m [31m[1m[vite][22m[39m [31mInternal server error: Failed to resolve import "./Ribbon.css" from "src/widgets/desktop-shell/Ribbon.tsx". Does the file exist?[39m
  Plugin: [35mvite:import-analysis[39m
  File: [36mC:/Users/timur/OneDrive/Документы/GitHub/gpss/src/widgets/desktop-shell/Ribbon.tsx[39m:31:7
[33m  31 |  import stopSimIcon from "../../shared/assets/icons/stop-sim.png";
  32 |  import tebEditorIcon from "../../shared/assets/icons/teb-editor.png";
  33 |  import "./Ribbon.css";
     |          ^
  34 |  function AppMenuGlyph({ glyph }) {
  35 |    return /* @__PURE__ */ jsxDEV("span", { className: `app-menu__glyph app-menu__glyph--${glyph}`, "aria-hidden": "tru...[39m
      at TransformPluginContext._formatLog (file:///C:/Users/timur/OneDrive/%D0%94%D0%BE%D0%BA%D1%83%D0%BC%D0%B5%D0%BD%D1%82%D1%8B/GitHub/gpss/node_modules/vite/dist/node/chunks/config.js:29003:43)
      at TransformPluginContext.error (file:///C:/Users/timur/OneDrive/%D0%94%D0%BE%D0%BA%D1%83%D0%BC%D0%B5%D0%BD%D1%82%D1%8B/GitHub/gpss/node_modules/vite/dist/node/chunks/config.js:29000:14)
      at normalizeUrl (file:///C:/Users/timur/OneDrive/%D0%94%D0%BE%D0%BA%D1%83%D0%BC%D0%B5%D0%BD%D1%82%D1%8B/GitHub/gpss/node_modules/vite/dist/node/chunks/config.js:27123:18)
      at process.processTicksAndRejections (node:internal/process/task_queues:104:5)
      at async file:///C:/Users/timur/OneDrive/%D0%94%D0%BE%D0%BA%D1%83%D0%BC%D0%B5%D0%BD%D1%82%D1%8B/GitHub/gpss/node_modules/vite/dist/node/chunks/config.js:27181:32
      at async Promise.all (index 31)
      at async TransformPluginContext.transform (file:///C:/Users/timur/OneDrive/%D0%94%D0%BE%D0%BA%D1%83%D0%BC%D0%B5%D0%BD%D1%82%D1%8B/GitHub/gpss/node_modules/vite/dist/node/chunks/config.js:27149:4)
      at async EnvironmentPluginContainer.transform (file:///C:/Users/timur/OneDrive/%D0%94%D0%BE%D0%BA%D1%83%D0%BC%D0%B5%D0%BD%D1%82%D1%8B/GitHub/gpss/node_modules/vite/dist/node/chunks/config.js:28801:14)
      at async loadAndTransform (file:///C:/Users/timur/OneDrive/%D0%94%D0%BE%D0%BA%D1%83%D0%BC%D0%B5%D0%BD%D1%82%D1%8B/GitHub/gpss/node_modules/vite/dist/node/chunks/config.js:22670:26)
[2m13:35:21[22m [31m[1m[vite][22m[39m [31mInternal server error: Failed to resolve import "./Ribbon.css" from "src/widgets/desktop-shell/Ribbon.tsx". Does the file exist?[39m
  Plugin: [35mvite:import-analysis[39m
  File: [36mC:/Users/timur/OneDrive/Документы/GitHub/gpss/src/widgets/desktop-shell/Ribbon.tsx[39m:31:7
[33m  31 |  import stopSimIcon from "../../shared/assets/icons/stop-sim.png";
  32 |  import tebEditorIcon from "../../shared/assets/icons/teb-editor.png";
  33 |  import "./Ribbon.css";
     |          ^
  34 |  function AppMenuGlyph({ glyph }) {
  35 |    return /* @__PURE__ */ jsxDEV("span", { className: `app-menu__glyph app-menu__glyph--${glyph}`, "aria-hidden": "tru...[39m
      at TransformPluginContext._formatLog (file:///C:/Users/timur/OneDrive/%D0%94%D0%BE%D0%BA%D1%83%D0%BC%D0%B5%D0%BD%D1%82%D1%8B/GitHub/gpss/node_modules/vite/dist/node/chunks/config.js:29003:43)
      at TransformPluginContext.error (file:///C:/Users/timur/OneDrive/%D0%94%D0%BE%D0%BA%D1%83%D0%BC%D0%B5%D0%BD%D1%82%D1%8B/GitHub/gpss/node_modules/vite/dist/node/chunks/config.js:29000:14)
      at normalizeUrl (file:///C:/Users/timur/OneDrive/%D0%94%D0%BE%D0%BA%D1%83%D0%BC%D0%B5%D0%BD%D1%82%D1%8B/GitHub/gpss/node_modules/vite/dist/node/chunks/config.js:27123:18)
      at process.processTicksAndRejections (node:internal/process/task_queues:104:5)
      at async file:///C:/Users/timur/OneDrive/%D0%94%D0%BE%D0%BA%D1%83%D0%BC%D0%B5%D0%BD%D1%82%D1%8B/GitHub/gpss/node_modules/vite/dist/node/chunks/config.js:27181:32
      at async Promise.all (index 31)
      at async TransformPluginContext.transform (file:///C:/Users/timur/OneDrive/%D0%94%D0%BE%D0%BA%D1%83%D0%BC%D0%B5%D0%BD%D1%82%D1%8B/GitHub/gpss/node_modules/vite/dist/node/chunks/config.js:27149:4)
      at async EnvironmentPluginContainer.transform (file:///C:/Users/timur/OneDrive/%D0%94%D0%BE%D0%BA%D1%83%D0%BC%D0%B5%D0%BD%D1%82%D1%8B/GitHub/gpss/node_modules/vite/dist/node/chunks/config.js:28801:14)
      at async loadAndTransform (file:///C:/Users/timur/OneDrive/%D0%94%D0%BE%D0%BA%D1%83%D0%BC%D0%B5%D0%BD%D1%82%D1%8B/GitHub/gpss/node_modules/vite/dist/node/chunks/config.js:22670:26)
[2m13:35:21[22m [31m[1m[vite][22m[39m [31m[2m(client)[22m[39m Pre-transform error: Failed to resolve import "./ProjectExplorer.css" from "src/widgets/desktop-shell/ProjectExplorer.tsx". Does the file exist?
  Plugin: [35mvite:import-analysis[39m
  File: [36mC:/Users/timur/OneDrive/Документы/GitHub/gpss/src/widgets/desktop-shell/ProjectExplorer.tsx[39m:11:7
[33m  10 |  import stdReportIcon from "../../shared/assets/icons/std-report.png";
  11 |  import tebsLibraryIcon from "../../shared/assets/icons/tebs-library.png";
  12 |  import "./ProjectExplorer.css";
     |          ^
  13 |  const librariesTree = [
  14 |    {[39m
[2m13:35:21[22m [31m[1m[vite][22m[39m [31m[2m(client)[22m[39m Pre-transform error: Failed to resolve import "./Ribbon.css" from "src/widgets/desktop-shell/Ribbon.tsx". Does the file exist?
  Plugin: [35mvite:import-analysis[39m
  File: [36mC:/Users/timur/OneDrive/Документы/GitHub/gpss/src/widgets/desktop-shell/Ribbon.tsx[39m:31:7
[33m  31 |  import stopSimIcon from "../../shared/assets/icons/stop-sim.png";
  32 |  import tebEditorIcon from "../../shared/assets/icons/teb-editor.png";
  33 |  import "./Ribbon.css";
     |          ^
  34 |  function AppMenuGlyph({ glyph }) {
  35 |    return /* @__PURE__ */ jsxDEV("span", { className: `app-menu__glyph app-menu__glyph--${glyph}`, "aria-hidden": "tru...[39m
[2m13:35:21[22m [31m[1m[vite][22m[39m [31m[2m(client)[22m[39m Pre-transform error: Failed to resolve import "./IconButton.css" from "src/shared/ui/IconButton.tsx". Does the file exist?
  Plugin: [35mvite:import-analysis[39m
  File: [36mC:/Users/timur/OneDrive/Документы/GitHub/gpss/src/shared/ui/IconButton.tsx[39m:2:7
[33m  1  |  import { jsxDEV } from "react/jsx-dev-runtime";
  2  |  import "./IconButton.css";
     |          ^
  3  |  export function IconButton({ icon, label, title, compact = false, disabled = false, onClick, children }) {
  4  |    return /* @__PURE__ */ jsxDEV([39m
[2m13:35:21[22m [31m[1m[vite][22m[39m [31m[2m(client)[22m[39m Pre-transform error: Failed to resolve import "./IconButton.css" from "src/shared/ui/IconButton.tsx". Does the file exist?
  Plugin: [35mvite:import-analysis[39m
  File: [36mC:/Users/timur/OneDrive/Документы/GitHub/gpss/src/shared/ui/IconButton.tsx[39m:2:7
[33m  1  |  import { jsxDEV } from "react/jsx-dev-runtime";
  2  |  import "./IconButton.css";
     |          ^
  3  |  export function IconButton({ icon, label, title, compact = false, disabled = false, onClick, children }) {
  4  |    return /* @__PURE__ */ jsxDEV([39m
[2m13:35:21[22m [31m[1m[vite][22m[39m [31m[2m(client)[22m[39m Pre-transform error: Failed to resolve import "./IconButton.css" from "src/shared/ui/IconButton.tsx". Does the file exist?
  Plugin: [35mvite:import-analysis[39m
  File: [36mC:/Users/timur/OneDrive/Документы/GitHub/gpss/src/shared/ui/IconButton.tsx[39m:2:7
[33m  1  |  import { jsxDEV } from "react/jsx-dev-runtime";
  2  |  import "./IconButton.css";
     |          ^
  3  |  export function IconButton({ icon, label, title, compact = false, disabled = false, onClick, children }) {
  4  |    return /* @__PURE__ */ jsxDEV([39m
[2m13:35:21[22m [31m[1m[vite][22m[39m [31m[2m(client)[22m[39m Pre-transform error: Failed to resolve import "./IconButton.css" from "src/shared/ui/IconButton.tsx". Does the file exist?
  Plugin: [35mvite:import-analysis[39m
  File: [36mC:/Users/timur/OneDrive/Документы/GitHub/gpss/src/shared/ui/IconButton.tsx[39m:2:7
[33m  1  |  import { jsxDEV } from "react/jsx-dev-runtime";
  2  |  import "./IconButton.css";
     |          ^
  3  |  export function IconButton({ icon, label, title, compact = false, disabled = false, onClick, children }) {
  4  |    return /* @__PURE__ */ jsxDEV([39m
[2m13:35:21[22m [31m[1m[vite][22m[39m [31m[2m(client)[22m[39m Pre-transform error: Failed to resolve import "./IconButton.css" from "src/shared/ui/IconButton.tsx". Does the file exist?
  Plugin: [35mvite:import-analysis[39m
  File: [36mC:/Users/timur/OneDrive/Документы/GitHub/gpss/src/shared/ui/IconButton.tsx[39m:2:7
[33m  1  |  import { jsxDEV } from "react/jsx-dev-runtime";
  2  |  import "./IconButton.css";
     |          ^
  3  |  export function IconButton({ icon, label, title, compact = false, disabled = false, onClick, children }) {
  4  |    return /* @__PURE__ */ jsxDEV([39m
[2m13:35:21[22m [31m[1m[vite][22m[39m [31m[2m(client)[22m[39m Pre-transform error: Failed to resolve import "./IconButton.css" from "src/shared/ui/IconButton.tsx". Does the file exist?
  Plugin: [35mvite:import-analysis[39m
  File: [36mC:/Users/timur/OneDrive/Документы/GitHub/gpss/src/shared/ui/IconButton.tsx[39m:2:7
[33m  1  |  import { jsxDEV } from "react/jsx-dev-runtime";
  2  |  import "./IconButton.css";
     |          ^
  3  |  export function IconButton({ icon, label, title, compact = false, disabled = false, onClick, children }) {
  4  |    return /* @__PURE__ */ jsxDEV([39m
[2m13:35:21[22m [31m[1m[vite][22m[39m [31m[2m(client)[22m[39m Pre-transform error: Failed to resolve import "./IconButton.css" from "src/shared/ui/IconButton.tsx". Does the file exist?
  Plugin: [35mvite:import-analysis[39m
  File: [36mC:/Users/timur/OneDrive/Документы/GitHub/gpss/src/shared/ui/IconButton.tsx[39m:2:7
[33m  1  |  import { jsxDEV } from "react/jsx-dev-runtime";
  2  |  import "./IconButton.css";
     |          ^
  3  |  export function IconButton({ icon, label, title, compact = false, disabled = false, onClick, children }) {
  4  |    return /* @__PURE__ */ jsxDEV([39m
[2m13:35:21[22m [31m[1m[vite][22m[39m [31m[2m(client)[22m[39m Pre-transform error: Failed to resolve import "./IconButton.css" from "src/shared/ui/IconButton.tsx". Does the file exist?
  Plugin: [35mvite:import-analysis[39m
  File: [36mC:/Users/timur/OneDrive/Документы/GitHub/gpss/src/shared/ui/IconButton.tsx[39m:2:7
[33m  1  |  import { jsxDEV } from "react/jsx-dev-runtime";
  2  |  import "./IconButton.css";
     |          ^
  3  |  export function IconButton({ icon, label, title, compact = false, disabled = false, onClick, children }) {
  4  |    return /* @__PURE__ */ jsxDEV([39m
[2m13:35:21[22m [31m[1m[vite][22m[39m [31m[2m(client)[22m[39m Pre-transform error: Failed to resolve import "./IconButton.css" from "src/shared/ui/IconButton.tsx". Does the file exist?
  Plugin: [35mvite:import-analysis[39m
  File: [36mC:/Users/timur/OneDrive/Документы/GitHub/gpss/src/shared/ui/IconButton.tsx[39m:2:7
[33m  1  |  import { jsxDEV } from "react/jsx-dev-runtime";
  2  |  import "./IconButton.css";
     |          ^
  3  |  export function IconButton({ icon, label, title, compact = false, disabled = false, onClick, children }) {
  4  |    return /* @__PURE__ */ jsxDEV([39m
[2m13:35:21[22m [31m[1m[vite][22m[39m [31m[2m(client)[22m[39m Pre-transform error: Failed to resolve import "./IconButton.css" from "src/shared/ui/IconButton.tsx". Does the file exist?
  Plugin: [35mvite:import-analysis[39m
  File: [36mC:/Users/timur/OneDrive/Документы/GitHub/gpss/src/shared/ui/IconButton.tsx[39m:2:7
[33m  1  |  import { jsxDEV } from "react/jsx-dev-runtime";
  2  |  import "./IconButton.css";
     |          ^
  3  |  export function IconButton({ icon, label, title, compact = false, disabled = false, onClick, children }) {
  4  |    return /* @__PURE__ */ jsxDEV([39m
[2m13:35:21[22m [31m[1m[vite][22m[39m [31m[2m(client)[22m[39m Pre-transform error: Failed to resolve import "./EditorTabs.css" from "src/features/teb-editor/ui/EditorTabs.tsx". Does the file exist?
  Plugin: [35mvite:import-analysis[39m
  File: [36mC:/Users/timur/OneDrive/Документы/GitHub/gpss/src/features/teb-editor/ui/EditorTabs.tsx[39m:3:7
[33m  1  |  import { jsxDEV } from "react/jsx-dev-runtime";
  2  |  import { EDITOR_TABS } from "../model/constants";
  3  |  import "./EditorTabs.css";
     |          ^
  4  |  export function EditorTabs({ visibleTabs, activeTab, onSelect }) {
  5  |    return /* @__PURE__ */ jsxDEV("div", { className: "editor-tabs", role: "tablist", "aria-label": "Разделы редактора"...[39m
[2m13:35:21[22m [31m[1m[vite][22m[39m [31m[2m(client)[22m[39m Pre-transform error: Failed to resolve import "./EditableTable.css" from "src/shared/ui/EditableTable.tsx". Does the file exist?
  Plugin: [35mvite:import-analysis[39m
  File: [36mC:/Users/timur/OneDrive/Документы/GitHub/gpss/src/shared/ui/EditableTable.tsx[39m:2:7
[33m  1  |  import { jsxDEV } from "react/jsx-dev-runtime";
  2  |  import "./EditableTable.css";
     |          ^
  3  |  export function EditableTable({ columns, rows, selectedIndex, onSelect, emptyText = "Нет данных", getRowKey }) {
  4  |    return /* @__PURE__ */ jsxDEV("div", { className: "table-shell", children: /* @__PURE__ */ jsxDEV("table", { classN...[39m
[2m13:35:21[22m [31m[1m[vite][22m[39m [31m[2m(client)[22m[39m Pre-transform error: Failed to resolve import "./EditableTable.css" from "src/shared/ui/EditableTable.tsx". Does the file exist?
  Plugin: [35mvite:import-analysis[39m
  File: [36mC:/Users/timur/OneDrive/Документы/GitHub/gpss/src/shared/ui/EditableTable.tsx[39m:2:7
[33m  1  |  import { jsxDEV } from "react/jsx-dev-runtime";
  2  |  import "./EditableTable.css";
     |          ^
  3  |  export function EditableTable({ columns, rows, selectedIndex, onSelect, emptyText = "Нет данных", getRowKey }) {
  4  |    return /* @__PURE__ */ jsxDEV("div", { className: "table-shell", children: /* @__PURE__ */ jsxDEV("table", { classN...[39m
[2m13:35:21[22m [31m[1m[vite][22m[39m [31m[2m(client)[22m[39m Pre-transform error: Failed to resolve import "./EditableTable.css" from "src/shared/ui/EditableTable.tsx". Does the file exist?
  Plugin: [35mvite:import-analysis[39m
  File: [36mC:/Users/timur/OneDrive/Документы/GitHub/gpss/src/shared/ui/EditableTable.tsx[39m:2:7
[33m  1  |  import { jsxDEV } from "react/jsx-dev-runtime";
  2  |  import "./EditableTable.css";
     |          ^
  3  |  export function EditableTable({ columns, rows, selectedIndex, onSelect, emptyText = "Нет данных", getRowKey }) {
  4  |    return /* @__PURE__ */ jsxDEV("div", { className: "table-shell", children: /* @__PURE__ */ jsxDEV("table", { classN...[39m
[2m13:35:21[22m [31m[1m[vite][22m[39m [31m[2m(client)[22m[39m Pre-transform error: Failed to resolve import "./EditableTable.css" from "src/shared/ui/EditableTable.tsx". Does the file exist?
  Plugin: [35mvite:import-analysis[39m
  File: [36mC:/Users/timur/OneDrive/Документы/GitHub/gpss/src/shared/ui/EditableTable.tsx[39m:2:7
[33m  1  |  import { jsxDEV } from "react/jsx-dev-runtime";
  2  |  import "./EditableTable.css";
     |          ^
  3  |  export function EditableTable({ columns, rows, selectedIndex, onSelect, emptyText = "Нет данных", getRowKey }) {
  4  |    return /* @__PURE__ */ jsxDEV("div", { className: "table-shell", children: /* @__PURE__ */ jsxDEV("table", { classN...[39m
[2m13:35:21[22m [31m[1m[vite][22m[39m [31mInternal server error: Failed to resolve import "./ProjectExplorer.css" from "src/widgets/desktop-shell/ProjectExplorer.tsx". Does the file exist?[39m
  Plugin: [35mvite:import-analysis[39m
  File: [36mC:/Users/timur/OneDrive/Документы/GitHub/gpss/src/widgets/desktop-shell/ProjectExplorer.tsx[39m:11:7
[33m  10 |  import stdReportIcon from "../../shared/assets/icons/std-report.png";
  11 |  import tebsLibraryIcon from "../../shared/assets/icons/tebs-library.png";
  12 |  import "./ProjectExplorer.css";
     |          ^
  13 |  const librariesTree = [
  14 |    {[39m
      at TransformPluginContext._formatLog (file:///C:/Users/timur/OneDrive/%D0%94%D0%BE%D0%BA%D1%83%D0%BC%D0%B5%D0%BD%D1%82%D1%8B/GitHub/gpss/node_modules/vite/dist/node/chunks/config.js:29003:43)
      at TransformPluginContext.error (file:///C:/Users/timur/OneDrive/%D0%94%D0%BE%D0%BA%D1%83%D0%BC%D0%B5%D0%BD%D1%82%D1%8B/GitHub/gpss/node_modules/vite/dist/node/chunks/config.js:29000:14)
      at normalizeUrl (file:///C:/Users/timur/OneDrive/%D0%94%D0%BE%D0%BA%D1%83%D0%BC%D0%B5%D0%BD%D1%82%D1%8B/GitHub/gpss/node_modules/vite/dist/node/chunks/config.js:27123:18)
      at process.processTicksAndRejections (node:internal/process/task_queues:104:5)
      at async file:///C:/Users/timur/OneDrive/%D0%94%D0%BE%D0%BA%D1%83%D0%BC%D0%B5%D0%BD%D1%82%D1%8B/GitHub/gpss/node_modules/vite/dist/node/chunks/config.js:27181:32
      at async Promise.all (index 10)
      at async TransformPluginContext.transform (file:///C:/Users/timur/OneDrive/%D0%94%D0%BE%D0%BA%D1%83%D0%BC%D0%B5%D0%BD%D1%82%D1%8B/GitHub/gpss/node_modules/vite/dist/node/chunks/config.js:27149:4)
      at async EnvironmentPluginContainer.transform (file:///C:/Users/timur/OneDrive/%D0%94%D0%BE%D0%BA%D1%83%D0%BC%D0%B5%D0%BD%D1%82%D1%8B/GitHub/gpss/node_modules/vite/dist/node/chunks/config.js:28801:14)
      at async loadAndTransform (file:///C:/Users/timur/OneDrive/%D0%94%D0%BE%D0%BA%D1%83%D0%BC%D0%B5%D0%BD%D1%82%D1%8B/GitHub/gpss/node_modules/vite/dist/node/chunks/config.js:22670:26)
[2m13:35:21[22m [31m[1m[vite][22m[39m [31mInternal server error: Failed to resolve import "./ProjectExplorer.css" from "src/widgets/desktop-shell/ProjectExplorer.tsx". Does the file exist?[39m
  Plugin: [35mvite:import-analysis[39m
  File: [36mC:/Users/timur/OneDrive/Документы/GitHub/gpss/src/widgets/desktop-shell/ProjectExplorer.tsx[39m:11:7
[33m  10 |  import stdReportIcon from "../../shared/assets/icons/std-report.png";
  11 |  import tebsLibraryIcon from "../../shared/assets/icons/tebs-library.png";
  12 |  import "./ProjectExplorer.css";
     |          ^
  13 |  const librariesTree = [
  14 |    {[39m
      at TransformPluginContext._formatLog (file:///C:/Users/timur/OneDrive/%D0%94%D0%BE%D0%BA%D1%83%D0%BC%D0%B5%D0%BD%D1%82%D1%8B/GitHub/gpss/node_modules/vite/dist/node/chunks/config.js:29003:43)
      at TransformPluginContext.error (file:///C:/Users/timur/OneDrive/%D0%94%D0%BE%D0%BA%D1%83%D0%BC%D0%B5%D0%BD%D1%82%D1%8B/GitHub/gpss/node_modules/vite/dist/node/chunks/config.js:29000:14)
      at normalizeUrl (file:///C:/Users/timur/OneDrive/%D0%94%D0%BE%D0%BA%D1%83%D0%BC%D0%B5%D0%BD%D1%82%D1%8B/GitHub/gpss/node_modules/vite/dist/node/chunks/config.js:27123:18)
      at process.processTicksAndRejections (node:internal/process/task_queues:104:5)
      at async file:///C:/Users/timur/OneDrive/%D0%94%D0%BE%D0%BA%D1%83%D0%BC%D0%B5%D0%BD%D1%82%D1%8B/GitHub/gpss/node_modules/vite/dist/node/chunks/config.js:27181:32
      at async Promise.all (index 10)
      at async TransformPluginContext.transform (file:///C:/Users/timur/OneDrive/%D0%94%D0%BE%D0%BA%D1%83%D0%BC%D0%B5%D0%BD%D1%82%D1%8B/GitHub/gpss/node_modules/vite/dist/node/chunks/config.js:27149:4)
      at async EnvironmentPluginContainer.transform (file:///C:/Users/timur/OneDrive/%D0%94%D0%BE%D0%BA%D1%83%D0%BC%D0%B5%D0%BD%D1%82%D1%8B/GitHub/gpss/node_modules/vite/dist/node/chunks/config.js:28801:14)
      at async loadAndTransform (file:///C:/Users/timur/OneDrive/%D0%94%D0%BE%D0%BA%D1%83%D0%BC%D0%B5%D0%BD%D1%82%D1%8B/GitHub/gpss/node_modules/vite/dist/node/chunks/config.js:22670:26)
[2m13:35:21[22m [31m[1m[vite][22m[39m [31mInternal server error: Failed to resolve import "./EditorTabs.css" from "src/features/teb-editor/ui/EditorTabs.tsx". Does the file exist?[39m
  Plugin: [35mvite:import-analysis[39m
  File: [36mC:/Users/timur/OneDrive/Документы/GitHub/gpss/src/features/teb-editor/ui/EditorTabs.tsx[39m:3:7
[33m  1  |  import { jsxDEV } from "react/jsx-dev-runtime";
  2  |  import { EDITOR_TABS } from "../model/constants";
  3  |  import "./EditorTabs.css";
     |          ^
  4  |  export function EditorTabs({ visibleTabs, activeTab, onSelect }) {
  5  |    return /* @__PURE__ */ jsxDEV("div", { className: "editor-tabs", role: "tablist", "aria-label": "Разделы редактора"...[39m
      at TransformPluginContext._formatLog (file:///C:/Users/timur/OneDrive/%D0%94%D0%BE%D0%BA%D1%83%D0%BC%D0%B5%D0%BD%D1%82%D1%8B/GitHub/gpss/node_modules/vite/dist/node/chunks/config.js:29003:43)
      at TransformPluginContext.error (file:///C:/Users/timur/OneDrive/%D0%94%D0%BE%D0%BA%D1%83%D0%BC%D0%B5%D0%BD%D1%82%D1%8B/GitHub/gpss/node_modules/vite/dist/node/chunks/config.js:29000:14)
      at normalizeUrl (file:///C:/Users/timur/OneDrive/%D0%94%D0%BE%D0%BA%D1%83%D0%BC%D0%B5%D0%BD%D1%82%D1%8B/GitHub/gpss/node_modules/vite/dist/node/chunks/config.js:27123:18)
      at process.processTicksAndRejections (node:internal/process/task_queues:104:5)
      at async file:///C:/Users/timur/OneDrive/%D0%94%D0%BE%D0%BA%D1%83%D0%BC%D0%B5%D0%BD%D1%82%D1%8B/GitHub/gpss/node_modules/vite/dist/node/chunks/config.js:27181:32
      at async Promise.all (index 2)
      at async TransformPluginContext.transform (file:///C:/Users/timur/OneDrive/%D0%94%D0%BE%D0%BA%D1%83%D0%BC%D0%B5%D0%BD%D1%82%D1%8B/GitHub/gpss/node_modules/vite/dist/node/chunks/config.js:27149:4)
      at async EnvironmentPluginContainer.transform (file:///C:/Users/timur/OneDrive/%D0%94%D0%BE%D0%BA%D1%83%D0%BC%D0%B5%D0%BD%D1%82%D1%8B/GitHub/gpss/node_modules/vite/dist/node/chunks/config.js:28801:14)
      at async loadAndTransform (file:///C:/Users/timur/OneDrive/%D0%94%D0%BE%D0%BA%D1%83%D0%BC%D0%B5%D0%BD%D1%82%D1%8B/GitHub/gpss/node_modules/vite/dist/node/chunks/config.js:22670:26)
[2m13:35:21[22m [31m[1m[vite][22m[39m [31mInternal server error: Failed to resolve import "./EditorTabs.css" from "src/features/teb-editor/ui/EditorTabs.tsx". Does the file exist?[39m
  Plugin: [35mvite:import-analysis[39m
  File: [36mC:/Users/timur/OneDrive/Документы/GitHub/gpss/src/features/teb-editor/ui/EditorTabs.tsx[39m:3:7
[33m  1  |  import { jsxDEV } from "react/jsx-dev-runtime";
  2  |  import { EDITOR_TABS } from "../model/constants";
  3  |  import "./EditorTabs.css";
     |          ^
  4  |  export function EditorTabs({ visibleTabs, activeTab, onSelect }) {
  5  |    return /* @__PURE__ */ jsxDEV("div", { className: "editor-tabs", role: "tablist", "aria-label": "Разделы редактора"...[39m
      at TransformPluginContext._formatLog (file:///C:/Users/timur/OneDrive/%D0%94%D0%BE%D0%BA%D1%83%D0%BC%D0%B5%D0%BD%D1%82%D1%8B/GitHub/gpss/node_modules/vite/dist/node/chunks/config.js:29003:43)
      at TransformPluginContext.error (file:///C:/Users/timur/OneDrive/%D0%94%D0%BE%D0%BA%D1%83%D0%BC%D0%B5%D0%BD%D1%82%D1%8B/GitHub/gpss/node_modules/vite/dist/node/chunks/config.js:29000:14)
      at normalizeUrl (file:///C:/Users/timur/OneDrive/%D0%94%D0%BE%D0%BA%D1%83%D0%BC%D0%B5%D0%BD%D1%82%D1%8B/GitHub/gpss/node_modules/vite/dist/node/chunks/config.js:27123:18)
      at process.processTicksAndRejections (node:internal/process/task_queues:104:5)
      at async file:///C:/Users/timur/OneDrive/%D0%94%D0%BE%D0%BA%D1%83%D0%BC%D0%B5%D0%BD%D1%82%D1%8B/GitHub/gpss/node_modules/vite/dist/node/chunks/config.js:27181:32
      at async Promise.all (index 2)
      at async TransformPluginContext.transform (file:///C:/Users/timur/OneDrive/%D0%94%D0%BE%D0%BA%D1%83%D0%BC%D0%B5%D0%BD%D1%82%D1%8B/GitHub/gpss/node_modules/vite/dist/node/chunks/config.js:27149:4)
      at async EnvironmentPluginContainer.transform (file:///C:/Users/timur/OneDrive/%D0%94%D0%BE%D0%BA%D1%83%D0%BC%D0%B5%D0%BD%D1%82%D1%8B/GitHub/gpss/node_modules/vite/dist/node/chunks/config.js:28801:14)
      at async loadAndTransform (file:///C:/Users/timur/OneDrive/%D0%94%D0%BE%D0%BA%D1%83%D0%BC%D0%B5%D0%BD%D1%82%D1%8B/GitHub/gpss/node_modules/vite/dist/node/chunks/config.js:22670:26)
[2m13:35:21[22m [31m[1m[vite][22m[39m [31mInternal server error: Failed to resolve import "./IconButton.css" from "src/shared/ui/IconButton.tsx". Does the file exist?[39m
  Plugin: [35mvite:import-analysis[39m
  File: [36mC:/Users/timur/OneDrive/Документы/GitHub/gpss/src/shared/ui/IconButton.tsx[39m:2:7
[33m  1  |  import { jsxDEV } from "react/jsx-dev-runtime";
  2  |  import "./IconButton.css";
     |          ^
  3  |  export function IconButton({ icon, label, title, compact = false, disabled = false, onClick, children }) {
  4  |    return /* @__PURE__ */ jsxDEV([39m
      at TransformPluginContext._formatLog (file:///C:/Users/timur/OneDrive/%D0%94%D0%BE%D0%BA%D1%83%D0%BC%D0%B5%D0%BD%D1%82%D1%8B/GitHub/gpss/node_modules/vite/dist/node/chunks/config.js:29003:43)
      at TransformPluginContext.error (file:///C:/Users/timur/OneDrive/%D0%94%D0%BE%D0%BA%D1%83%D0%BC%D0%B5%D0%BD%D1%82%D1%8B/GitHub/gpss/node_modules/vite/dist/node/chunks/config.js:29000:14)
      at normalizeUrl (file:///C:/Users/timur/OneDrive/%D0%94%D0%BE%D0%BA%D1%83%D0%BC%D0%B5%D0%BD%D1%82%D1%8B/GitHub/gpss/node_modules/vite/dist/node/chunks/config.js:27123:18)
      at process.processTicksAndRejections (node:internal/process/task_queues:104:5)
      at async file:///C:/Users/timur/OneDrive/%D0%94%D0%BE%D0%BA%D1%83%D0%BC%D0%B5%D0%BD%D1%82%D1%8B/GitHub/gpss/node_modules/vite/dist/node/chunks/config.js:27181:32
      at async Promise.all (index 1)
      at async TransformPluginContext.transform (file:///C:/Users/timur/OneDrive/%D0%94%D0%BE%D0%BA%D1%83%D0%BC%D0%B5%D0%BD%D1%82%D1%8B/GitHub/gpss/node_modules/vite/dist/node/chunks/config.js:27149:4)
      at async EnvironmentPluginContainer.transform (file:///C:/Users/timur/OneDrive/%D0%94%D0%BE%D0%BA%D1%83%D0%BC%D0%B5%D0%BD%D1%82%D1%8B/GitHub/gpss/node_modules/vite/dist/node/chunks/config.js:28801:14)
      at async loadAndTransform (file:///C:/Users/timur/OneDrive/%D0%94%D0%BE%D0%BA%D1%83%D0%BC%D0%B5%D0%BD%D1%82%D1%8B/GitHub/gpss/node_modules/vite/dist/node/chunks/config.js:22670:26)
[2m13:35:21[22m [31m[1m[vite][22m[39m [31mInternal server error: Failed to resolve import "./IconButton.css" from "src/shared/ui/IconButton.tsx". Does the file exist?[39m
  Plugin: [35mvite:import-analysis[39m
  File: [36mC:/Users/timur/OneDrive/Документы/GitHub/gpss/src/shared/ui/IconButton.tsx[39m:2:7
[33m  1  |  import { jsxDEV } from "react/jsx-dev-runtime";
  2  |  import "./IconButton.css";
     |          ^
  3  |  export function IconButton({ icon, label, title, compact = false, disabled = false, onClick, children }) {
  4  |    return /* @__PURE__ */ jsxDEV([39m
      at TransformPluginContext._formatLog (file:///C:/Users/timur/OneDrive/%D0%94%D0%BE%D0%BA%D1%83%D0%BC%D0%B5%D0%BD%D1%82%D1%8B/GitHub/gpss/node_modules/vite/dist/node/chunks/config.js:29003:43)
      at TransformPluginContext.error (file:///C:/Users/timur/OneDrive/%D0%94%D0%BE%D0%BA%D1%83%D0%BC%D0%B5%D0%BD%D1%82%D1%8B/GitHub/gpss/node_modules/vite/dist/node/chunks/config.js:29000:14)
      at normalizeUrl (file:///C:/Users/timur/OneDrive/%D0%94%D0%BE%D0%BA%D1%83%D0%BC%D0%B5%D0%BD%D1%82%D1%8B/GitHub/gpss/node_modules/vite/dist/node/chunks/config.js:27123:18)
      at process.processTicksAndRejections (node:internal/process/task_queues:104:5)
      at async file:///C:/Users/timur/OneDrive/%D0%94%D0%BE%D0%BA%D1%83%D0%BC%D0%B5%D0%BD%D1%82%D1%8B/GitHub/gpss/node_modules/vite/dist/node/chunks/config.js:27181:32
      at async Promise.all (index 1)
      at async TransformPluginContext.transform (file:///C:/Users/timur/OneDrive/%D0%94%D0%BE%D0%BA%D1%83%D0%BC%D0%B5%D0%BD%D1%82%D1%8B/GitHub/gpss/node_modules/vite/dist/node/chunks/config.js:27149:4)
      at async EnvironmentPluginContainer.transform (file:///C:/Users/timur/OneDrive/%D0%94%D0%BE%D0%BA%D1%83%D0%BC%D0%B5%D0%BD%D1%82%D1%8B/GitHub/gpss/node_modules/vite/dist/node/chunks/config.js:28801:14)
      at async loadAndTransform (file:///C:/Users/timur/OneDrive/%D0%94%D0%BE%D0%BA%D1%83%D0%BC%D0%B5%D0%BD%D1%82%D1%8B/GitHub/gpss/node_modules/vite/dist/node/chunks/config.js:22670:26)
[2m13:35:21[22m [31m[1m[vite][22m[39m [31mInternal server error: Failed to resolve import "./DocumentTabs.css" from "src/widgets/desktop-shell/DocumentTabs.tsx". Does the file exist?[39m
  Plugin: [35mvite:import-analysis[39m
  File: [36mC:/Users/timur/OneDrive/Документы/GitHub/gpss/src/widgets/desktop-shell/DocumentTabs.tsx[39m:2:7
[33m  1  |  import { jsxDEV } from "react/jsx-dev-runtime";
  2  |  import "./DocumentTabs.css";
     |          ^
  3  |  const documentLabels = {
  4  |    editor: "Редактор ТЭБа",[39m
      at TransformPluginContext._formatLog (file:///C:/Users/timur/OneDrive/%D0%94%D0%BE%D0%BA%D1%83%D0%BC%D0%B5%D0%BD%D1%82%D1%8B/GitHub/gpss/node_modules/vite/dist/node/chunks/config.js:29003:43)
      at TransformPluginContext.error (file:///C:/Users/timur/OneDrive/%D0%94%D0%BE%D0%BA%D1%83%D0%BC%D0%B5%D0%BD%D1%82%D1%8B/GitHub/gpss/node_modules/vite/dist/node/chunks/config.js:29000:14)
      at normalizeUrl (file:///C:/Users/timur/OneDrive/%D0%94%D0%BE%D0%BA%D1%83%D0%BC%D0%B5%D0%BD%D1%82%D1%8B/GitHub/gpss/node_modules/vite/dist/node/chunks/config.js:27123:18)
      at process.processTicksAndRejections (node:internal/process/task_queues:104:5)
      at async file:///C:/Users/timur/OneDrive/%D0%94%D0%BE%D0%BA%D1%83%D0%BC%D0%B5%D0%BD%D1%82%D1%8B/GitHub/gpss/node_modules/vite/dist/node/chunks/config.js:27181:32
      at async Promise.all (index 1)
      at async TransformPluginContext.transform (file:///C:/Users/timur/OneDrive/%D0%94%D0%BE%D0%BA%D1%83%D0%BC%D0%B5%D0%BD%D1%82%D1%8B/GitHub/gpss/node_modules/vite/dist/node/chunks/config.js:27149:4)
      at async EnvironmentPluginContainer.transform (file:///C:/Users/timur/OneDrive/%D0%94%D0%BE%D0%BA%D1%83%D0%BC%D0%B5%D0%BD%D1%82%D1%8B/GitHub/gpss/node_modules/vite/dist/node/chunks/config.js:28801:14)
      at async loadAndTransform (file:///C:/Users/timur/OneDrive/%D0%94%D0%BE%D0%BA%D1%83%D0%BC%D0%B5%D0%BD%D1%82%D1%8B/GitHub/gpss/node_modules/vite/dist/node/chunks/config.js:22670:26)
[2m13:35:21[22m [31m[1m[vite][22m[39m [31mInternal server error: Failed to resolve import "./DocumentTabs.css" from "src/widgets/desktop-shell/DocumentTabs.tsx". Does the file exist?[39m
  Plugin: [35mvite:import-analysis[39m
  File: [36mC:/Users/timur/OneDrive/Документы/GitHub/gpss/src/widgets/desktop-shell/DocumentTabs.tsx[39m:2:7
[33m  1  |  import { jsxDEV } from "react/jsx-dev-runtime";
  2  |  import "./DocumentTabs.css";
     |          ^
  3  |  const documentLabels = {
  4  |    editor: "Редактор ТЭБа",[39m
      at TransformPluginContext._formatLog (file:///C:/Users/timur/OneDrive/%D0%94%D0%BE%D0%BA%D1%83%D0%BC%D0%B5%D0%BD%D1%82%D1%8B/GitHub/gpss/node_modules/vite/dist/node/chunks/config.js:29003:43)
      at TransformPluginContext.error (file:///C:/Users/timur/OneDrive/%D0%94%D0%BE%D0%BA%D1%83%D0%BC%D0%B5%D0%BD%D1%82%D1%8B/GitHub/gpss/node_modules/vite/dist/node/chunks/config.js:29000:14)
      at normalizeUrl (file:///C:/Users/timur/OneDrive/%D0%94%D0%BE%D0%BA%D1%83%D0%BC%D0%B5%D0%BD%D1%82%D1%8B/GitHub/gpss/node_modules/vite/dist/node/chunks/config.js:27123:18)
      at process.processTicksAndRejections (node:internal/process/task_queues:104:5)
      at async file:///C:/Users/timur/OneDrive/%D0%94%D0%BE%D0%BA%D1%83%D0%BC%D0%B5%D0%BD%D1%82%D1%8B/GitHub/gpss/node_modules/vite/dist/node/chunks/config.js:27181:32
      at async Promise.all (index 1)
      at async TransformPluginContext.transform (file:///C:/Users/timur/OneDrive/%D0%94%D0%BE%D0%BA%D1%83%D0%BC%D0%B5%D0%BD%D1%82%D1%8B/GitHub/gpss/node_modules/vite/dist/node/chunks/config.js:27149:4)
      at async EnvironmentPluginContainer.transform (file:///C:/Users/timur/OneDrive/%D0%94%D0%BE%D0%BA%D1%83%D0%BC%D0%B5%D0%BD%D1%82%D1%8B/GitHub/gpss/node_modules/vite/dist/node/chunks/config.js:28801:14)
      at async loadAndTransform (file:///C:/Users/timur/OneDrive/%D0%94%D0%BE%D0%BA%D1%83%D0%BC%D0%B5%D0%BD%D1%82%D1%8B/GitHub/gpss/node_modules/vite/dist/node/chunks/config.js:22670:26)
[2m13:35:21[22m [31m[1m[vite][22m[39m [31mInternal server error: Failed to resolve import "./TebEditorDocument.css" from "src/features/teb-editor/ui/TebEditorDocument.tsx". Does the file exist?[39m
  Plugin: [35mvite:import-analysis[39m
  File: [36mC:/Users/timur/OneDrive/Документы/GitHub/gpss/src/features/teb-editor/ui/TebEditorDocument.tsx[39m:11:7
[33m  11 |  import { PortsTab } from "./tabs/PortsTab";
  12 |  import { StatesTab } from "./tabs/StatesTab";
  13 |  import "./TebEditorDocument.css";
     |          ^
  14 |  function renderPanel(activeTab) {
  15 |    switch (activeTab) {[39m
      at TransformPluginContext._formatLog (file:///C:/Users/timur/OneDrive/%D0%94%D0%BE%D0%BA%D1%83%D0%BC%D0%B5%D0%BD%D1%82%D1%8B/GitHub/gpss/node_modules/vite/dist/node/chunks/config.js:29003:43)
      at TransformPluginContext.error (file:///C:/Users/timur/OneDrive/%D0%94%D0%BE%D0%BA%D1%83%D0%BC%D0%B5%D0%BD%D1%82%D1%8B/GitHub/gpss/node_modules/vite/dist/node/chunks/config.js:29000:14)
      at normalizeUrl (file:///C:/Users/timur/OneDrive/%D0%94%D0%BE%D0%BA%D1%83%D0%BC%D0%B5%D0%BD%D1%82%D1%8B/GitHub/gpss/node_modules/vite/dist/node/chunks/config.js:27123:18)
      at process.processTicksAndRejections (node:internal/process/task_queues:104:5)
      at async file:///C:/Users/timur/OneDrive/%D0%94%D0%BE%D0%BA%D1%83%D0%BC%D0%B5%D0%BD%D1%82%D1%8B/GitHub/gpss/node_modules/vite/dist/node/chunks/config.js:27181:32
      at async Promise.all (index 11)
      at async TransformPluginContext.transform (file:///C:/Users/timur/OneDrive/%D0%94%D0%BE%D0%BA%D1%83%D0%BC%D0%B5%D0%BD%D1%82%D1%8B/GitHub/gpss/node_modules/vite/dist/node/chunks/config.js:27149:4)
      at async EnvironmentPluginContainer.transform (file:///C:/Users/timur/OneDrive/%D0%94%D0%BE%D0%BA%D1%83%D0%BC%D0%B5%D0%BD%D1%82%D1%8B/GitHub/gpss/node_modules/vite/dist/node/chunks/config.js:28801:14)
      at async loadAndTransform (file:///C:/Users/timur/OneDrive/%D0%94%D0%BE%D0%BA%D1%83%D0%BC%D0%B5%D0%BD%D1%82%D1%8B/GitHub/gpss/node_modules/vite/dist/node/chunks/config.js:22670:26)
[2m13:35:21[22m [31m[1m[vite][22m[39m [31mInternal server error: Failed to resolve import "./TebEditorDocument.css" from "src/features/teb-editor/ui/TebEditorDocument.tsx". Does the file exist?[39m
  Plugin: [35mvite:import-analysis[39m
  File: [36mC:/Users/timur/OneDrive/Документы/GitHub/gpss/src/features/teb-editor/ui/TebEditorDocument.tsx[39m:11:7
[33m  11 |  import { PortsTab } from "./tabs/PortsTab";
  12 |  import { StatesTab } from "./tabs/StatesTab";
  13 |  import "./TebEditorDocument.css";
     |          ^
  14 |  function renderPanel(activeTab) {
  15 |    switch (activeTab) {[39m
      at TransformPluginContext._formatLog (file:///C:/Users/timur/OneDrive/%D0%94%D0%BE%D0%BA%D1%83%D0%BC%D0%B5%D0%BD%D1%82%D1%8B/GitHub/gpss/node_modules/vite/dist/node/chunks/config.js:29003:43)
      at TransformPluginContext.error (file:///C:/Users/timur/OneDrive/%D0%94%D0%BE%D0%BA%D1%83%D0%BC%D0%B5%D0%BD%D1%82%D1%8B/GitHub/gpss/node_modules/vite/dist/node/chunks/config.js:29000:14)
      at normalizeUrl (file:///C:/Users/timur/OneDrive/%D0%94%D0%BE%D0%BA%D1%83%D0%BC%D0%B5%D0%BD%D1%82%D1%8B/GitHub/gpss/node_modules/vite/dist/node/chunks/config.js:27123:18)
      at process.processTicksAndRejections (node:internal/process/task_queues:104:5)
      at async file:///C:/Users/timur/OneDrive/%D0%94%D0%BE%D0%BA%D1%83%D0%BC%D0%B5%D0%BD%D1%82%D1%8B/GitHub/gpss/node_modules/vite/dist/node/chunks/config.js:27181:32
      at async Promise.all (index 11)
      at async TransformPluginContext.transform (file:///C:/Users/timur/OneDrive/%D0%94%D0%BE%D0%BA%D1%83%D0%BC%D0%B5%D0%BD%D1%82%D1%8B/GitHub/gpss/node_modules/vite/dist/node/chunks/config.js:27149:4)
      at async EnvironmentPluginContainer.transform (file:///C:/Users/timur/OneDrive/%D0%94%D0%BE%D0%BA%D1%83%D0%BC%D0%B5%D0%BD%D1%82%D1%8B/GitHub/gpss/node_modules/vite/dist/node/chunks/config.js:28801:14)
      at async loadAndTransform (file:///C:/Users/timur/OneDrive/%D0%94%D0%BE%D0%BA%D1%83%D0%BC%D0%B5%D0%BD%D1%82%D1%8B/GitHub/gpss/node_modules/vite/dist/node/chunks/config.js:22670:26)
[2m13:35:21[22m [31m[1m[vite][22m[39m [31m[2m(client)[22m[39m Pre-transform error: Failed to resolve import "./EditorTabs.css" from "src/features/teb-editor/ui/EditorTabs.tsx". Does the file exist?
  Plugin: [35mvite:import-analysis[39m
  File: [36mC:/Users/timur/OneDrive/Документы/GitHub/gpss/src/features/teb-editor/ui/EditorTabs.tsx[39m:3:7
[33m  1  |  import { jsxDEV } from "react/jsx-dev-runtime";
  2  |  import { EDITOR_TABS } from "../model/constants";
  3  |  import "./EditorTabs.css";
     |          ^
  4  |  export function EditorTabs({ visibleTabs, activeTab, onSelect }) {
  5  |    return /* @__PURE__ */ jsxDEV("div", { className: "editor-tabs", role: "tablist", "aria-label": "Разделы редактора"...[39m
[2m13:35:21[22m [31m[1m[vite][22m[39m [31mInternal server error: Failed to resolve import "./StartPageDocument.css" from "src/features/teb-editor/ui/StartPageDocument.tsx". Does the file exist?[39m
  Plugin: [35mvite:import-analysis[39m
  File: [36mC:/Users/timur/OneDrive/Документы/GitHub/gpss/src/features/teb-editor/ui/StartPageDocument.tsx[39m:6:7
[33m  6  |  import exampleGas from "../../../shared/assets/start-page/example-gas.png";
  7  |  import examplePort from "../../../shared/assets/start-page/example-port.png";
  8  |  import "./StartPageDocument.css";
     |          ^
  9  |  const exampleProjects = [
  10 |    {[39m
      at TransformPluginContext._formatLog (file:///C:/Users/timur/OneDrive/%D0%94%D0%BE%D0%BA%D1%83%D0%BC%D0%B5%D0%BD%D1%82%D1%8B/GitHub/gpss/node_modules/vite/dist/node/chunks/config.js:29003:43)
      at TransformPluginContext.error (file:///C:/Users/timur/OneDrive/%D0%94%D0%BE%D0%BA%D1%83%D0%BC%D0%B5%D0%BD%D1%82%D1%8B/GitHub/gpss/node_modules/vite/dist/node/chunks/config.js:29000:14)
      at normalizeUrl (file:///C:/Users/timur/OneDrive/%D0%94%D0%BE%D0%BA%D1%83%D0%BC%D0%B5%D0%BD%D1%82%D1%8B/GitHub/gpss/node_modules/vite/dist/node/chunks/config.js:27123:18)
      at process.processTicksAndRejections (node:internal/process/task_queues:104:5)
      at async file:///C:/Users/timur/OneDrive/%D0%94%D0%BE%D0%BA%D1%83%D0%BC%D0%B5%D0%BD%D1%82%D1%8B/GitHub/gpss/node_modules/vite/dist/node/chunks/config.js:27181:32
      at async Promise.all (index 6)
      at async TransformPluginContext.transform (file:///C:/Users/timur/OneDrive/%D0%94%D0%BE%D0%BA%D1%83%D0%BC%D0%B5%D0%BD%D1%82%D1%8B/GitHub/gpss/node_modules/vite/dist/node/chunks/config.js:27149:4)
      at async EnvironmentPluginContainer.transform (file:///C:/Users/timur/OneDrive/%D0%94%D0%BE%D0%BA%D1%83%D0%BC%D0%B5%D0%BD%D1%82%D1%8B/GitHub/gpss/node_modules/vite/dist/node/chunks/config.js:28801:14)
      at async loadAndTransform (file:///C:/Users/timur/OneDrive/%D0%94%D0%BE%D0%BA%D1%83%D0%BC%D0%B5%D0%BD%D1%82%D1%8B/GitHub/gpss/node_modules/vite/dist/node/chunks/config.js:22670:26)
[2m13:35:21[22m [31m[1m[vite][22m[39m [31mInternal server error: Failed to resolve import "./StartPageDocument.css" from "src/features/teb-editor/ui/StartPageDocument.tsx". Does the file exist?[39m
  Plugin: [35mvite:import-analysis[39m
  File: [36mC:/Users/timur/OneDrive/Документы/GitHub/gpss/src/features/teb-editor/ui/StartPageDocument.tsx[39m:6:7
[33m  6  |  import exampleGas from "../../../shared/assets/start-page/example-gas.png";
  7  |  import examplePort from "../../../shared/assets/start-page/example-port.png";
  8  |  import "./StartPageDocument.css";
     |          ^
  9  |  const exampleProjects = [
  10 |    {[39m
      at TransformPluginContext._formatLog (file:///C:/Users/timur/OneDrive/%D0%94%D0%BE%D0%BA%D1%83%D0%BC%D0%B5%D0%BD%D1%82%D1%8B/GitHub/gpss/node_modules/vite/dist/node/chunks/config.js:29003:43)
      at TransformPluginContext.error (file:///C:/Users/timur/OneDrive/%D0%94%D0%BE%D0%BA%D1%83%D0%BC%D0%B5%D0%BD%D1%82%D1%8B/GitHub/gpss/node_modules/vite/dist/node/chunks/config.js:29000:14)
      at normalizeUrl (file:///C:/Users/timur/OneDrive/%D0%94%D0%BE%D0%BA%D1%83%D0%BC%D0%B5%D0%BD%D1%82%D1%8B/GitHub/gpss/node_modules/vite/dist/node/chunks/config.js:27123:18)
      at process.processTicksAndRejections (node:internal/process/task_queues:104:5)
      at async file:///C:/Users/timur/OneDrive/%D0%94%D0%BE%D0%BA%D1%83%D0%BC%D0%B5%D0%BD%D1%82%D1%8B/GitHub/gpss/node_modules/vite/dist/node/chunks/config.js:27181:32
      at async Promise.all (index 6)
      at async TransformPluginContext.transform (file:///C:/Users/timur/OneDrive/%D0%94%D0%BE%D0%BA%D1%83%D0%BC%D0%B5%D0%BD%D1%82%D1%8B/GitHub/gpss/node_modules/vite/dist/node/chunks/config.js:27149:4)
      at async EnvironmentPluginContainer.transform (file:///C:/Users/timur/OneDrive/%D0%94%D0%BE%D0%BA%D1%83%D0%BC%D0%B5%D0%BD%D1%82%D1%8B/GitHub/gpss/node_modules/vite/dist/node/chunks/config.js:28801:14)
      at async loadAndTransform (file:///C:/Users/timur/OneDrive/%D0%94%D0%BE%D0%BA%D1%83%D0%BC%D0%B5%D0%BD%D1%82%D1%8B/GitHub/gpss/node_modules/vite/dist/node/chunks/config.js:22670:26)
[2m13:35:21[22m [31m[1m[vite][22m[39m [31mInternal server error: Failed to resolve import "./BaseDocument.css" from "src/features/teb-editor/ui/SchemeDocument.tsx". Does the file exist?[39m
  Plugin: [35mvite:import-analysis[39m
  File: [36mC:/Users/timur/OneDrive/Документы/GitHub/gpss/src/features/teb-editor/ui/SchemeDocument.tsx[39m:3:7
[33m  3  |  import { IconButton } from "../../../shared/ui/IconButton";
  4  |  import { useTebEditorStore } from "../store/useTebEditorStore";
  5  |  import "./BaseDocument.css";
     |          ^
  6  |  import "./SchemeDocument.css";
  7  |  export function SchemeDocument() {[39m
      at TransformPluginContext._formatLog (file:///C:/Users/timur/OneDrive/%D0%94%D0%BE%D0%BA%D1%83%D0%BC%D0%B5%D0%BD%D1%82%D1%8B/GitHub/gpss/node_modules/vite/dist/node/chunks/config.js:29003:43)
      at TransformPluginContext.error (file:///C:/Users/timur/OneDrive/%D0%94%D0%BE%D0%BA%D1%83%D0%BC%D0%B5%D0%BD%D1%82%D1%8B/GitHub/gpss/node_modules/vite/dist/node/chunks/config.js:29000:14)
      at normalizeUrl (file:///C:/Users/timur/OneDrive/%D0%94%D0%BE%D0%BA%D1%83%D0%BC%D0%B5%D0%BD%D1%82%D1%8B/GitHub/gpss/node_modules/vite/dist/node/chunks/config.js:27123:18)
      at process.processTicksAndRejections (node:internal/process/task_queues:104:5)
      at async file:///C:/Users/timur/OneDrive/%D0%94%D0%BE%D0%BA%D1%83%D0%BC%D0%B5%D0%BD%D1%82%D1%8B/GitHub/gpss/node_modules/vite/dist/node/chunks/config.js:27181:32
      at async Promise.all (index 3)
      at async TransformPluginContext.transform (file:///C:/Users/timur/OneDrive/%D0%94%D0%BE%D0%BA%D1%83%D0%BC%D0%B5%D0%BD%D1%82%D1%8B/GitHub/gpss/node_modules/vite/dist/node/chunks/config.js:27149:4)
      at async EnvironmentPluginContainer.transform (file:///C:/Users/timur/OneDrive/%D0%94%D0%BE%D0%BA%D1%83%D0%BC%D0%B5%D0%BD%D1%82%D1%8B/GitHub/gpss/node_modules/vite/dist/node/chunks/config.js:28801:14)
      at async loadAndTransform (file:///C:/Users/timur/OneDrive/%D0%94%D0%BE%D0%BA%D1%83%D0%BC%D0%B5%D0%BD%D1%82%D1%8B/GitHub/gpss/node_modules/vite/dist/node/chunks/config.js:22670:26)
[2m13:35:21[22m [31m[1m[vite][22m[39m [31mInternal server error: Failed to resolve import "./BaseDocument.css" from "src/features/teb-editor/ui/SchemeDocument.tsx". Does the file exist?[39m
  Plugin: [35mvite:import-analysis[39m
  File: [36mC:/Users/timur/OneDrive/Документы/GitHub/gpss/src/features/teb-editor/ui/SchemeDocument.tsx[39m:3:7
[33m  3  |  import { IconButton } from "../../../shared/ui/IconButton";
  4  |  import { useTebEditorStore } from "../store/useTebEditorStore";
  5  |  import "./BaseDocument.css";
     |          ^
  6  |  import "./SchemeDocument.css";
  7  |  export function SchemeDocument() {[39m
      at TransformPluginContext._formatLog (file:///C:/Users/timur/OneDrive/%D0%94%D0%BE%D0%BA%D1%83%D0%BC%D0%B5%D0%BD%D1%82%D1%8B/GitHub/gpss/node_modules/vite/dist/node/chunks/config.js:29003:43)
      at TransformPluginContext.error (file:///C:/Users/timur/OneDrive/%D0%94%D0%BE%D0%BA%D1%83%D0%BC%D0%B5%D0%BD%D1%82%D1%8B/GitHub/gpss/node_modules/vite/dist/node/chunks/config.js:29000:14)
      at normalizeUrl (file:///C:/Users/timur/OneDrive/%D0%94%D0%BE%D0%BA%D1%83%D0%BC%D0%B5%D0%BD%D1%82%D1%8B/GitHub/gpss/node_modules/vite/dist/node/chunks/config.js:27123:18)
      at process.processTicksAndRejections (node:internal/process/task_queues:104:5)
      at async file:///C:/Users/timur/OneDrive/%D0%94%D0%BE%D0%BA%D1%83%D0%BC%D0%B5%D0%BD%D1%82%D1%8B/GitHub/gpss/node_modules/vite/dist/node/chunks/config.js:27181:32
      at async Promise.all (index 3)
      at async TransformPluginContext.transform (file:///C:/Users/timur/OneDrive/%D0%94%D0%BE%D0%BA%D1%83%D0%BC%D0%B5%D0%BD%D1%82%D1%8B/GitHub/gpss/node_modules/vite/dist/node/chunks/config.js:27149:4)
      at async EnvironmentPluginContainer.transform (file:///C:/Users/timur/OneDrive/%D0%94%D0%BE%D0%BA%D1%83%D0%BC%D0%B5%D0%BD%D1%82%D1%8B/GitHub/gpss/node_modules/vite/dist/node/chunks/config.js:28801:14)
      at async loadAndTransform (file:///C:/Users/timur/OneDrive/%D0%94%D0%BE%D0%BA%D1%83%D0%BC%D0%B5%D0%BD%D1%82%D1%8B/GitHub/gpss/node_modules/vite/dist/node/chunks/config.js:22670:26)
[2m13:35:21[22m [31m[1m[vite][22m[39m [31m[2m(client)[22m[39m Pre-transform error: Failed to resolve import "./IconButton.css" from "src/shared/ui/IconButton.tsx". Does the file exist?
  Plugin: [35mvite:import-analysis[39m
  File: [36mC:/Users/timur/OneDrive/Документы/GitHub/gpss/src/shared/ui/IconButton.tsx[39m:2:7
[33m  1  |  import { jsxDEV } from "react/jsx-dev-runtime";
  2  |  import "./IconButton.css";
     |          ^
  3  |  export function IconButton({ icon, label, title, compact = false, disabled = false, onClick, children }) {
  4  |    return /* @__PURE__ */ jsxDEV([39m
[2m13:35:21[22m [31m[1m[vite][22m[39m [31mInternal server error: Failed to resolve import "./BaseDocument.css" from "src/features/teb-editor/ui/StandardReportDocument.tsx". Does the file exist?[39m
  Plugin: [35mvite:import-analysis[39m
  File: [36mC:/Users/timur/OneDrive/Документы/GitHub/gpss/src/features/teb-editor/ui/StandardReportDocument.tsx[39m:4:7
[33m  4  |  import { IconButton } from "../../../shared/ui/IconButton";
  5  |  import { useTebEditorStore } from "../store/useTebEditorStore";
  6  |  import "./BaseDocument.css";
     |          ^
  7  |  import "./StandardReportDocument.css";
  8  |  export function StandardReportDocument() {[39m
      at TransformPluginContext._formatLog (file:///C:/Users/timur/OneDrive/%D0%94%D0%BE%D0%BA%D1%83%D0%BC%D0%B5%D0%BD%D1%82%D1%8B/GitHub/gpss/node_modules/vite/dist/node/chunks/config.js:29003:43)
      at TransformPluginContext.error (file:///C:/Users/timur/OneDrive/%D0%94%D0%BE%D0%BA%D1%83%D0%BC%D0%B5%D0%BD%D1%82%D1%8B/GitHub/gpss/node_modules/vite/dist/node/chunks/config.js:29000:14)
      at normalizeUrl (file:///C:/Users/timur/OneDrive/%D0%94%D0%BE%D0%BA%D1%83%D0%BC%D0%B5%D0%BD%D1%82%D1%8B/GitHub/gpss/node_modules/vite/dist/node/chunks/config.js:27123:18)
      at process.processTicksAndRejections (node:internal/process/task_queues:104:5)
      at async file:///C:/Users/timur/OneDrive/%D0%94%D0%BE%D0%BA%D1%83%D0%BC%D0%B5%D0%BD%D1%82%D1%8B/GitHub/gpss/node_modules/vite/dist/node/chunks/config.js:27181:32
      at async Promise.all (index 4)
      at async TransformPluginContext.transform (file:///C:/Users/timur/OneDrive/%D0%94%D0%BE%D0%BA%D1%83%D0%BC%D0%B5%D0%BD%D1%82%D1%8B/GitHub/gpss/node_modules/vite/dist/node/chunks/config.js:27149:4)
      at async EnvironmentPluginContainer.transform (file:///C:/Users/timur/OneDrive/%D0%94%D0%BE%D0%BA%D1%83%D0%BC%D0%B5%D0%BD%D1%82%D1%8B/GitHub/gpss/node_modules/vite/dist/node/chunks/config.js:28801:14)
      at async loadAndTransform (file:///C:/Users/timur/OneDrive/%D0%94%D0%BE%D0%BA%D1%83%D0%BC%D0%B5%D0%BD%D1%82%D1%8B/GitHub/gpss/node_modules/vite/dist/node/chunks/config.js:22670:26)
[2m13:35:21[22m [31m[1m[vite][22m[39m [31mInternal server error: Failed to resolve import "./BaseDocument.css" from "src/features/teb-editor/ui/StandardReportDocument.tsx". Does the file exist?[39m
  Plugin: [35mvite:import-analysis[39m
  File: [36mC:/Users/timur/OneDrive/Документы/GitHub/gpss/src/features/teb-editor/ui/StandardReportDocument.tsx[39m:4:7
[33m  4  |  import { IconButton } from "../../../shared/ui/IconButton";
  5  |  import { useTebEditorStore } from "../store/useTebEditorStore";
  6  |  import "./BaseDocument.css";
     |          ^
  7  |  import "./StandardReportDocument.css";
  8  |  export function StandardReportDocument() {[39m
      at TransformPluginContext._formatLog (file:///C:/Users/timur/OneDrive/%D0%94%D0%BE%D0%BA%D1%83%D0%BC%D0%B5%D0%BD%D1%82%D1%8B/GitHub/gpss/node_modules/vite/dist/node/chunks/config.js:29003:43)
      at TransformPluginContext.error (file:///C:/Users/timur/OneDrive/%D0%94%D0%BE%D0%BA%D1%83%D0%BC%D0%B5%D0%BD%D1%82%D1%8B/GitHub/gpss/node_modules/vite/dist/node/chunks/config.js:29000:14)
      at normalizeUrl (file:///C:/Users/timur/OneDrive/%D0%94%D0%BE%D0%BA%D1%83%D0%BC%D0%B5%D0%BD%D1%82%D1%8B/GitHub/gpss/node_modules/vite/dist/node/chunks/config.js:27123:18)
      at process.processTicksAndRejections (node:internal/process/task_queues:104:5)
      at async file:///C:/Users/timur/OneDrive/%D0%94%D0%BE%D0%BA%D1%83%D0%BC%D0%B5%D0%BD%D1%82%D1%8B/GitHub/gpss/node_modules/vite/dist/node/chunks/config.js:27181:32
      at async Promise.all (index 4)
      at async TransformPluginContext.transform (file:///C:/Users/timur/OneDrive/%D0%94%D0%BE%D0%BA%D1%83%D0%BC%D0%B5%D0%BD%D1%82%D1%8B/GitHub/gpss/node_modules/vite/dist/node/chunks/config.js:27149:4)
      at async EnvironmentPluginContainer.transform (file:///C:/Users/timur/OneDrive/%D0%94%D0%BE%D0%BA%D1%83%D0%BC%D0%B5%D0%BD%D1%82%D1%8B/GitHub/gpss/node_modules/vite/dist/node/chunks/config.js:28801:14)
      at async loadAndTransform (file:///C:/Users/timur/OneDrive/%D0%94%D0%BE%D0%BA%D1%83%D0%BC%D0%B5%D0%BD%D1%82%D1%8B/GitHub/gpss/node_modules/vite/dist/node/chunks/config.js:22670:26)
[2m13:35:21[22m [31m[1m[vite][22m[39m [31m[2m(client)[22m[39m Pre-transform error: Failed to resolve import "./IconButton.css" from "src/shared/ui/IconButton.tsx". Does the file exist?
  Plugin: [35mvite:import-analysis[39m
  File: [36mC:/Users/timur/OneDrive/Документы/GitHub/gpss/src/shared/ui/IconButton.tsx[39m:2:7
[33m  1  |  import { jsxDEV } from "react/jsx-dev-runtime";
  2  |  import "./IconButton.css";
     |          ^
  3  |  export function IconButton({ icon, label, title, compact = false, disabled = false, onClick, children }) {
  4  |    return /* @__PURE__ */ jsxDEV([39m
[2m13:35:21[22m [31m[1m[vite][22m[39m [31mInternal server error: Failed to resolve import "./BaseDocument.css" from "src/features/teb-editor/ui/ModelLogDocument.tsx". Does the file exist?[39m
  Plugin: [35mvite:import-analysis[39m
  File: [36mC:/Users/timur/OneDrive/Документы/GitHub/gpss/src/features/teb-editor/ui/ModelLogDocument.tsx[39m:3:7
[33m  3  |  import { IconButton } from "../../../shared/ui/IconButton";
  4  |  import { useTebEditorStore } from "../store/useTebEditorStore";
  5  |  import "./BaseDocument.css";
     |          ^
  6  |  import "./ModelLogDocument.css";
  7  |  export function ModelLogDocument() {[39m
      at TransformPluginContext._formatLog (file:///C:/Users/timur/OneDrive/%D0%94%D0%BE%D0%BA%D1%83%D0%BC%D0%B5%D0%BD%D1%82%D1%8B/GitHub/gpss/node_modules/vite/dist/node/chunks/config.js:29003:43)
      at TransformPluginContext.error (file:///C:/Users/timur/OneDrive/%D0%94%D0%BE%D0%BA%D1%83%D0%BC%D0%B5%D0%BD%D1%82%D1%8B/GitHub/gpss/node_modules/vite/dist/node/chunks/config.js:29000:14)
      at normalizeUrl (file:///C:/Users/timur/OneDrive/%D0%94%D0%BE%D0%BA%D1%83%D0%BC%D0%B5%D0%BD%D1%82%D1%8B/GitHub/gpss/node_modules/vite/dist/node/chunks/config.js:27123:18)
      at process.processTicksAndRejections (node:internal/process/task_queues:104:5)
      at async file:///C:/Users/timur/OneDrive/%D0%94%D0%BE%D0%BA%D1%83%D0%BC%D0%B5%D0%BD%D1%82%D1%8B/GitHub/gpss/node_modules/vite/dist/node/chunks/config.js:27181:32
      at async Promise.all (index 3)
      at async TransformPluginContext.transform (file:///C:/Users/timur/OneDrive/%D0%94%D0%BE%D0%BA%D1%83%D0%BC%D0%B5%D0%BD%D1%82%D1%8B/GitHub/gpss/node_modules/vite/dist/node/chunks/config.js:27149:4)
      at async EnvironmentPluginContainer.transform (file:///C:/Users/timur/OneDrive/%D0%94%D0%BE%D0%BA%D1%83%D0%BC%D0%B5%D0%BD%D1%82%D1%8B/GitHub/gpss/node_modules/vite/dist/node/chunks/config.js:28801:14)
      at async loadAndTransform (file:///C:/Users/timur/OneDrive/%D0%94%D0%BE%D0%BA%D1%83%D0%BC%D0%B5%D0%BD%D1%82%D1%8B/GitHub/gpss/node_modules/vite/dist/node/chunks/config.js:22670:26)
[2m13:35:21[22m [31m[1m[vite][22m[39m [31mInternal server error: Failed to resolve import "./BaseDocument.css" from "src/features/teb-editor/ui/ModelLogDocument.tsx". Does the file exist?[39m
  Plugin: [35mvite:import-analysis[39m
  File: [36mC:/Users/timur/OneDrive/Документы/GitHub/gpss/src/features/teb-editor/ui/ModelLogDocument.tsx[39m:3:7
[33m  3  |  import { IconButton } from "../../../shared/ui/IconButton";
  4  |  import { useTebEditorStore } from "../store/useTebEditorStore";
  5  |  import "./BaseDocument.css";
     |          ^
  6  |  import "./ModelLogDocument.css";
  7  |  export function ModelLogDocument() {[39m
      at TransformPluginContext._formatLog (file:///C:/Users/timur/OneDrive/%D0%94%D0%BE%D0%BA%D1%83%D0%BC%D0%B5%D0%BD%D1%82%D1%8B/GitHub/gpss/node_modules/vite/dist/node/chunks/config.js:29003:43)
      at TransformPluginContext.error (file:///C:/Users/timur/OneDrive/%D0%94%D0%BE%D0%BA%D1%83%D0%BC%D0%B5%D0%BD%D1%82%D1%8B/GitHub/gpss/node_modules/vite/dist/node/chunks/config.js:29000:14)
      at normalizeUrl (file:///C:/Users/timur/OneDrive/%D0%94%D0%BE%D0%BA%D1%83%D0%BC%D0%B5%D0%BD%D1%82%D1%8B/GitHub/gpss/node_modules/vite/dist/node/chunks/config.js:27123:18)
      at process.processTicksAndRejections (node:internal/process/task_queues:104:5)
      at async file:///C:/Users/timur/OneDrive/%D0%94%D0%BE%D0%BA%D1%83%D0%BC%D0%B5%D0%BD%D1%82%D1%8B/GitHub/gpss/node_modules/vite/dist/node/chunks/config.js:27181:32
      at async Promise.all (index 3)
      at async TransformPluginContext.transform (file:///C:/Users/timur/OneDrive/%D0%94%D0%BE%D0%BA%D1%83%D0%BC%D0%B5%D0%BD%D1%82%D1%8B/GitHub/gpss/node_modules/vite/dist/node/chunks/config.js:27149:4)
      at async EnvironmentPluginContainer.transform (file:///C:/Users/timur/OneDrive/%D0%94%D0%BE%D0%BA%D1%83%D0%BC%D0%B5%D0%BD%D1%82%D1%8B/GitHub/gpss/node_modules/vite/dist/node/chunks/config.js:28801:14)
      at async loadAndTransform (file:///C:/Users/timur/OneDrive/%D0%94%D0%BE%D0%BA%D1%83%D0%BC%D0%B5%D0%BD%D1%82%D1%8B/GitHub/gpss/node_modules/vite/dist/node/chunks/config.js:22670:26)
[2m13:35:21[22m [31m[1m[vite][22m[39m [31m[2m(client)[22m[39m Pre-transform error: Failed to resolve import "./IconButton.css" from "src/shared/ui/IconButton.tsx". Does the file exist?
  Plugin: [35mvite:import-analysis[39m
  File: [36mC:/Users/timur/OneDrive/Документы/GitHub/gpss/src/shared/ui/IconButton.tsx[39m:2:7
[33m  1  |  import { jsxDEV } from "react/jsx-dev-runtime";
  2  |  import "./IconButton.css";
     |          ^
  3  |  export function IconButton({ icon, label, title, compact = false, disabled = false, onClick, children }) {
  4  |    return /* @__PURE__ */ jsxDEV([39m
[2m13:35:21[22m [31m[1m[vite][22m[39m [31mInternal server error: Failed to resolve import "./BaseDocument.css" from "src/features/teb-editor/ui/ModelTextDocument.tsx". Does the file exist?[39m
  Plugin: [35mvite:import-analysis[39m
  File: [36mC:/Users/timur/OneDrive/Документы/GitHub/gpss/src/features/teb-editor/ui/ModelTextDocument.tsx[39m:4:7
[33m  4  |  import { IconButton } from "../../../shared/ui/IconButton";
  5  |  import { useTebEditorStore } from "../store/useTebEditorStore";
  6  |  import "./BaseDocument.css";
     |          ^
  7  |  import "./ModelTextDocument.css";
  8  |  export function ModelTextDocument() {[39m
      at TransformPluginContext._formatLog (file:///C:/Users/timur/OneDrive/%D0%94%D0%BE%D0%BA%D1%83%D0%BC%D0%B5%D0%BD%D1%82%D1%8B/GitHub/gpss/node_modules/vite/dist/node/chunks/config.js:29003:43)
      at TransformPluginContext.error (file:///C:/Users/timur/OneDrive/%D0%94%D0%BE%D0%BA%D1%83%D0%BC%D0%B5%D0%BD%D1%82%D1%8B/GitHub/gpss/node_modules/vite/dist/node/chunks/config.js:29000:14)
      at normalizeUrl (file:///C:/Users/timur/OneDrive/%D0%94%D0%BE%D0%BA%D1%83%D0%BC%D0%B5%D0%BD%D1%82%D1%8B/GitHub/gpss/node_modules/vite/dist/node/chunks/config.js:27123:18)
      at process.processTicksAndRejections (node:internal/process/task_queues:104:5)
      at async file:///C:/Users/timur/OneDrive/%D0%94%D0%BE%D0%BA%D1%83%D0%BC%D0%B5%D0%BD%D1%82%D1%8B/GitHub/gpss/node_modules/vite/dist/node/chunks/config.js:27181:32
      at async Promise.all (index 4)
      at async TransformPluginContext.transform (file:///C:/Users/timur/OneDrive/%D0%94%D0%BE%D0%BA%D1%83%D0%BC%D0%B5%D0%BD%D1%82%D1%8B/GitHub/gpss/node_modules/vite/dist/node/chunks/config.js:27149:4)
      at async EnvironmentPluginContainer.transform (file:///C:/Users/timur/OneDrive/%D0%94%D0%BE%D0%BA%D1%83%D0%BC%D0%B5%D0%BD%D1%82%D1%8B/GitHub/gpss/node_modules/vite/dist/node/chunks/config.js:28801:14)
      at async loadAndTransform (file:///C:/Users/timur/OneDrive/%D0%94%D0%BE%D0%BA%D1%83%D0%BC%D0%B5%D0%BD%D1%82%D1%8B/GitHub/gpss/node_modules/vite/dist/node/chunks/config.js:22670:26)
[2m13:35:21[22m [31m[1m[vite][22m[39m [31mInternal server error: Failed to resolve import "./BaseDocument.css" from "src/features/teb-editor/ui/ModelTextDocument.tsx". Does the file exist?[39m
  Plugin: [35mvite:import-analysis[39m
  File: [36mC:/Users/timur/OneDrive/Документы/GitHub/gpss/src/features/teb-editor/ui/ModelTextDocument.tsx[39m:4:7
[33m  4  |  import { IconButton } from "../../../shared/ui/IconButton";
  5  |  import { useTebEditorStore } from "../store/useTebEditorStore";
  6  |  import "./BaseDocument.css";
     |          ^
  7  |  import "./ModelTextDocument.css";
  8  |  export function ModelTextDocument() {[39m
      at TransformPluginContext._formatLog (file:///C:/Users/timur/OneDrive/%D0%94%D0%BE%D0%BA%D1%83%D0%BC%D0%B5%D0%BD%D1%82%D1%8B/GitHub/gpss/node_modules/vite/dist/node/chunks/config.js:29003:43)
      at TransformPluginContext.error (file:///C:/Users/timur/OneDrive/%D0%94%D0%BE%D0%BA%D1%83%D0%BC%D0%B5%D0%BD%D1%82%D1%8B/GitHub/gpss/node_modules/vite/dist/node/chunks/config.js:29000:14)
      at normalizeUrl (file:///C:/Users/timur/OneDrive/%D0%94%D0%BE%D0%BA%D1%83%D0%BC%D0%B5%D0%BD%D1%82%D1%8B/GitHub/gpss/node_modules/vite/dist/node/chunks/config.js:27123:18)
      at process.processTicksAndRejections (node:internal/process/task_queues:104:5)
      at async file:///C:/Users/timur/OneDrive/%D0%94%D0%BE%D0%BA%D1%83%D0%BC%D0%B5%D0%BD%D1%82%D1%8B/GitHub/gpss/node_modules/vite/dist/node/chunks/config.js:27181:32
      at async Promise.all (index 4)
      at async TransformPluginContext.transform (file:///C:/Users/timur/OneDrive/%D0%94%D0%BE%D0%BA%D1%83%D0%BC%D0%B5%D0%BD%D1%82%D1%8B/GitHub/gpss/node_modules/vite/dist/node/chunks/config.js:27149:4)
      at async EnvironmentPluginContainer.transform (file:///C:/Users/timur/OneDrive/%D0%94%D0%BE%D0%BA%D1%83%D0%BC%D0%B5%D0%BD%D1%82%D1%8B/GitHub/gpss/node_modules/vite/dist/node/chunks/config.js:28801:14)
      at async loadAndTransform (file:///C:/Users/timur/OneDrive/%D0%94%D0%BE%D0%BA%D1%83%D0%BC%D0%B5%D0%BD%D1%82%D1%8B/GitHub/gpss/node_modules/vite/dist/node/chunks/config.js:22670:26)
[2m13:35:21[22m [31m[1m[vite][22m[39m [31m[2m(client)[22m[39m Pre-transform error: Failed to resolve import "./IconButton.css" from "src/shared/ui/IconButton.tsx". Does the file exist?
  Plugin: [35mvite:import-analysis[39m
  File: [36mC:/Users/timur/OneDrive/Документы/GitHub/gpss/src/shared/ui/IconButton.tsx[39m:2:7
[33m  1  |  import { jsxDEV } from "react/jsx-dev-runtime";
  2  |  import "./IconButton.css";
     |          ^
  3  |  export function IconButton({ icon, label, title, compact = false, disabled = false, onClick, children }) {
  4  |    return /* @__PURE__ */ jsxDEV([39m
[2m13:35:21[22m [31m[1m[vite][22m[39m [31mInternal server error: Failed to resolve import "./EditableTable.css" from "src/shared/ui/EditableTable.tsx". Does the file exist?[39m
  Plugin: [35mvite:import-analysis[39m
  File: [36mC:/Users/timur/OneDrive/Документы/GitHub/gpss/src/shared/ui/EditableTable.tsx[39m:2:7
[33m  1  |  import { jsxDEV } from "react/jsx-dev-runtime";
  2  |  import "./EditableTable.css";
     |          ^
  3  |  export function EditableTable({ columns, rows, selectedIndex, onSelect, emptyText = "Нет данных", getRowKey }) {
  4  |    return /* @__PURE__ */ jsxDEV("div", { className: "table-shell", children: /* @__PURE__ */ jsxDEV("table", { classN...[39m
      at TransformPluginContext._formatLog (file:///C:/Users/timur/OneDrive/%D0%94%D0%BE%D0%BA%D1%83%D0%BC%D0%B5%D0%BD%D1%82%D1%8B/GitHub/gpss/node_modules/vite/dist/node/chunks/config.js:29003:43)
      at TransformPluginContext.error (file:///C:/Users/timur/OneDrive/%D0%94%D0%BE%D0%BA%D1%83%D0%BC%D0%B5%D0%BD%D1%82%D1%8B/GitHub/gpss/node_modules/vite/dist/node/chunks/config.js:29000:14)
      at normalizeUrl (file:///C:/Users/timur/OneDrive/%D0%94%D0%BE%D0%BA%D1%83%D0%BC%D0%B5%D0%BD%D1%82%D1%8B/GitHub/gpss/node_modules/vite/dist/node/chunks/config.js:27123:18)
      at process.processTicksAndRejections (node:internal/process/task_queues:104:5)
      at async file:///C:/Users/timur/OneDrive/%D0%94%D0%BE%D0%BA%D1%83%D0%BC%D0%B5%D0%BD%D1%82%D1%8B/GitHub/gpss/node_modules/vite/dist/node/chunks/config.js:27181:32
      at async Promise.all (index 1)
      at async TransformPluginContext.transform (file:///C:/Users/timur/OneDrive/%D0%94%D0%BE%D0%BA%D1%83%D0%BC%D0%B5%D0%BD%D1%82%D1%8B/GitHub/gpss/node_modules/vite/dist/node/chunks/config.js:27149:4)
      at async EnvironmentPluginContainer.transform (file:///C:/Users/timur/OneDrive/%D0%94%D0%BE%D0%BA%D1%83%D0%BC%D0%B5%D0%BD%D1%82%D1%8B/GitHub/gpss/node_modules/vite/dist/node/chunks/config.js:28801:14)
      at async loadAndTransform (file:///C:/Users/timur/OneDrive/%D0%94%D0%BE%D0%BA%D1%83%D0%BC%D0%B5%D0%BD%D1%82%D1%8B/GitHub/gpss/node_modules/vite/dist/node/chunks/config.js:22670:26)
[2m13:35:21[22m [31m[1m[vite][22m[39m [31mInternal server error: Failed to resolve import "./EditableTable.css" from "src/shared/ui/EditableTable.tsx". Does the file exist?[39m
  Plugin: [35mvite:import-analysis[39m
  File: [36mC:/Users/timur/OneDrive/Документы/GitHub/gpss/src/shared/ui/EditableTable.tsx[39m:2:7
[33m  1  |  import { jsxDEV } from "react/jsx-dev-runtime";
  2  |  import "./EditableTable.css";
     |          ^
  3  |  export function EditableTable({ columns, rows, selectedIndex, onSelect, emptyText = "Нет данных", getRowKey }) {
  4  |    return /* @__PURE__ */ jsxDEV("div", { className: "table-shell", children: /* @__PURE__ */ jsxDEV("table", { classN...[39m
      at TransformPluginContext._formatLog (file:///C:/Users/timur/OneDrive/%D0%94%D0%BE%D0%BA%D1%83%D0%BC%D0%B5%D0%BD%D1%82%D1%8B/GitHub/gpss/node_modules/vite/dist/node/chunks/config.js:29003:43)
      at TransformPluginContext.error (file:///C:/Users/timur/OneDrive/%D0%94%D0%BE%D0%BA%D1%83%D0%BC%D0%B5%D0%BD%D1%82%D1%8B/GitHub/gpss/node_modules/vite/dist/node/chunks/config.js:29000:14)
      at normalizeUrl (file:///C:/Users/timur/OneDrive/%D0%94%D0%BE%D0%BA%D1%83%D0%BC%D0%B5%D0%BD%D1%82%D1%8B/GitHub/gpss/node_modules/vite/dist/node/chunks/config.js:27123:18)
      at process.processTicksAndRejections (node:internal/process/task_queues:104:5)
      at async file:///C:/Users/timur/OneDrive/%D0%94%D0%BE%D0%BA%D1%83%D0%BC%D0%B5%D0%BD%D1%82%D1%8B/GitHub/gpss/node_modules/vite/dist/node/chunks/config.js:27181:32
      at async Promise.all (index 1)
      at async TransformPluginContext.transform (file:///C:/Users/timur/OneDrive/%D0%94%D0%BE%D0%BA%D1%83%D0%BC%D0%B5%D0%BD%D1%82%D1%8B/GitHub/gpss/node_modules/vite/dist/node/chunks/config.js:27149:4)
      at async EnvironmentPluginContainer.transform (file:///C:/Users/timur/OneDrive/%D0%94%D0%BE%D0%BA%D1%83%D0%BC%D0%B5%D0%BD%D1%82%D1%8B/GitHub/gpss/node_modules/vite/dist/node/chunks/config.js:28801:14)
      at async loadAndTransform (file:///C:/Users/timur/OneDrive/%D0%94%D0%BE%D0%BA%D1%83%D0%BC%D0%B5%D0%BD%D1%82%D1%8B/GitHub/gpss/node_modules/vite/dist/node/chunks/config.js:22670:26)
[2m13:48:16[22m [31m[1m[vite][22m[39m [31m[2m(client)[22m[39m Pre-transform error: Failed to load url /src/app/App.tsx (resolved id: C:/Users/timur/OneDrive/Документы/GitHub/gpss/src/app/App.tsx) in C:/Users/timur/OneDrive/Документы/GitHub/gpss/src/main.tsx. Does the file exist?
[2m13:50:39[22m [31m[1m[vite][22m[39m [31m[2m(client)[22m[39m Pre-transform error: Failed to resolve import "../store/useTebEditorStore" from "src/features/teb-editor/ui/StartPageDocument/StartPageDocument.tsx". Does the file exist?
  Plugin: [35mvite:import-analysis[39m
  File: [36mC:/Users/timur/OneDrive/Документы/GitHub/gpss/src/features/teb-editor/ui/StartPageDocument/StartPageDocument.tsx[39m:1:34
[33m  1  |  import { jsxDEV } from "react/jsx-dev-runtime";
  2  |  var _s = $RefreshSig$();
  3  |  import { useTebEditorStore } from "../store/useTebEditorStore";
     |                                     ^
  4  |  import exampleAgro from "../../../../shared/assets/start-page/example-agro.png";
  5  |  import exampleCanteen from "../../../../shared/assets/start-page/example-canteen.png";[39m
[2m13:50:39[22m [31m[1m[vite][22m[39m [31m[2m(client)[22m[39m Pre-transform error: Failed to resolve import "../model/constants" from "src/features/teb-editor/ui/TebEditorDocument/TebEditorDocument.tsx". Does the file exist?
  Plugin: [35mvite:import-analysis[39m
  File: [36mC:/Users/timur/OneDrive/Документы/GitHub/gpss/src/features/teb-editor/ui/TebEditorDocument/TebEditorDocument.tsx[39m:2:35
[33m  2  |  var _s = $RefreshSig$(), _s2 = $RefreshSig$();
  3  |  import { useState } from "react";
  4  |  import { visibleTabsForType } from "../model/constants";
     |                                      ^
  5  |  import { useTebEditorStore } from "../store/useTebEditorStore";
  6  |  import { EditorTabs } from "../EditorTabs/EditorTabs";[39m
[2m13:50:39[22m [31m[1m[vite][22m[39m [31mInternal server error: Failed to resolve import "../store/useTebEditorStore" from "src/features/teb-editor/ui/StartPageDocument/StartPageDocument.tsx". Does the file exist?[39m
  Plugin: [35mvite:import-analysis[39m
  File: [36mC:/Users/timur/OneDrive/Документы/GitHub/gpss/src/features/teb-editor/ui/StartPageDocument/StartPageDocument.tsx[39m:1:34
[33m  1  |  import { jsxDEV } from "react/jsx-dev-runtime";
  2  |  var _s = $RefreshSig$();
  3  |  import { useTebEditorStore } from "../store/useTebEditorStore";
     |                                     ^
  4  |  import exampleAgro from "../../../../shared/assets/start-page/example-agro.png";
  5  |  import exampleCanteen from "../../../../shared/assets/start-page/example-canteen.png";[39m
      at TransformPluginContext._formatLog (file:///C:/Users/timur/OneDrive/%D0%94%D0%BE%D0%BA%D1%83%D0%BC%D0%B5%D0%BD%D1%82%D1%8B/GitHub/gpss/node_modules/vite/dist/node/chunks/config.js:29003:43)
      at TransformPluginContext.error (file:///C:/Users/timur/OneDrive/%D0%94%D0%BE%D0%BA%D1%83%D0%BC%D0%B5%D0%BD%D1%82%D1%8B/GitHub/gpss/node_modules/vite/dist/node/chunks/config.js:29000:14)
      at normalizeUrl (file:///C:/Users/timur/OneDrive/%D0%94%D0%BE%D0%BA%D1%83%D0%BC%D0%B5%D0%BD%D1%82%D1%8B/GitHub/gpss/node_modules/vite/dist/node/chunks/config.js:27123:18)
      at process.processTicksAndRejections (node:internal/process/task_queues:104:5)
      at async file:///C:/Users/timur/OneDrive/%D0%94%D0%BE%D0%BA%D1%83%D0%BC%D0%B5%D0%BD%D1%82%D1%8B/GitHub/gpss/node_modules/vite/dist/node/chunks/config.js:27181:32
      at async Promise.all (index 1)
      at async TransformPluginContext.transform (file:///C:/Users/timur/OneDrive/%D0%94%D0%BE%D0%BA%D1%83%D0%BC%D0%B5%D0%BD%D1%82%D1%8B/GitHub/gpss/node_modules/vite/dist/node/chunks/config.js:27149:4)
      at async EnvironmentPluginContainer.transform (file:///C:/Users/timur/OneDrive/%D0%94%D0%BE%D0%BA%D1%83%D0%BC%D0%B5%D0%BD%D1%82%D1%8B/GitHub/gpss/node_modules/vite/dist/node/chunks/config.js:28801:14)
      at async loadAndTransform (file:///C:/Users/timur/OneDrive/%D0%94%D0%BE%D0%BA%D1%83%D0%BC%D0%B5%D0%BD%D1%82%D1%8B/GitHub/gpss/node_modules/vite/dist/node/chunks/config.js:22670:26)
      at async viteTransformMiddleware (file:///C:/Users/timur/OneDrive/%D0%94%D0%BE%D0%BA%D1%83%D0%BC%D0%B5%D0%BD%D1%82%D1%8B/GitHub/gpss/node_modules/vite/dist/node/chunks/config.js:24546:20)
[2m13:50:39[22m [31m[1m[vite][22m[39m [31mInternal server error: Failed to resolve import "../model/constants" from "src/features/teb-editor/ui/TebEditorDocument/TebEditorDocument.tsx". Does the file exist?[39m
  Plugin: [35mvite:import-analysis[39m
  File: [36mC:/Users/timur/OneDrive/Документы/GitHub/gpss/src/features/teb-editor/ui/TebEditorDocument/TebEditorDocument.tsx[39m:2:35
[33m  2  |  var _s = $RefreshSig$(), _s2 = $RefreshSig$();
  3  |  import { useState } from "react";
  4  |  import { visibleTabsForType } from "../model/constants";
     |                                      ^
  5  |  import { useTebEditorStore } from "../store/useTebEditorStore";
  6  |  import { EditorTabs } from "../EditorTabs/EditorTabs";[39m
      at TransformPluginContext._formatLog (file:///C:/Users/timur/OneDrive/%D0%94%D0%BE%D0%BA%D1%83%D0%BC%D0%B5%D0%BD%D1%82%D1%8B/GitHub/gpss/node_modules/vite/dist/node/chunks/config.js:29003:43)
      at TransformPluginContext.error (file:///C:/Users/timur/OneDrive/%D0%94%D0%BE%D0%BA%D1%83%D0%BC%D0%B5%D0%BD%D1%82%D1%8B/GitHub/gpss/node_modules/vite/dist/node/chunks/config.js:29000:14)
      at normalizeUrl (file:///C:/Users/timur/OneDrive/%D0%94%D0%BE%D0%BA%D1%83%D0%BC%D0%B5%D0%BD%D1%82%D1%8B/GitHub/gpss/node_modules/vite/dist/node/chunks/config.js:27123:18)
      at process.processTicksAndRejections (node:internal/process/task_queues:104:5)
      at async file:///C:/Users/timur/OneDrive/%D0%94%D0%BE%D0%BA%D1%83%D0%BC%D0%B5%D0%BD%D1%82%D1%8B/GitHub/gpss/node_modules/vite/dist/node/chunks/config.js:27181:32
      at async Promise.all (index 2)
      at async TransformPluginContext.transform (file:///C:/Users/timur/OneDrive/%D0%94%D0%BE%D0%BA%D1%83%D0%BC%D0%B5%D0%BD%D1%82%D1%8B/GitHub/gpss/node_modules/vite/dist/node/chunks/config.js:27149:4)
      at async EnvironmentPluginContainer.transform (file:///C:/Users/timur/OneDrive/%D0%94%D0%BE%D0%BA%D1%83%D0%BC%D0%B5%D0%BD%D1%82%D1%8B/GitHub/gpss/node_modules/vite/dist/node/chunks/config.js:28801:14)
      at async loadAndTransform (file:///C:/Users/timur/OneDrive/%D0%94%D0%BE%D0%BA%D1%83%D0%BC%D0%B5%D0%BD%D1%82%D1%8B/GitHub/gpss/node_modules/vite/dist/node/chunks/config.js:22670:26)
      at async viteTransformMiddleware (file:///C:/Users/timur/OneDrive/%D0%94%D0%BE%D0%BA%D1%83%D0%BC%D0%B5%D0%BD%D1%82%D1%8B/GitHub/gpss/node_modules/vite/dist/node/chunks/config.js:24546:20)
[2m13:50:39[22m [31m[1m[vite][22m[39m [31mInternal server error: Failed to resolve import "../store/useTebEditorStore" from "src/features/teb-editor/ui/StartPageDocument/StartPageDocument.tsx". Does the file exist?[39m
  Plugin: [35mvite:import-analysis[39m
  File: [36mC:/Users/timur/OneDrive/Документы/GitHub/gpss/src/features/teb-editor/ui/StartPageDocument/StartPageDocument.tsx[39m:1:34
[33m  1  |  import { jsxDEV } from "react/jsx-dev-runtime";
  2  |  var _s = $RefreshSig$();
  3  |  import { useTebEditorStore } from "../store/useTebEditorStore";
     |                                     ^
  4  |  import exampleAgro from "../../../../shared/assets/start-page/example-agro.png";
  5  |  import exampleCanteen from "../../../../shared/assets/start-page/example-canteen.png";[39m
      at TransformPluginContext._formatLog (file:///C:/Users/timur/OneDrive/%D0%94%D0%BE%D0%BA%D1%83%D0%BC%D0%B5%D0%BD%D1%82%D1%8B/GitHub/gpss/node_modules/vite/dist/node/chunks/config.js:29003:43)
      at TransformPluginContext.error (file:///C:/Users/timur/OneDrive/%D0%94%D0%BE%D0%BA%D1%83%D0%BC%D0%B5%D0%BD%D1%82%D1%8B/GitHub/gpss/node_modules/vite/dist/node/chunks/config.js:29000:14)
      at normalizeUrl (file:///C:/Users/timur/OneDrive/%D0%94%D0%BE%D0%BA%D1%83%D0%BC%D0%B5%D0%BD%D1%82%D1%8B/GitHub/gpss/node_modules/vite/dist/node/chunks/config.js:27123:18)
      at process.processTicksAndRejections (node:internal/process/task_queues:104:5)
      at async file:///C:/Users/timur/OneDrive/%D0%94%D0%BE%D0%BA%D1%83%D0%BC%D0%B5%D0%BD%D1%82%D1%8B/GitHub/gpss/node_modules/vite/dist/node/chunks/config.js:27181:32
      at async Promise.all (index 1)
      at async TransformPluginContext.transform (file:///C:/Users/timur/OneDrive/%D0%94%D0%BE%D0%BA%D1%83%D0%BC%D0%B5%D0%BD%D1%82%D1%8B/GitHub/gpss/node_modules/vite/dist/node/chunks/config.js:27149:4)
      at async EnvironmentPluginContainer.transform (file:///C:/Users/timur/OneDrive/%D0%94%D0%BE%D0%BA%D1%83%D0%BC%D0%B5%D0%BD%D1%82%D1%8B/GitHub/gpss/node_modules/vite/dist/node/chunks/config.js:28801:14)
      at async loadAndTransform (file:///C:/Users/timur/OneDrive/%D0%94%D0%BE%D0%BA%D1%83%D0%BC%D0%B5%D0%BD%D1%82%D1%8B/GitHub/gpss/node_modules/vite/dist/node/chunks/config.js:22670:26)
      at async viteTransformMiddleware (file:///C:/Users/timur/OneDrive/%D0%94%D0%BE%D0%BA%D1%83%D0%BC%D0%B5%D0%BD%D1%82%D1%8B/GitHub/gpss/node_modules/vite/dist/node/chunks/config.js:24546:20)
[2m13:50:39[22m [31m[1m[vite][22m[39m [31mInternal server error: Failed to resolve import "../model/constants" from "src/features/teb-editor/ui/TebEditorDocument/TebEditorDocument.tsx". Does the file exist?[39m
  Plugin: [35mvite:import-analysis[39m
  File: [36mC:/Users/timur/OneDrive/Документы/GitHub/gpss/src/features/teb-editor/ui/TebEditorDocument/TebEditorDocument.tsx[39m:2:35
[33m  2  |  var _s = $RefreshSig$(), _s2 = $RefreshSig$();
  3  |  import { useState } from "react";
  4  |  import { visibleTabsForType } from "../model/constants";
     |                                      ^
  5  |  import { useTebEditorStore } from "../store/useTebEditorStore";
  6  |  import { EditorTabs } from "../EditorTabs/EditorTabs";[39m
      at TransformPluginContext._formatLog (file:///C:/Users/timur/OneDrive/%D0%94%D0%BE%D0%BA%D1%83%D0%BC%D0%B5%D0%BD%D1%82%D1%8B/GitHub/gpss/node_modules/vite/dist/node/chunks/config.js:29003:43)
      at TransformPluginContext.error (file:///C:/Users/timur/OneDrive/%D0%94%D0%BE%D0%BA%D1%83%D0%BC%D0%B5%D0%BD%D1%82%D1%8B/GitHub/gpss/node_modules/vite/dist/node/chunks/config.js:29000:14)
      at normalizeUrl (file:///C:/Users/timur/OneDrive/%D0%94%D0%BE%D0%BA%D1%83%D0%BC%D0%B5%D0%BD%D1%82%D1%8B/GitHub/gpss/node_modules/vite/dist/node/chunks/config.js:27123:18)
      at process.processTicksAndRejections (node:internal/process/task_queues:104:5)
      at async file:///C:/Users/timur/OneDrive/%D0%94%D0%BE%D0%BA%D1%83%D0%BC%D0%B5%D0%BD%D1%82%D1%8B/GitHub/gpss/node_modules/vite/dist/node/chunks/config.js:27181:32
      at async Promise.all (index 2)
      at async TransformPluginContext.transform (file:///C:/Users/timur/OneDrive/%D0%94%D0%BE%D0%BA%D1%83%D0%BC%D0%B5%D0%BD%D1%82%D1%8B/GitHub/gpss/node_modules/vite/dist/node/chunks/config.js:27149:4)
      at async EnvironmentPluginContainer.transform (file:///C:/Users/timur/OneDrive/%D0%94%D0%BE%D0%BA%D1%83%D0%BC%D0%B5%D0%BD%D1%82%D1%8B/GitHub/gpss/node_modules/vite/dist/node/chunks/config.js:28801:14)
      at async loadAndTransform (file:///C:/Users/timur/OneDrive/%D0%94%D0%BE%D0%BA%D1%83%D0%BC%D0%B5%D0%BD%D1%82%D1%8B/GitHub/gpss/node_modules/vite/dist/node/chunks/config.js:22670:26)
      at async viteTransformMiddleware (file:///C:/Users/timur/OneDrive/%D0%94%D0%BE%D0%BA%D1%83%D0%BC%D0%B5%D0%BD%D1%82%D1%8B/GitHub/gpss/node_modules/vite/dist/node/chunks/config.js:24546:20)
[2m14:23:05[22m [31m[1m[vite][22m[39m [31mInternal server error: C:\Users\timur\OneDrive\Документы\GitHub\gpss\src\widgets\desktop-shell\Ribbon\Ribbon.tsx: Unexpected character '“'. (244:5)

[0m [90m 242 |[31m
 [90m 243 |[31m   [36mconst[31m ribbonGroupsByTab[33m:[31m [33mRecord[31m[33m<[31m[33mRibbonTabId[31m[33m,[31m [33mRibbonGroup[31m[][33m>[31m [33m=[31m {
[31m[1m>[22m[31m[90m 244 |[31m     [33mР“Р»Р°РІРЅР°СЏ[31m[33m:[31m [
 [90m     |[31m      [31m[1m^[22m[31m
 [90m 245 |[31m       {
 [90m 246 |[31m         title[33m:[31m [32m'РџСЂРѕРµРєС‚С‹'[31m[33m,[31m
 [90m 247 |[31m         commands[33m:[31m [[0m[39m
  Plugin: [35mvite:react-babel[39m
  File: [36mC:/Users/timur/OneDrive/Документы/GitHub/gpss/src/widgets/desktop-shell/Ribbon/Ribbon.tsx[39m:244:5
[33m  242 |  
  243 |    const ribbonGroupsByTab: Record<RibbonTabId, RibbonGroup[]> = {
  244 |      Р“Р»Р°РІРЅР°СЏ: [
      |       ^
  245 |        {
  246 |          title: 'РџСЂРѕРµРєС‚С‹',[39m
      at constructor (C:\Users\timur\OneDrive\Документы\GitHub\gpss\node_modules\@babel\parser\lib\index.js:365:19)
      at TypeScriptParserMixin.raise (C:\Users\timur\OneDrive\Документы\GitHub\gpss\node_modules\@babel\parser\lib\index.js:6599:19)
      at TypeScriptParserMixin.getTokenFromCode (C:\Users\timur\OneDrive\Документы\GitHub\gpss\node_modules\@babel\parser\lib\index.js:6306:16)
      at TypeScriptParserMixin.getTokenFromCode (C:\Users\timur\OneDrive\Документы\GitHub\gpss\node_modules\@babel\parser\lib\index.js:4797:11)
      at TypeScriptParserMixin.getTokenFromCode (C:\Users\timur\OneDrive\Документы\GitHub\gpss\node_modules\@babel\parser\lib\index.js:9987:11)
      at TypeScriptParserMixin.nextToken (C:\Users\timur\OneDrive\Документы\GitHub\gpss\node_modules\@babel\parser\lib\index.js:5782:10)
      at TypeScriptParserMixin.next (C:\Users\timur\OneDrive\Документы\GitHub\gpss\node_modules\@babel\parser\lib\index.js:5692:10)
      at TypeScriptParserMixin.parseIdentifierName (C:\Users\timur\OneDrive\Документы\GitHub\gpss\node_modules\@babel\parser\lib\index.js:12213:10)
      at TypeScriptParserMixin.parseIdentifier (C:\Users\timur\OneDrive\Документы\GitHub\gpss\node_modules\@babel\parser\lib\index.js:12181:23)
      at TypeScriptParserMixin.parsePropertyName (C:\Users\timur\OneDrive\Документы\GitHub\gpss\node_modules\@babel\parser\lib\index.js:11994:20)
      at TypeScriptParserMixin.parsePropertyDefinition (C:\Users\timur\OneDrive\Документы\GitHub\gpss\node_modules\@babel\parser\lib\index.js:11889:10)
      at TypeScriptParserMixin.parseObjectLike (C:\Users\timur\OneDrive\Документы\GitHub\gpss\node_modules\@babel\parser\lib\index.js:11832:21)
      at TypeScriptParserMixin.parseExprAtom (C:\Users\timur\OneDrive\Документы\GitHub\gpss\node_modules\@babel\parser\lib\index.js:11339:23)
      at TypeScriptParserMixin.parseExprAtom (C:\Users\timur\OneDrive\Документы\GitHub\gpss\node_modules\@babel\parser\lib\index.js:4764:20)
      at TypeScriptParserMixin.parseExprSubscripts (C:\Users\timur\OneDrive\Документы\GitHub\gpss\node_modules\@babel\parser\lib\index.js:11081:23)
      at TypeScriptParserMixin.parseUpdate (C:\Users\timur\OneDrive\Документы\GitHub\gpss\node_modules\@babel\parser\lib\index.js:11066:21)
      at TypeScriptParserMixin.parseMaybeUnary (C:\Users\timur\OneDrive\Документы\GitHub\gpss\node_modules\@babel\parser\lib\index.js:11046:23)
      at TypeScriptParserMixin.parseMaybeUnary (C:\Users\timur\OneDrive\Документы\GitHub\gpss\node_modules\@babel\parser\lib\index.js:9837:18)
      at TypeScriptParserMixin.parseMaybeUnaryOrPrivate (C:\Users\timur\OneDrive\Документы\GitHub\gpss\node_modules\@babel\parser\lib\index.js:10899:61)
      at TypeScriptParserMixin.parseExprOps (C:\Users\timur\OneDrive\Документы\GitHub\gpss\node_modules\@babel\parser\lib\index.js:10904:23)
      at TypeScriptParserMixin.parseMaybeConditional (C:\Users\timur\OneDrive\Документы\GitHub\gpss\node_modules\@babel\parser\lib\index.js:10881:23)
      at TypeScriptParserMixin.parseMaybeAssign (C:\Users\timur\OneDrive\Документы\GitHub\gpss\node_modules\@babel\parser\lib\index.js:10831:21)
      at TypeScriptParserMixin.parseMaybeAssign (C:\Users\timur\OneDrive\Документы\GitHub\gpss\node_modules\@babel\parser\lib\index.js:9786:20)
      at C:\Users\timur\OneDrive\Документы\GitHub\gpss\node_modules\@babel\parser\lib\index.js:10800:39
      at TypeScriptParserMixin.allowInAnd (C:\Users\timur\OneDrive\Документы\GitHub\gpss\node_modules\@babel\parser\lib\index.js:12421:16)
      at TypeScriptParserMixin.parseMaybeAssignAllowIn (C:\Users\timur\OneDrive\Документы\GitHub\gpss\node_modules\@babel\parser\lib\index.js:10800:17)
      at TypeScriptParserMixin.parseVar (C:\Users\timur\OneDrive\Документы\GitHub\gpss\node_modules\@babel\parser\lib\index.js:13384:91)
      at TypeScriptParserMixin.parseVarStatement (C:\Users\timur\OneDrive\Документы\GitHub\gpss\node_modules\@babel\parser\lib\index.js:13230:10)
      at TypeScriptParserMixin.parseVarStatement (C:\Users\timur\OneDrive\Документы\GitHub\gpss\node_modules\@babel\parser\lib\index.js:9408:31)
      at TypeScriptParserMixin.parseStatementContent (C:\Users\timur\OneDrive\Документы\GitHub\gpss\node_modules\@babel\parser\lib\index.js:12851:23)
      at TypeScriptParserMixin.parseStatementContent (C:\Users\timur\OneDrive\Документы\GitHub\gpss\node_modules\@babel\parser\lib\index.js:9508:18)
      at TypeScriptParserMixin.parseStatementLike (C:\Users\timur\OneDrive\Документы\GitHub\gpss\node_modules\@babel\parser\lib\index.js:12767:17)
      at TypeScriptParserMixin.parseStatementListItem (C:\Users\timur\OneDrive\Документы\GitHub\gpss\node_modules\@babel\parser\lib\index.js:12747:17)
      at TypeScriptParserMixin.parseBlockOrModuleBlockBody (C:\Users\timur\OneDrive\Документы\GitHub\gpss\node_modules\@babel\parser\lib\index.js:13316:61)
      at TypeScriptParserMixin.parseBlockBody (C:\Users\timur\OneDrive\Документы\GitHub\gpss\node_modules\@babel\parser\lib\index.js:13309:10)
      at TypeScriptParserMixin.parseBlock (C:\Users\timur\OneDrive\Документы\GitHub\gpss\node_modules\@babel\parser\lib\index.js:13297:10)
      at TypeScriptParserMixin.parseFunctionBody (C:\Users\timur\OneDrive\Документы\GitHub\gpss\node_modules\@babel\parser\lib\index.js:12100:24)
      at TypeScriptParserMixin.parseFunctionBodyAndFinish (C:\Users\timur\OneDrive\Документы\GitHub\gpss\node_modules\@babel\parser\lib\index.js:12086:10)
      at TypeScriptParserMixin.parseFunctionBodyAndFinish (C:\Users\timur\OneDrive\Документы\GitHub\gpss\node_modules\@babel\parser\lib\index.js:9172:18)
      at C:\Users\timur\OneDrive\Документы\GitHub\gpss\node_modules\@babel\parser\lib\index.js:13445:12
      at TypeScriptParserMixin.withSmartMixTopicForbiddingContext (C:\Users\timur\OneDrive\Документы\GitHub\gpss\node_modules\@babel\parser\lib\index.js:12403:14)
      at TypeScriptParserMixin.parseFunction (C:\Users\timur\OneDrive\Документы\GitHub\gpss\node_modules\@babel\parser\lib\index.js:13444:10)
      at TypeScriptParserMixin.parseFunctionStatement (C:\Users\timur\OneDrive\Документы\GitHub\gpss\node_modules\@babel\parser\lib\index.js:13125:17)
      at TypeScriptParserMixin.parseStatementContent (C:\Users\timur\OneDrive\Документы\GitHub\gpss\node_modules\@babel\parser\lib\index.js:12791:21)
      at TypeScriptParserMixin.parseStatementContent (C:\Users\timur\OneDrive\Документы\GitHub\gpss\node_modules\@babel\parser\lib\index.js:9508:18)
      at TypeScriptParserMixin.parseStatementLike (C:\Users\timur\OneDrive\Документы\GitHub\gpss\node_modules\@babel\parser\lib\index.js:12767:17)
      at TypeScriptParserMixin.parseStatementListItem (C:\Users\timur\OneDrive\Документы\GitHub\gpss\node_modules\@babel\parser\lib\index.js:12747:17)
      at TypeScriptParserMixin.parseExportDeclaration (C:\Users\timur\OneDrive\Документы\GitHub\gpss\node_modules\@babel\parser\lib\index.js:13934:17)
      at TypeScriptParserMixin.parseExportDeclaration (C:\Users\timur\OneDrive\Документы\GitHub\gpss\node_modules\@babel\parser\lib\index.js:9629:85)
      at TypeScriptParserMixin.maybeParseExportDeclaration (C:\Users\timur\OneDrive\Документы\GitHub\gpss\node_modules\@babel\parser\lib\index.js:13893:31)
[2m14:23:05[22m [31m[1m[vite][22m[39m [31mInternal server error: C:\Users\timur\OneDrive\Документы\GitHub\gpss\src\widgets\desktop-shell\Ribbon\Ribbon.tsx: Unexpected character '“'. (244:5)

[0m [90m 242 |[31m
 [90m 243 |[31m   [36mconst[31m ribbonGroupsByTab[33m:[31m [33mRecord[31m[33m<[31m[33mRibbonTabId[31m[33m,[31m [33mRibbonGroup[31m[][33m>[31m [33m=[31m {
[31m[1m>[22m[31m[90m 244 |[31m     [33mР“Р»Р°РІРЅР°СЏ[31m[33m:[31m [
 [90m     |[31m      [31m[1m^[22m[31m
 [90m 245 |[31m       {
 [90m 246 |[31m         title[33m:[31m [32m'РџСЂРѕРµРєС‚С‹'[31m[33m,[31m
 [90m 247 |[31m         commands[33m:[31m [[0m[39m
  Plugin: [35mvite:react-babel[39m
  File: [36mC:/Users/timur/OneDrive/Документы/GitHub/gpss/src/widgets/desktop-shell/Ribbon/Ribbon.tsx[39m:244:5
[33m  242 |  
  243 |    const ribbonGroupsByTab: Record<RibbonTabId, RibbonGroup[]> = {
  244 |      Р“Р»Р°РІРЅР°СЏ: [
      |       ^
  245 |        {
  246 |          title: 'РџСЂРѕРµРєС‚С‹',[39m
      at constructor (C:\Users\timur\OneDrive\Документы\GitHub\gpss\node_modules\@babel\parser\lib\index.js:365:19)
      at TypeScriptParserMixin.raise (C:\Users\timur\OneDrive\Документы\GitHub\gpss\node_modules\@babel\parser\lib\index.js:6599:19)
      at TypeScriptParserMixin.getTokenFromCode (C:\Users\timur\OneDrive\Документы\GitHub\gpss\node_modules\@babel\parser\lib\index.js:6306:16)
      at TypeScriptParserMixin.getTokenFromCode (C:\Users\timur\OneDrive\Документы\GitHub\gpss\node_modules\@babel\parser\lib\index.js:4797:11)
      at TypeScriptParserMixin.getTokenFromCode (C:\Users\timur\OneDrive\Документы\GitHub\gpss\node_modules\@babel\parser\lib\index.js:9987:11)
      at TypeScriptParserMixin.nextToken (C:\Users\timur\OneDrive\Документы\GitHub\gpss\node_modules\@babel\parser\lib\index.js:5782:10)
      at TypeScriptParserMixin.next (C:\Users\timur\OneDrive\Документы\GitHub\gpss\node_modules\@babel\parser\lib\index.js:5692:10)
      at TypeScriptParserMixin.parseIdentifierName (C:\Users\timur\OneDrive\Документы\GitHub\gpss\node_modules\@babel\parser\lib\index.js:12213:10)
      at TypeScriptParserMixin.parseIdentifier (C:\Users\timur\OneDrive\Документы\GitHub\gpss\node_modules\@babel\parser\lib\index.js:12181:23)
      at TypeScriptParserMixin.parsePropertyName (C:\Users\timur\OneDrive\Документы\GitHub\gpss\node_modules\@babel\parser\lib\index.js:11994:20)
      at TypeScriptParserMixin.parsePropertyDefinition (C:\Users\timur\OneDrive\Документы\GitHub\gpss\node_modules\@babel\parser\lib\index.js:11889:10)
      at TypeScriptParserMixin.parseObjectLike (C:\Users\timur\OneDrive\Документы\GitHub\gpss\node_modules\@babel\parser\lib\index.js:11832:21)
      at TypeScriptParserMixin.parseExprAtom (C:\Users\timur\OneDrive\Документы\GitHub\gpss\node_modules\@babel\parser\lib\index.js:11339:23)
      at TypeScriptParserMixin.parseExprAtom (C:\Users\timur\OneDrive\Документы\GitHub\gpss\node_modules\@babel\parser\lib\index.js:4764:20)
      at TypeScriptParserMixin.parseExprSubscripts (C:\Users\timur\OneDrive\Документы\GitHub\gpss\node_modules\@babel\parser\lib\index.js:11081:23)
      at TypeScriptParserMixin.parseUpdate (C:\Users\timur\OneDrive\Документы\GitHub\gpss\node_modules\@babel\parser\lib\index.js:11066:21)
      at TypeScriptParserMixin.parseMaybeUnary (C:\Users\timur\OneDrive\Документы\GitHub\gpss\node_modules\@babel\parser\lib\index.js:11046:23)
      at TypeScriptParserMixin.parseMaybeUnary (C:\Users\timur\OneDrive\Документы\GitHub\gpss\node_modules\@babel\parser\lib\index.js:9837:18)
      at TypeScriptParserMixin.parseMaybeUnaryOrPrivate (C:\Users\timur\OneDrive\Документы\GitHub\gpss\node_modules\@babel\parser\lib\index.js:10899:61)
      at TypeScriptParserMixin.parseExprOps (C:\Users\timur\OneDrive\Документы\GitHub\gpss\node_modules\@babel\parser\lib\index.js:10904:23)
      at TypeScriptParserMixin.parseMaybeConditional (C:\Users\timur\OneDrive\Документы\GitHub\gpss\node_modules\@babel\parser\lib\index.js:10881:23)
      at TypeScriptParserMixin.parseMaybeAssign (C:\Users\timur\OneDrive\Документы\GitHub\gpss\node_modules\@babel\parser\lib\index.js:10831:21)
      at TypeScriptParserMixin.parseMaybeAssign (C:\Users\timur\OneDrive\Документы\GitHub\gpss\node_modules\@babel\parser\lib\index.js:9786:20)
      at C:\Users\timur\OneDrive\Документы\GitHub\gpss\node_modules\@babel\parser\lib\index.js:10800:39
      at TypeScriptParserMixin.allowInAnd (C:\Users\timur\OneDrive\Документы\GitHub\gpss\node_modules\@babel\parser\lib\index.js:12421:16)
      at TypeScriptParserMixin.parseMaybeAssignAllowIn (C:\Users\timur\OneDrive\Документы\GitHub\gpss\node_modules\@babel\parser\lib\index.js:10800:17)
      at TypeScriptParserMixin.parseVar (C:\Users\timur\OneDrive\Документы\GitHub\gpss\node_modules\@babel\parser\lib\index.js:13384:91)
      at TypeScriptParserMixin.parseVarStatement (C:\Users\timur\OneDrive\Документы\GitHub\gpss\node_modules\@babel\parser\lib\index.js:13230:10)
      at TypeScriptParserMixin.parseVarStatement (C:\Users\timur\OneDrive\Документы\GitHub\gpss\node_modules\@babel\parser\lib\index.js:9408:31)
      at TypeScriptParserMixin.parseStatementContent (C:\Users\timur\OneDrive\Документы\GitHub\gpss\node_modules\@babel\parser\lib\index.js:12851:23)
      at TypeScriptParserMixin.parseStatementContent (C:\Users\timur\OneDrive\Документы\GitHub\gpss\node_modules\@babel\parser\lib\index.js:9508:18)
      at TypeScriptParserMixin.parseStatementLike (C:\Users\timur\OneDrive\Документы\GitHub\gpss\node_modules\@babel\parser\lib\index.js:12767:17)
      at TypeScriptParserMixin.parseStatementListItem (C:\Users\timur\OneDrive\Документы\GitHub\gpss\node_modules\@babel\parser\lib\index.js:12747:17)
      at TypeScriptParserMixin.parseBlockOrModuleBlockBody (C:\Users\timur\OneDrive\Документы\GitHub\gpss\node_modules\@babel\parser\lib\index.js:13316:61)
      at TypeScriptParserMixin.parseBlockBody (C:\Users\timur\OneDrive\Документы\GitHub\gpss\node_modules\@babel\parser\lib\index.js:13309:10)
      at TypeScriptParserMixin.parseBlock (C:\Users\timur\OneDrive\Документы\GitHub\gpss\node_modules\@babel\parser\lib\index.js:13297:10)
      at TypeScriptParserMixin.parseFunctionBody (C:\Users\timur\OneDrive\Документы\GitHub\gpss\node_modules\@babel\parser\lib\index.js:12100:24)
      at TypeScriptParserMixin.parseFunctionBodyAndFinish (C:\Users\timur\OneDrive\Документы\GitHub\gpss\node_modules\@babel\parser\lib\index.js:12086:10)
      at TypeScriptParserMixin.parseFunctionBodyAndFinish (C:\Users\timur\OneDrive\Документы\GitHub\gpss\node_modules\@babel\parser\lib\index.js:9172:18)
      at C:\Users\timur\OneDrive\Документы\GitHub\gpss\node_modules\@babel\parser\lib\index.js:13445:12
      at TypeScriptParserMixin.withSmartMixTopicForbiddingContext (C:\Users\timur\OneDrive\Документы\GitHub\gpss\node_modules\@babel\parser\lib\index.js:12403:14)
      at TypeScriptParserMixin.parseFunction (C:\Users\timur\OneDrive\Документы\GitHub\gpss\node_modules\@babel\parser\lib\index.js:13444:10)
      at TypeScriptParserMixin.parseFunctionStatement (C:\Users\timur\OneDrive\Документы\GitHub\gpss\node_modules\@babel\parser\lib\index.js:13125:17)
      at TypeScriptParserMixin.parseStatementContent (C:\Users\timur\OneDrive\Документы\GitHub\gpss\node_modules\@babel\parser\lib\index.js:12791:21)
      at TypeScriptParserMixin.parseStatementContent (C:\Users\timur\OneDrive\Документы\GitHub\gpss\node_modules\@babel\parser\lib\index.js:9508:18)
      at TypeScriptParserMixin.parseStatementLike (C:\Users\timur\OneDrive\Документы\GitHub\gpss\node_modules\@babel\parser\lib\index.js:12767:17)
      at TypeScriptParserMixin.parseStatementListItem (C:\Users\timur\OneDrive\Документы\GitHub\gpss\node_modules\@babel\parser\lib\index.js:12747:17)
      at TypeScriptParserMixin.parseExportDeclaration (C:\Users\timur\OneDrive\Документы\GitHub\gpss\node_modules\@babel\parser\lib\index.js:13934:17)
      at TypeScriptParserMixin.parseExportDeclaration (C:\Users\timur\OneDrive\Документы\GitHub\gpss\node_modules\@babel\parser\lib\index.js:9629:85)
      at TypeScriptParserMixin.maybeParseExportDeclaration (C:\Users\timur\OneDrive\Документы\GitHub\gpss\node_modules\@babel\parser\lib\index.js:13893:31)
[2m14:23:18[22m [31m[1m[vite][22m[39m [31m[2m(client)[22m[39m Pre-transform error: C:\Users\timur\OneDrive\Документы\GitHub\gpss\src\widgets\desktop-shell\Ribbon\Ribbon.tsx: Unexpected character '“'. (244:5)

[0m [90m 242 |[39m
 [90m 243 |[39m   [36mconst[39m ribbonGroupsByTab[33m:[39m [33mRecord[39m[33m<[39m[33mRibbonTabId[39m[33m,[39m [33mRibbonGroup[39m[][33m>[39m [33m=[39m {
[31m[1m>[22m[39m[90m 244 |[39m     [33mР“Р»Р°РІРЅР°СЏ[39m[33m:[39m [
 [90m     |[39m      [31m[1m^[22m[39m
 [90m 245 |[39m       {
 [90m 246 |[39m         title[33m:[39m [32m'РџСЂРѕРµРєС‚С‹'[39m[33m,[39m
 [90m 247 |[39m         commands[33m:[39m [[0m
  Plugin: [35mvite:react-babel[39m
  File: [36mC:/Users/timur/OneDrive/Документы/GitHub/gpss/src/widgets/desktop-shell/Ribbon/Ribbon.tsx[39m:244:5
[33m  242 |  
  243 |    const ribbonGroupsByTab: Record<RibbonTabId, RibbonGroup[]> = {
  244 |      Р“Р»Р°РІРЅР°СЏ: [
      |       ^
  245 |        {
  246 |          title: 'РџСЂРѕРµРєС‚С‹',[39m
